Source Item Code,Source / product name,FnB inventory identities in group,Proposed canonical inventoryItemId,Canonical product name,Canonical selection reason,Superseded identities,May source-row presence,June source-row presence,Physical locations represented,Physical location names,Count lines to repoint,External-mapping coverage,Material pack/UOM compatibility,Expected valuation delta
0033076,twinning tea english bkfst,3,761c22ae-11d0-46f4-a0eb-0bdf471a441f,TWINNING TEA ENGLISH BKFST,decided on downstream references (13 vs 4),2,Yes,Yes,3,cafe | dry storeroom | halfway house,0,1 mapping record(s) across 1 of 3 identity/identities; sibling records=0,Compatible; 1 candidate pack/UOM signature(s); source UOM=ea; source case qty=6,$0.00
0049066,italian sausage rope,2,b3348d0d-8906-4237-a5db-4acea5ca08d3,Italian sausage rope,decided on downstream references (11 vs 4),1,Yes,Yes,2,main freezer | main walk in,0,1 mapping record(s) across 1 of 2 identity/identities; sibling records=0,Compatible; 1 candidate pack/UOM signature(s); source UOM=lb; source case qty=2,$0.00
0079634,canned black beans,2,5931a746-0274-4854-9482-878c58b62e2c,Canned Black Beans,decided on downstream references (13 vs 5),1,Yes,Yes,2,cafe | dry storeroom,1,1 mapping record(s) across 1 of 2 identity/identities; sibling records=0,Compatible; 1 candidate pack/UOM signature(s); source UOM=kg; source case qty=6,$0.00
008025,oreo pieces,3,164c94b1-04e9-44c9-98b4-32c7c39355d2,Oreo - Pieces,decided on downstream references (14 vs 5),2,Yes,Yes,3,dry storeroom | main kitchen | pool cafe,1,1 mapping record(s) across 1 of 3 identity/identities; sibling records=0,Compatible; 1 candidate pack/UOM signature(s); source UOM=lb; source case qty=4,$0.00
0091522,butter balls,4,ee666452-a66b-4e50-931c-214f77abc577,Butter Balls,decided on downstream references (19 vs 5),3,Yes,Yes,4,bay window | cafe | main freezer | main kitchen,1,1 mapping record(s) across 1 of 4 identity/identities; sibling records=0,Compatible; 1 candidate pack/UOM signature(s); source UOM=lb; source case qty=3,$0.00
0103293,roll spitzweck,3,c7e1ce3e-a56e-46df-bdc0-f6152ff5a852,ROLL  SPITZWECK,decided on downstream references (15 vs 5),2,Yes,Yes,3,bay window | front reach in freezer | main freezer,1,1 mapping record(s) across 1 of 3 identity/identities; sibling records=0,Compatible; 1 candidate pack/UOM signature(s); source UOM=ea; source case qty=240,$0.00
01084e-x,brioche buns,5,f640d917-27bb-4e5d-8928-f43ab19642b5,Brioche Buns,decided on downstream references (23 vs 5),4,Yes,Yes,5,bay window | bread reach in | cafe | main freezer | main kitchen,3,1 mapping record(s) across 1 of 5 identity/identities; sibling records=0,Compatible; 1 candidate pack/UOM signature(s); source UOM=ea; source case qty=1,$0.00
0128298,soy milk,2,26dcb90d-badb-44ad-b1c2-f131a9044712,Soy Milk,decided on downstream references (12 vs 4),1,Yes,Yes,2,main kitchen | main walk in,0,1 mapping record(s) across 1 of 2 identity/identities; sibling records=0,Compatible; 1 candidate pack/UOM signature(s); source UOM=oz; source case qty=12,$0.00
0138818,juice lemon,4,8adde073-e877-4dc7-b337-af6dce2c8c57,Juice - Lemon,decided on downstream references (20 vs 5),3,Yes,Yes,4,bay window | cafe | dry storeroom | main walk in,2,1 mapping record(s) across 1 of 4 identity/identities; sibling records=0,Compatible; 1 candidate pack/UOM signature(s); source UOM=gal; source case qty=4,$0.00
018090,sugar individual,5,dd36cd2a-2024-41f4-bea0-cda24c0e0e26,Sugar - Individual,decided on downstream references (24 vs 5),4,Yes,Yes,5,bay window | dry storeroom | halfway house | main kitchen | mens locker room,3,1 mapping record(s) across 1 of 5 identity/identities; sibling records=0,Compatible; 1 candidate pack/UOM signature(s); source UOM=not supplied; source case qty=not supplied,$0.00
02-12210,beef ribeye,4,37cc2574-0ced-497d-8bed-02f97e9726be,Beef - Ribeye,decided on downstream references (10 vs 8),3,Yes,No,4,bay window | main freezer | main walk in | produce walk in,3,2 mapping record(s) across 1 of 4 identity/identities; sibling records=0,Compatible; 1 candidate pack/UOM signature(s); source UOM=lb; source case qty=1,$0.00
024154,snickers,4,125b53b3-a0ab-4792-b3c0-0b2dd4605277,Snickers,decided on downstream references (18 vs 5),3,Yes,Yes,4,beverage carts | dry storeroom | halfway house | pool cafe,2,1 mapping record(s) across 1 of 4 identity/identities; sibling records=0,Compatible; 1 candidate pack/UOM signature(s); source UOM=ea; source case qty=1,$0.00
0285348,beef brisket corned raw,3,46d412c3-6ffb-4f46-88cb-732fcbfeb219,Beef - Brisket Corned - Raw,decided on downstream references (14 vs 5),2,Yes,Yes,3,front reach in freezer | main freezer | main walk in,1,1 mapping record(s) across 1 of 3 identity/identities; sibling records=0,Compatible; 1 candidate pack/UOM signature(s); source UOM=lb; source case qty=1,$0.00
03165,focaccia 2 75 half sheetpan,3,b7bdf9ab-3cf6-484b-95c8-f19d98cc2de9,FOCACCIA 2.75# HALF SHEETPAN,decided on downstream references (16 vs 5),2,Yes,Yes,3,bay window | bread reach in | main freezer,1,1 mapping record(s) across 1 of 3 identity/identities; sibling records=0,Compatible; 1 candidate pack/UOM signature(s); source UOM=lb; source case qty=1,$0.00
0335259,almond milk 32oz,2,3967fb10-e324-4a4d-a9f9-1de571d77d1b,Almond milk 32oz,decided on downstream references (11 vs 4),1,Yes,Yes,2,main kitchen | main walk in,0,1 mapping record(s) across 1 of 2 identity/identities; sibling records=0,Compatible; 1 candidate pack/UOM signature(s); source UOM=ea; source case qty=1,$0.00
0358608,creamers half and half ind,4,aac3207d-d97f-4e63-8d50-8ed82a78640e,Creamers Half and Half ind.,decided on downstream references (9 vs 8),3,Yes,No,4,bay window | dry storeroom | main kitchen | mens locker room,5,2 mapping record(s) across 1 of 4 identity/identities; sibling records=0,Compatible; 1 candidate pack/UOM signature(s); source UOM=ea; source case qty=1,$0.00
038075,grits,2,faadfd43-e899-48f6-b1f4-c59bb04300b5,Grits,decided on downstream references (13 vs 5),1,Yes,Yes,2,dry storeroom | main kitchen,1,1 mapping record(s) across 1 of 2 identity/identities; sibling records=0,Compatible; 1 candidate pack/UOM signature(s); source UOM=lb; source case qty=8,$0.00
040080,cracker lahvosh white 15,2,cd8f109c-7a60-401e-9c22-005e4455b463,"CRACKER LAHVOSH WHITE 15""",decided on downstream references (13 vs 5),1,Yes,Yes,2,bay window | dry storeroom,1,1 mapping record(s) across 1 of 2 identity/identities; sibling records=0,Compatible; 1 candidate pack/UOM signature(s); source UOM=ea; source case qty=5,$0.00
044057,cracker oyster,3,d2cfa091-8fa3-43d7-b8cb-42fe17a1c6bf,Cracker - Oyster,decided on downstream references (10 vs 8),2,Yes,No,3,bay window | dry storeroom | halfway house,4,2 mapping record(s) across 1 of 3 identity/identities; sibling records=0,Compatible; 1 candidate pack/UOM signature(s); source UOM=ea; source case qty=1,$0.00
0458275,salt sea flake,2,422bd899-7712-4226-a051-b1f4a52020d1,SALT SEA Flake,decided on downstream references (12 vs 4),1,Yes,Yes,2,dry storeroom | pastry shop,0,1 mapping record(s) across 1 of 2 identity/identities; sibling records=0,Compatible; 1 candidate pack/UOM signature(s); source UOM=kg; source case qty=1,$0.00
052078,peppers jalapeno sliced,3,6de4f19d-916d-431c-9554-ba06720bdc58,Peppers - Jalapeno Sliced,decided on downstream references (10 vs 8),2,No,Yes,3,dry storeroom | halfway house | main walk in,4,2 mapping record(s) across 1 of 3 identity/identities; sibling records=0,Compatible; 1 candidate pack/UOM signature(s); source UOM=gal; source case qty=1,$0.00
054111,sambal,2,0bbb2c19-db5d-4fa2-af91-48383557339e,Sambal,decided on downstream references (12 vs 5),1,Yes,Yes,2,dry storeroom | main walk in,1,1 mapping record(s) across 1 of 2 identity/identities; sibling records=0,Compatible; 1 candidate pack/UOM signature(s); source UOM=oz; source case qty=1,$0.00
0553170,steak salisbury pty,2,e632e20d-da28-4f42-868f-156fb9a8997b,STEAK SALISBURY PTY,decided on downstream references (10 vs 4),1,Yes,Yes,2,main freezer | main walk in,0,1 mapping record(s) across 1 of 2 identity/identities; sibling records=0,Compatible; 1 candidate pack/UOM signature(s); source UOM=lb; source case qty=1,$0.00
056055,bbq kc masterpeice,4,dea0059b-ed56-4e45-9771-b21401859509,BBQ KC Masterpeice,decided on downstream references (21 vs 5),3,Yes,Yes,4,bay window | cafe | dry storeroom | main walk in,3,1 mapping record(s) across 1 of 4 identity/identities; sibling records=0,Compatible; 1 candidate pack/UOM signature(s); source UOM=gal; source case qty=4,$0.00
0566838,beef ground,3,8f679334-0ced-4fc1-a988-ef1a9d406a54,Beef - Ground,decided on downstream references (11 vs 5),2,Yes,Yes,2,main freezer | main walk in,1,1 mapping record(s) across 1 of 3 identity/identities; sibling records=0,Compatible; 1 candidate pack/UOM signature(s); source UOM=lb; source case qty=1,$0.00
0587503,pork baby back ribs,2,4598e591-e305-44e8-8c58-ec32a4f7e187,Pork - Baby Back Ribs,decided on downstream references (17 vs 4),1,Yes,Yes,3,bay window | main freezer | main walk in,0,1 mapping record(s) across 1 of 2 identity/identities; sibling records=0,Compatible; 1 candidate pack/UOM signature(s); source UOM=lb; source case qty=1,$0.00
062017,lambruscum,2,763651d8-5116-4d4a-b889-1f391933dcea,LAMBRUSCUM,decided on downstream references (13 vs 4),1,Yes,Yes,2,dry storeroom | main kitchen,0,1 mapping record(s) across 1 of 2 identity/identities; sibling records=0,Compatible; 1 candidate pack/UOM signature(s); source UOM=gal; source case qty=4,$0.00
0651828,balsamic glaze,3,5a64bb42-b113-4e47-95eb-a7a0a9ad9747,Balsamic Glaze,decided on downstream references (16 vs 5),2,Yes,Yes,3,cafe | dry storeroom | main kitchen,2,1 mapping record(s) across 1 of 3 identity/identities; sibling records=0,Compatible; 1 candidate pack/UOM signature(s); source UOM=ea; source case qty=1,$0.00
0698118,cheese gorgonzola,3,4db778e5-9194-4cf0-923c-2a36df06038f,Cheese - Gorgonzola,decided on downstream references (16 vs 5),2,Yes,Yes,3,cafe | main walk in | produce walk in,1,1 mapping record(s) across 1 of 3 identity/identities; sibling records=0,Compatible; 1 candidate pack/UOM signature(s); source UOM=lb; source case qty=2,$0.00
07-85275,beef chuck flap,2,1ea52049-d8f6-404a-87a4-59fa26e055a0,Beef - Chuck Flap,decided on downstream references (10 vs 7),1,Yes,No,2,main freezer | main walk in,1,2 mapping record(s) across 1 of 2 identity/identities; sibling records=0,Compatible; 1 candidate pack/UOM signature(s); source UOM=lb; source case qty=1,$0.00
09-71510,beef eye of round,2,655a9caf-fd42-47cc-8717-00ab5f532864,Beef - Eye of Round,decided on existing historical use (1 vs 0),1,No,Yes,2,main freezer | main walk in,0,2 mapping record(s) across 1 of 2 identity/identities; sibling records=2,Compatible; 1 candidate pack/UOM signature(s); source UOM=lb; source case qty=1,$0.00
09-85275,beef chuck flap,2,1ea52049-d8f6-404a-87a4-59fa26e055a0,Beef - Chuck Flap,decided on downstream references (10 vs 7),1,No,Yes,2,main freezer | main walk in,1,2 mapping record(s) across 1 of 2 identity/identities; sibling records=0,Compatible; 1 candidate pack/UOM signature(s); source UOM=lb; source case qty=1,$0.00
098193,red bull energy drink,4,6c0b2215-8f29-415f-a616-52331eab905b,RED BULL ENERGY DRINK,decided on downstream references (19 vs 5),3,Yes,Yes,4,dry storeroom | grill room | halfway house | mens locker room,2,1 mapping record(s) across 1 of 4 identity/identities; sibling records=0,Compatible; 1 candidate pack/UOM signature(s); source UOM=ea; source case qty=24,$0.00
1000065,chocolate white,2,3cbb8340-994f-479b-b477-6334bd9b7211,Chocolate - White,decided on downstream references (13 vs 5),1,Yes,Yes,2,dry storeroom | pastry shop,1,1 mapping record(s) across 1 of 2 identity/identities; sibling records=0,Compatible; 1 candidate pack/UOM signature(s); source UOM=ea; source case qty=3,$0.00
10015502,tomato fried green,2,d6b9afdd-34f1-4c1a-a6e6-8fa897724b58,Tomato Fried Green,decided on downstream references (10 vs 7),1,Yes,No,2,main freezer | main kitchen,1,2 mapping record(s) across 1 of 2 identity/identities; sibling records=0,Compatible; 1 candidate pack/UOM signature(s); source UOM=lb; source case qty=6,$0.00
100156,san pellegrino,3,92b794c3-677f-48ab-865c-f18b9e6568ac,San Pellegrino,decided on downstream references (10 vs 8),2,Yes,No,3,bay window | dry storeroom | main kitchen,2,2 mapping record(s) across 1 of 3 identity/identities; sibling records=0,Compatible; 1 candidate pack/UOM signature(s); source UOM=not supplied; source case qty=not supplied,$0.00
100160,san pellegrino,3,92b794c3-677f-48ab-865c-f18b9e6568ac,San Pellegrino,decided on downstream references (10 vs 8),2,No,Yes,3,bay window | dry storeroom | main kitchen,2,2 mapping record(s) across 1 of 3 identity/identities; sibling records=0,Compatible; 1 candidate pack/UOM signature(s); source UOM=ea; source case qty=1,$0.00
10019742,pepperoni,3,83aa01b3-047a-430d-99f3-5b462d3bab1d,Pepperoni,decided on downstream references (16 vs 5),2,Yes,Yes,3,bay window | cafe | main walk in,1,1 mapping record(s) across 1 of 3 identity/identities; sibling records=0,Compatible; 1 candidate pack/UOM signature(s); source UOM=lb; source case qty=2,$0.00
10048,miller lite bottled,9,1a3adfe2-5d6b-42ee-afa3-b67e380215a7,Miller - Lite - Bottled,decided on downstream references (39 vs 5),8,Yes,Yes,9,bay window bar | beer cage | beverage carts | grill room | halfway house | liquor cage | member lounge | mens locker room | pool cafe,7,1 mapping record(s) across 1 of 9 identity/identities; sibling records=0,Compatible; 1 candidate pack/UOM signature(s); source UOM=ea; source case qty=2,$0.00
1005909,canadian bacon,2,6a3abbca-fd1b-4522-bcbc-10050ae5460e,Canadian Bacon,decided on downstream references (9 vs 8),1,Yes,No,2,main freezer | main walk in,2,2 mapping record(s) across 1 of 2 identity/identities; sibling records=0,Compatible; 1 candidate pack/UOM signature(s); source UOM=lb; source case qty=1,$0.00
10061871,tofu firm,2,cf36d2dc-9c7f-4460-bd12-42c40715ce69,Tofu - Firm,decided on downstream references (12 vs 4),1,Yes,Yes,2,front reach in freezer | main freezer,0,1 mapping record(s) across 1 of 2 identity/identities; sibling records=0,Compatible; 1 candidate pack/UOM signature(s); source UOM=oz; source case qty=12,$0.00
10081562,cheese blue crumbled,2,c730e4bb-49a1-4916-bdb2-266b414b61e2,Cheese - Blue Crumbled,decided on downstream references (13 vs 5),1,Yes,Yes,2,bay window | produce walk in,1,1 mapping record(s) across 1 of 2 identity/identities; sibling records=0,Compatible; 1 candidate pack/UOM signature(s); source UOM=lb; source case qty=2,$0.00
10084228,tortilla chip,3,52c71db2-e46d-4458-942a-788672cd233d,Tortilla Chip,decided on downstream references (15 vs 5),2,Yes,Yes,3,cafe | dry storeroom | pool cafe,2,1 mapping record(s) across 1 of 3 identity/identities; sibling records=0,Compatible; 1 candidate pack/UOM signature(s); source UOM=lb; source case qty=1,$0.00
10111126,rice noodle,2,d98800aa-cf94-4f8a-8d45-ee6198f5d808,Rice Noodle,decided on downstream references (11 vs 5),1,Yes,Yes,2,cafe | dry storeroom,1,1 mapping record(s) across 1 of 2 identity/identities; sibling records=0,Compatible; 1 candidate pack/UOM signature(s); source UOM=oz; source case qty=30,$0.00
10126,peroni bottled,5,c1bfd3ff-3401-4d65-880b-a14bf874becd,Peroni - Bottled,decided on downstream references (20 vs 5),4,Yes,Yes,5,bay window bar | grill room | liquor cage | member lounge | mens locker room,2,1 mapping record(s) across 1 of 5 identity/identities; sibling records=0,Compatible; 1 candidate pack/UOM signature(s); source UOM=ea; source case qty=6,$0.00
10130,budweiser bottled,9,63549c57-ddb1-4df7-9189-2fbb1f862905,Budweiser - Bottled,decided on downstream references (39 vs 5),8,Yes,Yes,9,bay window bar | beer cage | beverage carts | grill room | halfway house | liquor cage | member lounge | mens locker room | pool cafe,6,1 mapping record(s) across 1 of 9 identity/identities; sibling records=0,Compatible; 1 candidate pack/UOM signature(s); source UOM=ea; source case qty=1,$0.00
10130750,bagel mini,2,8f8485e0-648f-46d0-b9b8-006f62271baf,Bagel mini,decided on downstream references (12 vs 4),1,Yes,Yes,2,front reach in freezer | main freezer,0,1 mapping record(s) across 1 of 2 identity/identities; sibling records=0,Compatible; 1 candidate pack/UOM signature(s); source UOM=oz; source case qty=150,$0.00
10137744,grapefruit juice white,9,4b4da00b-28a5-4176-aa08-319da44244a0,Grapefruit juice white,decided on downstream references (35 vs 4),8,Yes,Yes,9,bay window | bay window bar | beverage carts | cafe | dry storeroom | halfway house | member lounge | mens locker room | pool cafe,0,1 mapping record(s) across 1 of 9 identity/identities; sibling records=0,Compatible; 1 candidate pack/UOM signature(s); source UOM=case; source case qty=1,$0.00
1015387,sausage link 1 oz,2,e251ef0c-1623-4f6f-9718-c06eafa1dd13,Sausage link 1 oz,decided on downstream references (12 vs 4),1,Yes,Yes,2,front reach in freezer | main freezer,0,1 mapping record(s) across 1 of 2 identity/identities; sibling records=0,Compatible; 1 candidate pack/UOM signature(s); source UOM=ea; source case qty=1,$0.00
10154293,coke ind,10,94c6fe21-b3be-4755-aa8e-3d618c1b1e9c,Coke - Ind.,decided on downstream references (9 vs 8),9,Yes,No,10,bay window | beverage carts | cafe | dry storeroom | grill room | halfway house | main kitchen | member lounge | mens locker room | pool cafe,8,2 mapping record(s) across 1 of 10 identity/identities; sibling records=0,Compatible; 1 candidate pack/UOM signature(s); source UOM=ea; source case qty=1,$0.00
10156728,sesame seed,3,412a3247-8f00-4848-84ab-81787eec4d41,Sesame Seed,decided on downstream references (17 vs 5),2,Yes,Yes,3,bay window | dry storeroom | main kitchen,2,1 mapping record(s) across 1 of 3 identity/identities; sibling records=0,Compatible; 1 candidate pack/UOM signature(s); source UOM=oz; source case qty=1,$0.00
10158,corona bottled,6,58327401-966d-4d51-8355-448d9b4c789d,Corona - Bottled,decided on downstream references (27 vs 5),5,Yes,Yes,6,bay window bar | beer cage | grill room | liquor cage | member lounge | mens locker room,4,1 mapping record(s) across 1 of 6 identity/identities; sibling records=0,Compatible; 1 candidate pack/UOM signature(s); source UOM=ea; source case qty=24,$0.00
10162,corona extra bottled,5,097fd47f-e505-4355-b0a5-4dc10c77afaf,Corona Extra - Bottled,decided on downstream references (19 vs 4),4,Yes,Yes,5,bay window bar | beverage carts | grill room | member lounge | mens locker room,0,1 mapping record(s) across 1 of 5 identity/identities; sibling records=0,Compatible; 1 candidate pack/UOM signature(s); source UOM=ea; source case qty=1,$0.00
10163,corona light bottled,5,30a1df98-8dbc-4f15-8745-fdca48cf78e0,Corona - Light - Bottled,decided on downstream references (19 vs 5),4,Yes,Yes,5,bay window bar | beer cage | grill room | member lounge | mens locker room,1,1 mapping record(s) across 1 of 5 identity/identities; sibling records=0,Compatible; 1 candidate pack/UOM signature(s); source UOM=ea; source case qty=24,$0.00
10164810,milk 2,3,e2934980-eddf-4b09-bcba-849339c9a25e,Milk - 2%,decided on downstream references (16 vs 5),2,Yes,Yes,3,bay window | main kitchen | main walk in,2,1 mapping record(s) across 1 of 3 identity/identities; sibling records=0,Compatible; 1 candidate pack/UOM signature(s); source UOM=gal; source case qty=4,$0.00
10174634,milk whole,5,fbd0d64f-0f07-47c5-b414-d6967fbbeb8b,Milk - Whole,decided on downstream references (10 vs 8),4,Yes,No,5,bay window | cafe | halfway house | main kitchen | main walk in,7,2 mapping record(s) across 1 of 5 identity/identities; sibling records=0,Compatible; 1 candidate pack/UOM signature(s); source UOM=gal; source case qty=4,$0.00
10179425,salsa,2,6359ad06-ab0b-4670-85a1-1b5dff2f2e2f,Salsa,decided on downstream references (10 vs 5),1,Yes,Yes,2,cafe | pool cafe,1,1 mapping record(s) across 1 of 2 identity/identities; sibling records=0,Compatible; 1 candidate pack/UOM signature(s); source UOM=gal; source case qty=4,$0.00
10197,blue moon belgian white bottled,6,2f6f6135-e8b4-4560-916b-03c45737155a,Blue Moon - Belgian White - Bottled,decided on downstream references (26 vs 5),5,Yes,Yes,6,bay window bar | beer cage | grill room | liquor cage | member lounge | mens locker room,4,1 mapping record(s) across 1 of 6 identity/identities; sibling records=0,Compatible; 1 candidate pack/UOM signature(s); source UOM=ea; source case qty=24,$0.00
10230,budweiser bud light bottled,9,ceaee07a-2821-4d7a-8c00-b91adf33d5e9,Budweiser - Bud Light - Bottled,decided on downstream references (38 vs 5),8,Yes,Yes,9,bay window bar | beer cage | beverage carts | grill room | halfway house | liquor cage | member lounge | mens locker room | pool cafe,7,1 mapping record(s) across 1 of 9 identity/identities; sibling records=0,Compatible; 1 candidate pack/UOM signature(s); source UOM=oz; source case qty=24,$0.00
10235,coors light canned,4,198b10eb-fae9-47ed-b621-f72247005ec5,Coors Light - Canned,decided on downstream references (20 vs 5),3,Yes,Yes,4,beer cage | beverage carts | halfway house | pool cafe,2,1 mapping record(s) across 1 of 4 identity/identities; sibling records=0,Compatible; 1 candidate pack/UOM signature(s); source UOM=ea; source case qty=24,$0.00
10290,heineken c24 12oz lse,3,8b95ce37-57c7-49a2-9233-b5aacab5ec95,HEINEKEN C24 12OZ LSE,decided on downstream references (16 vs 5),2,Yes,Yes,3,beverage carts | liquor cage | pool cafe,1,1 mapping record(s) across 1 of 3 identity/identities; sibling records=0,Compatible; 1 candidate pack/UOM signature(s); source UOM=ea; source case qty=1,$0.00
10292,heineken bottled,7,83705b90-f5c0-4fcb-bcc8-54f922a44f4f,Heineken - Bottled,decided on downstream references (31 vs 5),6,Yes,Yes,7,bay window bar | beer cage | grill room | halfway house | member lounge | mens locker room | pool cafe,5,1 mapping record(s) across 1 of 7 identity/identities; sibling records=0,Compatible; 1 candidate pack/UOM signature(s); source UOM=ea; source case qty=24,$0.00
10327,guinness bottled,9,23f30baa-fa1c-4ff2-8f46-9b09620817d8,Guinness - Bottled,decided on downstream references (39 vs 5),8,Yes,Yes,9,bay window bar | beer cage | beverage carts | grill room | halfway house | liquor cage | member lounge | mens locker room | pool cafe,7,1 mapping record(s) across 1 of 9 identity/identities; sibling records=0,Compatible; 1 candidate pack/UOM signature(s); source UOM=ea; source case qty=24,$0.00
1033141,son cutrer chard rr rnch 750ml,3,0d3f3c03-4f08-4812-82cb-8a7d5e2c40df,SON CUTRER CHARD RR RNCH 750ML,decided on downstream references (13 vs 4),2,Yes,Yes,3,bay window bar | liquor cage | member lounge,0,1 mapping record(s) across 1 of 3 identity/identities; sibling records=0,Compatible; 1 candidate pack/UOM signature(s); source UOM=not supplied; source case qty=not supplied,$0.00
10425,sam adams winter lager kegged,3,5287dd26-bb34-49dd-84e6-38969a364fec,Sam Adams - Winter Lager - Kegged,decided on downstream references (13 vs 4),2,Yes,Yes,3,bay window bar | liquor cage | mens locker room,0,1 mapping record(s) across 1 of 3 identity/identities; sibling records=0,Compatible; 1 candidate pack/UOM signature(s); source UOM=not supplied; source case qty=not supplied,$0.00
106811,fairbanks sherry 2005687,2,5fa6e859-7918-4a86-bde2-5ed105d890f4,FAIRBANKS SHERRY - 2005687,decided on downstream references (10 vs 5),1,Yes,Yes,2,liquor cage | main kitchen,1,1 mapping record(s) across 1 of 2 identity/identities; sibling records=0,Compatible; 1 candidate pack/UOM signature(s); source UOM=case; source case qty=6,$0.00
107628,the critic napa cab,5,aa5364e8-6305-4166-b6cd-8d7f3c79a5d1,THE CRITIC NAPA CAB,decided on downstream references (20 vs 5),4,Yes,Yes,5,bay window bar | grill room | liquor cage | member lounge | wine cellar,1,1 mapping record(s) across 1 of 5 identity/identities; sibling records=0,Compatible; 1 candidate pack/UOM signature(s); source UOM=not supplied; source case qty=not supplied,$0.00
10783766,puree raspberry,2,821e7d0a-b865-44e1-bafb-30c8ec1bfa31,Puree - Raspberry,decided on downstream references (10 vs 4),1,Yes,Yes,2,main freezer | pastry shop,0,1 mapping record(s) across 1 of 2 identity/identities; sibling records=0,Compatible; 1 candidate pack/UOM signature(s); source UOM=kg; source case qty=6,$0.00
11017,apples red delicious,3,20d9d5ff-55bb-4250-b60b-9d41162e514c,Apples - Red Delicious,decided on downstream references (10 vs 8),2,No,Yes,3,cafe | halfway house | produce walk in,4,2 mapping record(s) across 1 of 3 identity/identities; sibling records=0,Compatible; 1 candidate pack/UOM signature(s); source UOM=ea; source case qty=1,$0.00
112419,the macallan 18 year,4,807860fb-5cbc-4aa0-a717-e83face3a894,The Macallan - 18 Year,decided on downstream references (18 vs 5),3,Yes,Yes,4,bay window bar | liquor cage | member lounge | mens locker room,2,1 mapping record(s) across 1 of 4 identity/identities; sibling records=0,Compatible; 1 candidate pack/UOM signature(s); source UOM=not supplied; source case qty=not supplied,$0.00
11274,coors light bottled,6,daeb9758-2933-4287-b2f0-8233ba30537d,Coors Light - Bottled,decided on downstream references (27 vs 5),5,Yes,Yes,6,bay window bar | beer cage | grill room | liquor cage | member lounge | mens locker room,4,1 mapping record(s) across 1 of 6 identity/identities; sibling records=0,Compatible; 1 candidate pack/UOM signature(s); source UOM=ea; source case qty=24,$0.00
11286,bombay dry gin,6,50e936c3-3115-4cc1-b6a0-f0ebb97bf1a3,Bombay - Dry Gin,decided on downstream references (26 vs 5),5,Yes,Yes,6,bay window bar | grill room | liquor cage | member lounge | mens locker room | pool cafe,4,1 mapping record(s) across 1 of 6 identity/identities; sibling records=0,Compatible; 1 candidate pack/UOM signature(s); source UOM=lt; source case qty=12,$0.00
11291,bombay sapphire gin,6,8087b34d-0292-4bf3-9f37-bac5b86d60a0,Bombay -  Sapphire Gin,decided on downstream references (25 vs 5),5,Yes,Yes,6,bay window bar | grill room | liquor cage | member lounge | mens locker room | pool cafe,3,1 mapping record(s) across 1 of 6 identity/identities; sibling records=0,Compatible; 1 candidate pack/UOM signature(s); source UOM=lt; source case qty=12,$0.00
11455,yuengling bottled,5,346e0581-ad4b-4529-bedf-b7837ed1c9a6,Yuengling - Bottled,decided on downstream references (24 vs 5),4,Yes,Yes,5,bay window bar | beer cage | grill room | halfway house | mens locker room,3,1 mapping record(s) across 1 of 5 identity/identities; sibling records=0,Compatible; 1 candidate pack/UOM signature(s); source UOM=ea; source case qty=1,$0.00
11460,yueng lgr,4,d0f53197-c782-4287-84b8-fbfb7f0c44ae,YUENG LGR,decided on downstream references (20 vs 5),3,Yes,Yes,4,beverage carts | liquor cage | member lounge | pool cafe,3,1 mapping record(s) across 1 of 4 identity/identities; sibling records=0,Compatible; 1 candidate pack/UOM signature(s); source UOM=ea; source case qty=1,$0.00
1159946,cheese cheddar shredded,4,d857dd96-fc18-4519-b1ce-7fffe8fd9ec9,Cheese - Cheddar Shredded,decided on downstream references (20 vs 5),3,Yes,Yes,4,cafe | halfway house | main walk in | produce walk in,3,1 mapping record(s) across 1 of 4 identity/identities; sibling records=0,Compatible; 1 candidate pack/UOM signature(s); source UOM=lb; source case qty=4,$0.00
116307,fresca can,9,9bc6cae0-5a21-4047-9a45-c5e6cb3adcd9,Fresca can,decided on downstream references (35 vs 5),8,Yes,Yes,9,bay window bar | beverage carts | cafe | dry storeroom | grill room | halfway house | member lounge | mens locker room | pool cafe,3,1 mapping record(s) across 1 of 9 identity/identities; sibling records=0,Compatible; 1 candidate pack/UOM signature(s); source UOM=ea; source case qty=1,$0.00
1177847,coke zero cans,10,d8cf4276-7ecd-43fa-9bc2-dffb900cf41a,COKE ZERO CANS,decided on downstream references (38 vs 5),9,Yes,Yes,10,bay window | beverage carts | cafe | dry storeroom | grill room | halfway house | main kitchen | member lounge | mens locker room | pool cafe,3,1 mapping record(s) across 1 of 10 identity/identities; sibling records=0,Compatible; 1 candidate pack/UOM signature(s); source UOM=ea; source case qty=1,$0.00
1186253,sour cream,2,7b025987-b7be-4773-96cb-d8c386084c2c,Sour Cream,decided on downstream references (13 vs 5),1,Yes,Yes,2,cafe | main walk in,1,1 mapping record(s) across 1 of 2 identity/identities; sibling records=0,Compatible; 1 candidate pack/UOM signature(s); source UOM=lb; source case qty=4,$0.00
119791,sprite zro,9,7698780d-6820-4e3d-b839-78f39dcd0a84,SPRITE ZRO,decided on downstream references (34 vs 5),8,Yes,Yes,9,bay window | beverage carts | cafe | dry storeroom | grill room | halfway house | main kitchen | member lounge | pool cafe,3,1 mapping record(s) across 1 of 9 identity/identities; sibling records=0,Compatible; 1 candidate pack/UOM signature(s); source UOM=ea; source case qty=2,$0.00
12002,blueberries,2,cbd464c1-d8ff-4fd6-a741-f39e2e89630b,Blueberries,decided on downstream references (10 vs 8),1,Yes,No,2,cafe | produce walk in,2,2 mapping record(s) across 1 of 2 identity/identities; sibling records=0,Compatible; 1 candidate pack/UOM signature(s); source UOM=ea; source case qty=1,$0.00
12003,raspberries,2,cb417852-50d8-4b9a-9a13-c2bbd2b4f3e9,Raspberries,decided on downstream references (10 vs 8),1,Yes,No,2,bay window | produce walk in,2,2 mapping record(s) across 1 of 2 identity/identities; sibling records=0,Compatible; 1 candidate pack/UOM signature(s); source UOM=ea; source case qty=1,$0.00
12319,1800 tequila silver,3,f4f4fb48-4676-40c1-8116-f3ce173b93f2,1800 Tequila - Silver,decided on downstream references (13 vs 4),2,Yes,Yes,3,beverage carts | halfway house | liquor cage,0,1 mapping record(s) across 1 of 3 identity/identities; sibling records=0,Compatible; 1 candidate pack/UOM signature(s); source UOM=ml; source case qty=6,$0.00
12454,jose cuervo especial gold,3,7e258e42-8c8a-42c8-bcfb-65da43ece2c2,Jose Cuervo - Especial Gold,decided on downstream references (14 vs 5),2,Yes,Yes,3,liquor cage | member lounge | mens locker room,1,1 mapping record(s) across 1 of 3 identity/identities; sibling records=0,Compatible; 1 candidate pack/UOM signature(s); source UOM=not supplied; source case qty=not supplied,$0.00
125162,montes cls malbec 1514530,4,6ab101b2-74f6-4621-a8de-5e14d906de17,MONTES CLS MALBEC - 1514530,decided on downstream references (19 vs 5),3,Yes,Yes,4,grill room | liquor cage | member lounge | wine cellar,1,1 mapping record(s) across 1 of 4 identity/identities; sibling records=0,Compatible; 1 candidate pack/UOM signature(s); source UOM=not supplied; source case qty=not supplied,$0.00
1259530,peas green,2,b2cbf6c6-9d7d-4bf2-b847-390c7b3226e0,Peas - Green,decided on downstream references (12 vs 4),1,Yes,Yes,2,front reach in freezer | main freezer,0,1 mapping record(s) across 1 of 2 identity/identities; sibling records=0,Compatible; 1 candidate pack/UOM signature(s); source UOM=lb; source case qty=12,$0.00
125FRN6600,yellow mustard vol pak,3,ed4e2229-4a37-4d64-87ce-fc94f47c1efd,Yellow Mustard Vol pak,decided on downstream references (17 vs 5),2,Yes,Yes,3,bay window | cafe | dry storeroom,2,1 mapping record(s) across 1 of 3 identity/identities; sibling records=0,Compatible; 1 candidate pack/UOM signature(s); source UOM=gal; source case qty=1,$0.00
13004,lemons,5,1f1318bd-5c93-4311-986c-f014a5b9236f,Lemons,decided on downstream references (10 vs 8),4,Yes,No,5,bay window | cafe | halfway house | main kitchen | produce walk in,6,2 mapping record(s) across 1 of 5 identity/identities; sibling records=0,Compatible; 1 candidate pack/UOM signature(s); source UOM=ea; source case qty=1,$0.00
1372556,snack mix syzzlin,3,e53d2f89-3c97-47c3-aafc-b547884c16e7,SNACK MIX SYZZLIN,decided on downstream references (15 vs 5),2,Yes,Yes,3,dry storeroom | member lounge | mens locker room,1,1 mapping record(s) across 1 of 3 identity/identities; sibling records=0,Compatible; 1 candidate pack/UOM signature(s); source UOM=lb; source case qty=12,$0.00
1397819,orange mandarin,2,0d2a85e7-0443-448f-87bb-08b9bea347c3,ORANGE MANDARIN,decided on downstream references (13 vs 5),1,Yes,Yes,2,cafe | dry storeroom,1,1 mapping record(s) across 1 of 2 identity/identities; sibling records=0,Compatible; 1 candidate pack/UOM signature(s); source UOM=not supplied; source case qty=not supplied,$0.00
1435221,corn kernel,2,00f41343-d3bf-4063-8593-b7c2089c196c,Corn kernel,decided on downstream references (13 vs 5),1,Yes,Yes,2,cafe | main freezer,1,1 mapping record(s) across 1 of 2 identity/identities; sibling records=0,Compatible; 1 candidate pack/UOM signature(s); source UOM=lb; source case qty=12,$0.00
1451,palmer half n half,8,dc21b995-ce6a-43b4-a1ba-83b0f70f76e9,PALMER Half n Half,decided on downstream references (33 vs 5),7,Yes,Yes,8,bay window | beverage carts | cafe | dry storeroom | halfway house | member lounge | mens locker room | pool cafe,4,1 mapping record(s) across 1 of 8 identity/identities; sibling records=0,Compatible; 1 candidate pack/UOM signature(s); source UOM=ea; source case qty=1,$0.00
1461243,frank family chard 750ml,5,d086c5a0-6a8b-4953-9f52-af3d60cb603f,FRANK FAMILY CHARD 750ML,decided on downstream references (21 vs 4),4,Yes,Yes,5,bay window bar | grill room | liquor cage | member lounge | pool cafe,0,1 mapping record(s) across 1 of 5 identity/identities; sibling records=0,Compatible; 1 candidate pack/UOM signature(s); source UOM=not supplied; source case qty=not supplied,$0.00
15011,honeydew,2,e39df57b-3bec-435a-ab72-22bc7fe111fd,Honeydew,decided on downstream references (10 vs 8),1,Yes,No,2,cafe | produce walk in,2,2 mapping record(s) across 1 of 2 identity/identities; sibling records=0,Compatible; 1 candidate pack/UOM signature(s); source UOM=ea; source case qty=1,$0.00
15022,rolling rk lag 2 12 1,5,8d746cf9-3cc3-47f5-afea-158c26af3088,ROLLING RK LAG 2/12/1,decided on downstream references (22 vs 5),4,Yes,Yes,5,bay window bar | beer cage | liquor cage | member lounge | mens locker room,4,1 mapping record(s) across 1 of 5 identity/identities; sibling records=0,Compatible; 1 candidate pack/UOM signature(s); source UOM=ea; source case qty=2,$0.00
151935,g d marsala sc,2,9befafed-09ce-41d0-bda8-01837f533ac0,G&D MARSALA (SC),decided on downstream references (11 vs 5),1,Yes,Yes,2,dry storeroom | liquor cage,1,1 mapping record(s) across 1 of 2 identity/identities; sibling records=0,Compatible; 1 candidate pack/UOM signature(s); source UOM=not supplied; source case qty=not supplied,$0.00
15404,coffee decaf 2 5 oz,7,6396804f-3830-45e0-a478-d8e2ef1eb6c6,Coffee Decaf 2.5 oz,decided on downstream references (28 vs 5),6,Yes,Yes,7,bay window | bay window bar | dry storeroom | grill room | halfway house | main kitchen | member lounge,3,1 mapping record(s) across 1 of 7 identity/identities; sibling records=0,Compatible; 1 candidate pack/UOM signature(s); source UOM=ea; source case qty=1,$0.00
1543952,beef oxtail,2,949cdcda-af50-4225-807e-0c9af708ab4f,Beef - Oxtail,decided on downstream references (10 vs 4),1,Yes,Yes,2,main freezer | main walk in,0,1 mapping record(s) across 1 of 2 identity/identities; sibling records=0,Compatible; 1 candidate pack/UOM signature(s); source UOM=lb; source case qty=1,$0.00
157625,dekuyper amaretto,4,a717c79b-7c06-4a14-be19-30bf4dea0f74,Dekuyper - Amaretto,decided on downstream references (17 vs 5),3,Yes,Yes,4,cafe | liquor cage | member lounge | pool cafe,1,1 mapping record(s) across 1 of 4 identity/identities; sibling records=0,Compatible; 1 candidate pack/UOM signature(s); source UOM=not supplied; source case qty=not supplied,$0.00
15808,coffee 3 00z,5,41ee34a9-9424-4717-8d88-099ee2f2af82,Coffee 3.00Z,decided on downstream references (23 vs 5),4,Yes,Yes,5,bay window | dry storeroom | halfway house | main kitchen | mens locker room,3,1 mapping record(s) across 1 of 5 identity/identities; sibling records=0,Compatible; 1 candidate pack/UOM signature(s); source UOM=ea; source case qty=1,$0.00
1588304,brownie caramel slt w pretzlcr,2,5e2db037-b652-4ef3-9bff-e16bceaf141a,BROWNIE CARAMEL SLT W/PRETZLCR,decided on downstream references (12 vs 4),1,Yes,Yes,2,main freezer | pastry shop,0,1 mapping record(s) across 1 of 2 identity/identities; sibling records=0,Compatible; 1 candidate pack/UOM signature(s); source UOM=oz; source case qty=4,$0.00
16005,avocado,2,e082e92b-9e43-4526-906d-563d9be349d1,Avocado,decided on downstream references (10 vs 8),1,Yes,No,2,bay window | produce walk in,2,2 mapping record(s) across 1 of 2 identity/identities; sibling records=0,Compatible; 1 candidate pack/UOM signature(s); source UOM=ea; source case qty=1,$0.00
16021,banana,4,e350f08d-b6b5-48df-a96b-4b09d4184e82,Banana,decided on downstream references (10 vs 8),3,Yes,No,4,bay window | halfway house | main kitchen | produce walk in,5,2 mapping record(s) across 1 of 4 identity/identities; sibling records=0,Compatible; 1 candidate pack/UOM signature(s); source UOM=lb; source case qty=1,$0.00
1606490,juice orange ind,3,c4af79f6-aeff-4dca-9bfc-894829bd8b2a,JUICE ORANGE Ind.,decided on downstream references (16 vs 5),2,Yes,Yes,3,dry storeroom | grill room | halfway house,1,1 mapping record(s) across 1 of 3 identity/identities; sibling records=0,Compatible; 1 candidate pack/UOM signature(s); source UOM=ea; source case qty=1,$0.00
164006,cheese american yellow sliced,3,55d7a243-da2a-4c48-a15a-4d83964e6897,Cheese - American Yellow Sliced,decided on downstream references (10 vs 8),2,Yes,No,3,bay window | cafe | produce walk in,4,2 mapping record(s) across 1 of 3 identity/identities; sibling records=0,Compatible; 1 candidate pack/UOM signature(s); source UOM=lb; source case qty=4,$0.00
1644,cain five 2018 6pk,2,99467287-ee9a-4783-b629-9c7c2cc1c456,CAIN FIVE 2018 (6PK),decided on downstream references (10 vs 4),1,Yes,Yes,2,liquor cage | wine cellar,0,1 mapping record(s) across 1 of 2 identity/identities; sibling records=0,Compatible; 1 candidate pack/UOM signature(s); source UOM=not supplied; source case qty=not supplied,$0.00
1666155,ice cream sandwich van,3,0eace9a4-108a-4961-8054-e2112e75379f,ICE CREAM SANDWICH VAN,decided on downstream references (14 vs 5),2,Yes,Yes,3,cafe | main freezer | pool cafe,1,1 mapping record(s) across 1 of 3 identity/identities; sibling records=0,Compatible; 1 candidate pack/UOM signature(s); source UOM=ea; source case qty=2,$0.00
1666163,popsicle assorted twin pop,3,e259e55a-9403-452d-b7ad-ac4f518c6de8,POPSICLE ASSORTED TWIN POP,decided on downstream references (14 vs 5),2,Yes,Yes,3,cafe | main freezer | pool cafe,1,1 mapping record(s) across 1 of 3 identity/identities; sibling records=0,Compatible; 1 candidate pack/UOM signature(s); source UOM=oz; source case qty=2,$0.00
17098,grey goose,6,363178c1-f623-421d-ba36-204e2c6bbade,Grey Goose,decided on downstream references (27 vs 5),5,Yes,Yes,6,bay window bar | grill room | liquor cage | member lounge | mens locker room | pool cafe,4,1 mapping record(s) across 1 of 6 identity/identities; sibling records=0,Compatible; 1 candidate pack/UOM signature(s); source UOM=not supplied; source case qty=not supplied,$0.00
1724244,bacon applewood,5,d517278f-e1c5-4723-aa85-997a9bc0c270,Bacon - Applewood,decided on downstream references (23 vs 5),4,Yes,Yes,5,bay window | cafe | front reach in freezer | main kitchen | main walk in,3,1 mapping record(s) across 1 of 5 identity/identities; sibling records=0,Compatible; 1 candidate pack/UOM signature(s); source UOM=lb; source case qty=2,$0.00
17257,luxardo maraschino liqueur,3,e6e7cc0c-169f-4e4a-a595-82d733e172a5,Luxardo - Maraschino Liqueur,decided on downstream references (14 vs 5),2,Yes,Yes,3,liquor cage | member lounge | mens locker room,1,1 mapping record(s) across 1 of 3 identity/identities; sibling records=0,Compatible; 1 candidate pack/UOM signature(s); source UOM=not supplied; source case qty=not supplied,$0.00
175921,st germain st germain,2,052773d3-06aa-402d-851b-e1c372cebc6c,St. Germain - St Germain,decided on downstream references (12 vs 5),1,Yes,Yes,2,liquor cage | pool cafe,1,1 mapping record(s) across 1 of 2 identity/identities; sibling records=0,Compatible; 1 candidate pack/UOM signature(s); source UOM=not supplied; source case qty=not supplied,$0.00
176022,cheese pepper jack,2,f3bc77a8-ff44-440f-8a42-8fff2018b1c6,Cheese - Pepper Jack,decided on downstream references (13 vs 5),1,Yes,Yes,2,bay window | produce walk in,1,1 mapping record(s) across 1 of 2 identity/identities; sibling records=0,Compatible; 1 candidate pack/UOM signature(s); source UOM=lb; source case qty=1,$0.00
1771785,candy bar milky way,3,43357761-7ac9-4e15-aa48-59d86fa43487,CANDY BAR MILKY WAY,decided on downstream references (16 vs 5),2,Yes,Yes,3,beverage carts | dry storeroom | halfway house,1,1 mapping record(s) across 1 of 3 identity/identities; sibling records=0,Compatible; 1 candidate pack/UOM signature(s); source UOM=ea; source case qty=1,$0.00
1793837,candy bar snicker,5,1d3427c0-c7ab-4a11-9b36-27c8dd13f2d2,CANDY BAR SNICKER,decided on downstream references (22 vs 5),4,Yes,Yes,5,beverage carts | dry storeroom | halfway house | mens locker room | pool cafe,2,1 mapping record(s) across 1 of 5 identity/identities; sibling records=0,Compatible; 1 candidate pack/UOM signature(s); source UOM=ea; source case qty=1,$0.00
18-09509,beef ribeye,4,37cc2574-0ced-497d-8bed-02f97e9726be,Beef - Ribeye,decided on downstream references (10 vs 8),3,No,Yes,4,bay window | main freezer | main walk in | produce walk in,3,2 mapping record(s) across 1 of 4 identity/identities; sibling records=0,Compatible; 1 candidate pack/UOM signature(s); source UOM=lb; source case qty=1,$0.00
18-19510,filet precut,3,3e18d5f1-b2b0-4d27-9fb0-6e629f1173cb,Filet Precut,decided on downstream references (16 vs 5),2,Yes,Yes,3,bay window | main kitchen | main walk in,1,1 mapping record(s) across 1 of 3 identity/identities; sibling records=0,Compatible; 1 candidate pack/UOM signature(s); source UOM=lb; source case qty=1,$0.00
1817134,red bull sugar free,8,7252f4b1-047e-4811-84be-ea8226af5fb7,Red Bull - Sugar Free,decided on downstream references (31 vs 5),7,Yes,Yes,8,bay window bar | beverage carts | dry storeroom | grill room | halfway house | member lounge | mens locker room | pool cafe,2,1 mapping record(s) across 1 of 8 identity/identities; sibling records=0,Compatible; 1 candidate pack/UOM signature(s); source UOM=ea; source case qty=1,$0.00
184018,cheese swiss,3,3d0c424e-34b4-4f99-a761-25fad12e0c95,Cheese - Swiss,decided on downstream references (10 vs 8),2,Yes,No,3,bay window | cafe | produce walk in,4,2 mapping record(s) across 1 of 3 identity/identities; sibling records=0,Compatible; 1 candidate pack/UOM signature(s); source UOM=lb; source case qty=1,$0.00
1865161,half and half,5,85f572df-56a9-44a3-81c5-fe158e1ed381,Half and Half,decided on downstream references (23 vs 5),4,Yes,Yes,5,bay window | halfway house | main kitchen | main walk in | mens locker room,4,1 mapping record(s) across 1 of 5 identity/identities; sibling records=0,Compatible; 1 candidate pack/UOM signature(s); source UOM=qt; source case qty=1,$0.00
18676,j b scotch,2,6433a92c-74eb-454b-955d-9515ef574e03,J&B - Scotch,decided on downstream references (13 vs 5),1,Yes,Yes,2,liquor cage | mens locker room,1,1 mapping record(s) across 1 of 2 identity/identities; sibling records=0,Compatible; 1 candidate pack/UOM signature(s); source UOM=lt; source case qty=1,$0.00
1871227,ice cream hagan das,5,3237d805-cc4d-40a1-82a2-d390b8fe0810,Ice Cream  Hagan Das,decided on downstream references (24 vs 5),4,Yes,Yes,5,bay window | cafe | front reach in freezer | main freezer | mens locker room,4,1 mapping record(s) across 1 of 5 identity/identities; sibling records=0,Compatible; 1 candidate pack/UOM signature(s); source UOM=gal; source case qty=1,$0.00
1885,cain cuvee nv14 93js,2,62783ba6-3770-4e8d-bfc6-c4296d1c80e3,CAIN CUVEE NV14 (93JS),decided on downstream references (10 vs 4),1,Yes,Yes,2,liquor cage | member lounge,0,1 mapping record(s) across 1 of 2 identity/identities; sibling records=0,Compatible; 1 candidate pack/UOM signature(s); source UOM=not supplied; source case qty=not supplied,$0.00
1917509,mini corn dogs,2,2eafc898-7c49-4f0d-8924-cb00744047bf,Mini corn dogs,decided on downstream references (13 vs 5),1,Yes,Yes,2,cafe | main freezer,1,1 mapping record(s) across 1 of 2 identity/identities; sibling records=0,Compatible; 1 candidate pack/UOM signature(s); source UOM=ea; source case qty=1,$0.00
19206,michelob ultra kegged,3,5a26e8e8-1136-4ef7-a5cb-ee31d251bce9,Michelob - Ultra - Kegged,decided on downstream references (15 vs 5),2,Yes,Yes,3,bay window bar | liquor cage | mens locker room,1,1 mapping record(s) across 1 of 3 identity/identities; sibling records=0,Compatible; 1 candidate pack/UOM signature(s); source UOM=not supplied; source case qty=not supplied,$0.00
1921097,ice cream chocolate,3,b8022f4c-f23f-4c64-9f82-bee1fa85f732,Ice Cream - Chocolate,decided on downstream references (15 vs 5),2,Yes,Yes,3,bay window | front reach in freezer | main freezer,2,1 mapping record(s) across 1 of 3 identity/identities; sibling records=0,Compatible; 1 candidate pack/UOM signature(s); source UOM=gal; source case qty=1,$0.00
19230,michelob ultra bottled,9,6e278674-b505-454d-abb0-215eb27781ab,Michelob - Ultra - Bottled,decided on downstream references (39 vs 5),8,Yes,Yes,9,bay window bar | beer cage | beverage carts | grill room | halfway house | liquor cage | member lounge | mens locker room | pool cafe,7,1 mapping record(s) across 1 of 9 identity/identities; sibling records=0,Compatible; 1 candidate pack/UOM signature(s); source UOM=ea; source case qty=24,$0.00
19307,dewar s white label,2,7e341d86-1746-4c17-b264-715c9c3dfc15,Dewar's - White Label,decided on downstream references (13 vs 5),1,Yes,Yes,2,liquor cage | mens locker room,1,1 mapping record(s) across 1 of 2 identity/identities; sibling records=0,Compatible; 1 candidate pack/UOM signature(s); source UOM=not supplied; source case qty=not supplied,$0.00
1954502,oasis estrawberry,2,2721b44d-e2c8-447f-99fb-4dafa710485a,Oasis eStrawberry,decided on downstream references (11 vs 5),1,Yes,Yes,2,cafe | pool cafe,1,1 mapping record(s) across 1 of 2 identity/identities; sibling records=0,Compatible; 1 candidate pack/UOM signature(s); source UOM=oz; source case qty=12,$0.00
1954734,oasis vanilla island,2,3c86e21b-e25b-4b34-90c0-d59148164edc,Oasis Vanilla Island,decided on downstream references (11 vs 5),1,Yes,Yes,2,cafe | pool cafe,1,1 mapping record(s) across 1 of 2 identity/identities; sibling records=0,Compatible; 1 candidate pack/UOM signature(s); source UOM=qt; source case qty=1,$0.00
1954742,oasis raspberry,2,4b41ff15-42bc-46ea-807b-3f38793e0e5c,Oasis Raspberry,decided on downstream references (11 vs 5),1,Yes,Yes,2,cafe | pool cafe,1,1 mapping record(s) across 1 of 2 identity/identities; sibling records=0,Compatible; 1 candidate pack/UOM signature(s); source UOM=qt; source case qty=1,$0.00
1954759,oasis peach,2,4850d02c-d4a4-4da3-af37-5b89a9e3e775,OASIS Peach,decided on downstream references (11 vs 5),1,Yes,Yes,2,cafe | pool cafe,1,1 mapping record(s) across 1 of 2 identity/identities; sibling records=0,Compatible; 1 candidate pack/UOM signature(s); source UOM=qt; source case qty=1,$0.00
1956200,oasis margarita,2,e8ae3bad-0073-4e1a-9eb9-84b251d23aca,OASIS MARGARITA,decided on downstream references (10 vs 4),1,Yes,Yes,2,cafe | pool cafe,0,1 mapping record(s) across 1 of 2 identity/identities; sibling records=0,Compatible; 1 candidate pack/UOM signature(s); source UOM=qt; source case qty=1,$0.00
1967786,dressing honey mustard 32 oz,2,ef103633-231f-4644-af56-93c1bec5579a,DRESSING HONEY MUSTARD 32 oz,decided on downstream references (13 vs 5),1,Yes,Yes,2,cafe | main walk in,1,1 mapping record(s) across 1 of 2 identity/identities; sibling records=0,Compatible; 1 candidate pack/UOM signature(s); source UOM=qt; source case qty=1,$0.00
198448,angostura bitters,5,7354340c-00d8-4a04-af95-4487bb679939,Angostura Bitters,decided on downstream references (21 vs 5),4,Yes,Yes,5,bay window bar | grill room | liquor cage | member lounge | pool cafe,1,1 mapping record(s) across 1 of 5 identity/identities; sibling records=0,Compatible; 1 candidate pack/UOM signature(s); source UOM=oz; source case qty=12,$0.00
1987375,dressing balsamic,2,30351cb7-f083-4c1e-92ea-59af49b90a10,Dressing - Balsamic,decided on downstream references (12 vs 5),1,Yes,Yes,2,cafe | main walk in,1,1 mapping record(s) across 1 of 2 identity/identities; sibling records=0,Compatible; 1 candidate pack/UOM signature(s); source UOM=gal; source case qty=4,$0.00
20016,asparagus,2,dbd6974a-1ac2-4dc9-b635-23c4a1bb1629,Asparagus,decided on downstream references (10 vs 8),1,Yes,No,2,bay window | produce walk in,2,2 mapping record(s) across 1 of 2 identity/identities; sibling records=0,Compatible; 1 candidate pack/UOM signature(s); source UOM=lb; source case qty=1,$0.00
201178,korbel california brandy,6,c71f9315-1def-4336-8fc9-a663c39d9beb,Korbel - California Brandy,decided on downstream references (26 vs 5),5,Yes,Yes,6,bay window bar | grill room | liquor cage | member lounge | mens locker room | pool cafe,3,1 mapping record(s) across 1 of 6 identity/identities; sibling records=0,Compatible; 1 candidate pack/UOM signature(s); source UOM=lt; source case qty=12,$0.00
20210,broccoli crowns,3,1feaa1df-a649-4fd8-9a92-fe87085fee48,Broccoli - Crowns,decided on downstream references (10 vs 8),2,Yes,No,3,bay window | cafe | produce walk in,4,2 mapping record(s) across 1 of 3 identity/identities; sibling records=0,Compatible; 1 candidate pack/UOM signature(s); source UOM=lb; source case qty=1,$0.00
20260,cabbage red,2,7421c77c-6e2d-4350-8579-21a12bcc82fa,Cabbage - Red,decided on downstream references (10 vs 8),1,Yes,No,2,cafe | produce walk in,2,2 mapping record(s) across 1 of 2 identity/identities; sibling records=0,Compatible; 1 candidate pack/UOM signature(s); source UOM=lb; source case qty=1,$0.00
202797,four roses bourbon,5,aea45a4f-b84b-4bb1-85ec-cfa13b7d1581,Four Roses - Bourbon,decided on downstream references (23 vs 5),4,Yes,Yes,5,bay window bar | grill room | liquor cage | member lounge | mens locker room,3,1 mapping record(s) across 1 of 5 identity/identities; sibling records=0,Compatible; 1 candidate pack/UOM signature(s); source UOM=lt; source case qty=12,$0.00
20360,celery,3,6f3ea1a0-b454-480c-93d4-040e294632b8,Celery,decided on downstream references (9 vs 8),2,No,Yes,3,bay window | mens locker room | produce walk in,4,2 mapping record(s) across 1 of 3 identity/identities; sibling records=0,Compatible; 1 candidate pack/UOM signature(s); source UOM=ea; source case qty=1,$0.00
204032,veggie burger,3,3c3f32ff-06aa-4f93-90fe-5638f7bf9b81,Veggie Burger,decided on downstream references (15 vs 5),2,Yes,Yes,3,cafe | main freezer | main kitchen,1,1 mapping record(s) across 1 of 3 identity/identities; sibling records=0,Compatible; 1 candidate pack/UOM signature(s); source UOM=oz; source case qty=29,$0.00
2047805,cracker cheese peanutbutter,3,e83fa677-74c8-43f6-b740-fa7977a1d0a2,Cracker Cheese Peanutbutter,decided on downstream references (16 vs 5),2,Yes,Yes,3,beverage carts | dry storeroom | halfway house,1,1 mapping record(s) across 1 of 3 identity/identities; sibling records=0,Compatible; 1 candidate pack/UOM signature(s); source UOM=ea; source case qty=12,$0.00
2047825,cracker toast peanutbutter,3,a586d10c-dcea-4584-b87e-c2bcb20439fb,Cracker toast peanutbutter,decided on downstream references (16 vs 5),2,Yes,Yes,3,beverage carts | dry storeroom | halfway house,1,1 mapping record(s) across 1 of 3 identity/identities; sibling records=0,Compatible; 1 candidate pack/UOM signature(s); source UOM=ea; source case qty=1,$0.00
207986,the riddler red blend,2,740a2e95-9679-4722-93dc-9c83d09492d6,THE RIDDLER RED BLEND,decided on downstream references (10 vs 4),1,Yes,Yes,2,liquor cage | wine cellar,0,1 mapping record(s) across 1 of 2 identity/identities; sibling records=0,Compatible; 1 candidate pack/UOM signature(s); source UOM=not supplied; source case qty=not supplied,$0.00
20965,oban single malt 14 year,3,4354adc1-383c-4986-90aa-d0588d11bc88,Oban - Single Malt 14 year,decided on downstream references (17 vs 5),2,Yes,Yes,3,bay window bar | liquor cage | mens locker room,2,1 mapping record(s) across 1 of 3 identity/identities; sibling records=0,Compatible; 1 candidate pack/UOM signature(s); source UOM=not supplied; source case qty=not supplied,$0.00
21000,arugula,2,437f1100-e0ef-486a-91ed-fd0e40b3e3d5,Arugula,decided on downstream references (10 vs 7),1,Yes,No,2,cafe | produce walk in,1,2 mapping record(s) across 1 of 2 identity/identities; sibling records=0,Compatible; 1 candidate pack/UOM signature(s); source UOM=lb; source case qty=2,$0.00
2108,clove whole,3,9e7a1871-371a-4ca6-b7d4-242ce3746453,Clove whole,decided on downstream references (15 vs 5),2,Yes,Yes,3,dry storeroom | main kitchen | pastry shop,2,1 mapping record(s) across 1 of 3 identity/identities; sibling records=0,Compatible; 1 candidate pack/UOM signature(s); source UOM=oz; source case qty=12,$0.00
2109783,ice cream sndw cookies n crm,2,c92ffb3b-3b98-435a-9c46-a639b85598e0,ICE CREAM SNDW COOKIES N CRM,decided on downstream references (12 vs 5),1,Yes,Yes,2,cafe | main freezer,1,1 mapping record(s) across 1 of 2 identity/identities; sibling records=0,Compatible; 1 candidate pack/UOM signature(s); source UOM=oz; source case qty=24,$0.00
2117646,bread hoagie sld 5 6 in,2,4fda1ffe-826e-4c6d-9a98-d301c1218308,BREAD HOAGIE SLD 5-6 IN,decided on downstream references (10 vs 4),1,Yes,Yes,2,bread reach in | main freezer,0,1 mapping record(s) across 1 of 2 identity/identities; sibling records=0,Compatible; 1 candidate pack/UOM signature(s); source UOM=ea; source case qty=1,$0.00
212267,australian lamb rack,2,c55a71bc-0763-4600-8fe3-b7f23486ad32,Australian lamb rack,decided on downstream references (12 vs 4),1,Yes,Yes,2,main freezer | main walk in,0,1 mapping record(s) across 1 of 2 identity/identities; sibling records=0,Compatible; 1 candidate pack/UOM signature(s); source UOM=lb; source case qty=1,$0.00
2137,dill weed,2,7f271d01-824f-4e19-9f17-caea5177ff25,Dill weed,decided on downstream references (13 vs 5),1,Yes,Yes,2,dry storeroom | main kitchen,1,1 mapping record(s) across 1 of 2 identity/identities; sibling records=0,Compatible; 1 candidate pack/UOM signature(s); source UOM=oz; source case qty=1,$0.00
21390,leaf lettuce,2,99515108-23e0-4a05-a109-978230a9eecd,Leaf Lettuce,decided on downstream references (10 vs 8),1,Yes,No,2,cafe | produce walk in,2,2 mapping record(s) across 1 of 2 identity/identities; sibling records=0,Compatible; 1 candidate pack/UOM signature(s); source UOM=ea; source case qty=1,$0.00
21406,goose island ipa kegged,2,6c294a1e-bd1e-497a-8050-5ccef6dfc11c,Goose Island - IPA - Kegged,decided on downstream references (10 vs 4),1,Yes,Yes,2,liquor cage | pool cafe,0,1 mapping record(s) across 1 of 2 identity/identities; sibling records=0,Compatible; 1 candidate pack/UOM signature(s); source UOM=not supplied; source case qty=not supplied,$0.00
21441,goose island ipa bottled,8,0d94fac8-855a-4ebd-b3e8-58562f23eb23,Goose Island - IPA - Bottled,decided on downstream references (30 vs 5),7,Yes,Yes,8,bay window bar | beer cage | beverage carts | grill room | halfway house | liquor cage | member lounge | pool cafe,3,1 mapping record(s) across 1 of 8 identity/identities; sibling records=0,Compatible; 1 candidate pack/UOM signature(s); source UOM=ea; source case qty=2,$0.00
21620,spinach baby,3,088331a3-8522-4644-a4a2-773ab1300ade,Spinach - Baby,decided on downstream references (10 vs 8),2,Yes,No,3,bay window | cafe | produce walk in,4,2 mapping record(s) across 1 of 3 identity/identities; sibling records=0,Compatible; 1 candidate pack/UOM signature(s); source UOM=lb; source case qty=1,$0.00
21733,woodford reserve,8,8e44a758-19ca-42b6-94ff-3c59f02c3312,Woodford Reserve,decided on downstream references (32 vs 5),7,Yes,Yes,8,bay window bar | beverage carts | grill room | halfway house | liquor cage | member lounge | mens locker room | pool cafe,3,1 mapping record(s) across 1 of 8 identity/identities; sibling records=0,Compatible; 1 candidate pack/UOM signature(s); source UOM=lt; source case qty=6,$0.00
2176730,caraway seed,2,c86ed15d-1f71-4cc7-9278-293832652a1d,Caraway Seed,decided on downstream references (13 vs 5),1,Yes,Yes,2,dry storeroom | main kitchen,1,1 mapping record(s) across 1 of 2 identity/identities; sibling records=0,Compatible; 1 candidate pack/UOM signature(s); source UOM=oz; source case qty=1,$0.00
2199784,tuna portion,2,7fe7abd9-a704-4fbf-b186-6a668c474b55,Tuna - Portion,decided on downstream references (11 vs 5),1,Yes,Yes,2,bay window | dry storeroom,1,1 mapping record(s) across 1 of 2 identity/identities; sibling records=0,Compatible; 1 candidate pack/UOM signature(s); source UOM=oz; source case qty=6,$0.00
220089,canadian bacon,2,6a3abbca-fd1b-4522-bcbc-10050ae5460e,Canadian Bacon,decided on downstream references (9 vs 8),1,No,Yes,2,main freezer | main walk in,2,2 mapping record(s) across 1 of 2 identity/identities; sibling records=0,Compatible; 1 candidate pack/UOM signature(s); source UOM=lb; source case qty=1,$0.00
22194,jack daniel s black,9,f71a6903-acda-4cfb-9520-e01fea064d16,Jack Daniel's - Black,decided on downstream references (31 vs 5),8,Yes,Yes,9,bay window bar | beer cage | beverage carts | grill room | halfway house | liquor cage | member lounge | mens locker room | pool cafe,1,1 mapping record(s) across 1 of 9 identity/identities; sibling records=0,Compatible; 1 candidate pack/UOM signature(s); source UOM=ml; source case qty=120,$0.00
2230357,gld tgr potsticker pork,2,6680b0fd-9e51-4ded-8693-ad67635d3bfd,GLD TGR POTSTICKER PORK,decided on downstream references (10 vs 4),1,Yes,Yes,2,front reach in freezer | main freezer,0,1 mapping record(s) across 1 of 2 identity/identities; sibling records=0,Compatible; 1 candidate pack/UOM signature(s); source UOM=ea; source case qty=120,$0.00
2235,yves cuilleron petit serine vin de france anciens capages 2022,2,2e30f562-f158-40e5-bb37-fe60e55378a2,YVES CUILLERON PETIT SERINE VIN DE FRANCE ANCIENS CAPAGES 2022,decided on downstream references (13 vs 5),1,Yes,Yes,2,liquor cage | wine cellar,1,1 mapping record(s) across 1 of 2 identity/identities; sibling records=0,Compatible; 1 candidate pack/UOM signature(s); source UOM=not supplied; source case qty=not supplied,$0.00
2242768,yogurt greek,2,3fdad177-e141-4fd4-a624-7005f8a73ea2,Yogurt - Greek,decided on downstream references (12 vs 4),1,Yes,Yes,2,cafe | main walk in,0,1 mapping record(s) across 1 of 2 identity/identities; sibling records=0,Compatible; 1 candidate pack/UOM signature(s); source UOM=oz; source case qty=12,$0.00
224615,diora la p grace mont p noir,2,98fb593a-8d96-4484-b355-deff011eca02,DIORA LA P GRACE MONT P NOIR,decided on downstream references (10 vs 4),1,Yes,Yes,2,liquor cage | wine cellar,0,1 mapping record(s) across 1 of 2 identity/identities; sibling records=0,Compatible; 1 candidate pack/UOM signature(s); source UOM=not supplied; source case qty=not supplied,$0.00
2252557,ice cream gelato dark chocolate,2,296e9520-4052-4064-8a5d-0a4a07c198fb,ICE CREAM GELATO DARK CHOCOLATE,decided on downstream references (10 vs 4),1,Yes,Yes,2,front reach in freezer | main freezer,0,1 mapping record(s) across 1 of 2 identity/identities; sibling records=0,Compatible; 1 candidate pack/UOM signature(s); source UOM=lt; source case qty=1,$0.00
227155,chicken thighs,2,65793351-11fd-488a-8338-200ea81f1a56,Chicken - Thighs,decided on downstream references (9 vs 7),1,No,Yes,2,main freezer | main walk in,1,2 mapping record(s) across 1 of 2 identity/identities; sibling records=0,Compatible; 1 candidate pack/UOM signature(s); source UOM=lb; source case qty=4,$0.00
2276608,dijon squeeze,6,32c9410d-e1d2-4f0b-8838-184f8cfe23df,Dijon Squeeze,decided on downstream references (27 vs 5),5,Yes,Yes,6,bay window | cafe | dry storeroom | halfway house | main walk in | pool cafe,5,1 mapping record(s) across 1 of 6 identity/identities; sibling records=0,Compatible; 1 candidate pack/UOM signature(s); source UOM=oz; source case qty=12,$0.00
2287175,eggroll pork veg 3 oz,2,07a37eac-c5c7-42da-8416-ac5854faf2b5,EGGROLL PORK & VEG 3 OZ,decided on downstream references (10 vs 4),1,Yes,Yes,2,front reach in freezer | main freezer,0,1 mapping record(s) across 1 of 2 identity/identities; sibling records=0,Compatible; 1 candidate pack/UOM signature(s); source UOM=oz; source case qty=6,$0.00
231773,filthy blue cheese olives 64 z,2,c672e3bc-4d67-46f0-a116-3b02e8b31b37,FILTHY BLUE CHEESE OLIVES 64 Z,decided on downstream references (12 vs 4),1,Yes,Yes,2,grill room | liquor cage,0,1 mapping record(s) across 1 of 2 identity/identities; sibling records=0,Compatible; 1 candidate pack/UOM signature(s); source UOM=oz; source case qty=6,$0.00
2330474,cheese provolone,2,0b02b982-8c61-4a9f-9bb8-fa2403d59e04,Cheese - Provolone,decided on downstream references (12 vs 5),1,Yes,Yes,2,bay window | produce walk in,1,1 mapping record(s) across 1 of 2 identity/identities; sibling records=0,Compatible; 1 candidate pack/UOM signature(s); source UOM=lb; source case qty=1,$0.00
2336375,bao bun,3,45249226-eb40-468c-b53e-3b040f1aaf7e,Bao Bun,decided on downstream references (15 vs 4),2,Yes,Yes,3,bay window | bread reach in | main freezer,0,1 mapping record(s) across 1 of 3 identity/identities; sibling records=0,Compatible; 1 candidate pack/UOM signature(s); source UOM=ea; source case qty=6,$0.00
2366,la massa igt tuscan red 2021 94v 94rp,2,b8b765f3-4512-40b2-b03b-1c8065a941f0,"LA MASSA IGT TUSCAN RED 2021 (94V, 94RP)",decided on downstream references (11 vs 5),1,Yes,Yes,2,liquor cage | wine cellar,1,1 mapping record(s) across 1 of 2 identity/identities; sibling records=0,Compatible; 1 candidate pack/UOM signature(s); source UOM=case; source case qty=1,$0.00
2393015,cheese havarti,2,9b3082e2-647f-4b54-8cc1-34910cb1e383,Cheese - Havarti,decided on downstream references (13 vs 5),1,Yes,Yes,2,bay window | produce walk in,1,1 mapping record(s) across 1 of 2 identity/identities; sibling records=0,Compatible; 1 candidate pack/UOM signature(s); source UOM=lb; source case qty=1,$0.00
23979,pernod,6,906ed81f-62d7-4233-878d-807f3d05ef9f,Pernod,decided on downstream references (26 vs 5),5,Yes,Yes,6,bay window bar | dry storeroom | liquor cage | main kitchen | member lounge | mens locker room,1,1 mapping record(s) across 1 of 6 identity/identities; sibling records=0,Compatible; 1 candidate pack/UOM signature(s); source UOM=not supplied; source case qty=not supplied,$0.00
24-80215,beef striploin portion cut,2,82f6009b-b070-48e1-97f9-a4d457ba2387,Beef - Striploin - Portion Cut,decided on downstream references (13 vs 5),1,Yes,Yes,2,bay window | main walk in,1,1 mapping record(s) across 1 of 2 identity/identities; sibling records=0,Compatible; 1 candidate pack/UOM signature(s); source UOM=lb; source case qty=1,$0.00
24000,herbs basil,2,658bd055-af0d-4cd6-a2c0-254bad920584,Herbs - Basil,decided on downstream references (10 vs 7),1,Yes,No,2,main kitchen | produce walk in,1,2 mapping record(s) across 1 of 2 identity/identities; sibling records=0,Compatible; 1 candidate pack/UOM signature(s); source UOM=lb; source case qty=1,$0.00
24156,kona big wave bottled,6,358c2c86-1303-4273-bc55-7e431554dbf5,Kona - Big Wave - Bottled,decided on downstream references (23 vs 4),5,Yes,Yes,6,beer cage | beverage carts | halfway house | liquor cage | member lounge | pool cafe,0,1 mapping record(s) across 1 of 6 identity/identities; sibling records=0,Compatible; 1 candidate pack/UOM signature(s); source UOM=ea; source case qty=2,$0.00
2434371,italian sausage bulk,3,032d0ae4-3dc2-487f-9f16-bfd433172f12,Italian Sausage Bulk,decided on existing historical use (2 vs 0),2,Yes,No,3,bay window | main freezer | main walk in,1,2 mapping record(s) across 1 of 3 identity/identities; sibling records=2,Compatible; 1 candidate pack/UOM signature(s); source UOM=lb; source case qty=2,$0.00
245842,sauza tres gen plata,2,38c56415-7624-4074-9a38-8f0a0610a6c6,Sauza - Tres Gen Plata,decided on downstream references (11 vs 5),1,Yes,Yes,2,liquor cage | mens locker room,1,1 mapping record(s) across 1 of 2 identity/identities; sibling records=0,Compatible; 1 candidate pack/UOM signature(s); source UOM=not supplied; source case qty=not supplied,$0.00
24601,jameson irish whiskey,3,8c8ae047-ccb0-4b46-88f0-2115b10042d2,Jameson Irish Whiskey,decided on downstream references (16 vs 5),2,Yes,Yes,3,grill room | liquor cage | pool cafe,1,1 mapping record(s) across 1 of 3 identity/identities; sibling records=0,Compatible; 1 candidate pack/UOM signature(s); source UOM=lt; source case qty=1,$0.00
24672,johnnie walker black,6,adcecfc5-7ed7-49ee-ba9f-46000e3afe02,Johnnie Walker - Black,decided on downstream references (26 vs 5),5,Yes,Yes,6,bay window bar | grill room | halfway house | liquor cage | member lounge | mens locker room,4,1 mapping record(s) across 1 of 6 identity/identities; sibling records=0,Compatible; 1 candidate pack/UOM signature(s); source UOM=lt; source case qty=12,$0.00
249498,provenance napa cab 14 nl,2,c9e0a29f-536a-4530-ac20-87ed6f0c1088,PROVENANCE NAPA CAB + 14 NL,decided on downstream references (10 vs 4),1,Yes,Yes,2,liquor cage | wine cellar,0,1 mapping record(s) across 1 of 2 identity/identities; sibling records=0,Compatible; 1 candidate pack/UOM signature(s); source UOM=not supplied; source case qty=not supplied,$0.00
2523833,spinach,2,cea20156-0ee7-4e1c-a828-b3214da6fcd9,Spinach,decided on downstream references (12 vs 5),1,Yes,Yes,2,bay window | main freezer,1,1 mapping record(s) across 1 of 2 identity/identities; sibling records=0,Compatible; 1 candidate pack/UOM signature(s); source UOM=lb; source case qty=12,$0.00
256666,stoller fmly est p noir rose scrw cp,5,16e0184b-4c21-4bd1-8210-8f9dbd6d1044,STOLLER FMLY EST P NOIR ROSE SCRW CP,decided on downstream references (20 vs 5),4,Yes,Yes,5,bay window bar | grill room | liquor cage | member lounge | pool cafe,1,1 mapping record(s) across 1 of 5 identity/identities; sibling records=0,Compatible; 1 candidate pack/UOM signature(s); source UOM=not supplied; source case qty=not supplied,$0.00
2581128,flour tortillas 5,4,4c3637f8-867f-461c-a8e7-68d831faf6df,"Flour Tortillas 5""",decided on downstream references (18 vs 5),3,Yes,Yes,4,bay window | cafe | dry storeroom | pool cafe,3,1 mapping record(s) across 1 of 4 identity/identities; sibling records=0,Compatible; 1 candidate pack/UOM signature(s); source UOM=ea; source case qty=1,$0.00
26071,tea fp ccc,2,759187ac-9160-422a-82f4-37877c6e53f5,TEA FP CCC,decided on downstream references (12 vs 4),1,Yes,Yes,2,dry storeroom | main kitchen,0,1 mapping record(s) across 1 of 2 identity/identities; sibling records=0,Compatible; 1 candidate pack/UOM signature(s); source UOM=ea; source case qty=1,$0.00
26074-x,hoagie roll,3,238311ba-5588-4bda-a39f-ba2f8e8d35c0,Hoagie Roll,decided on downstream references (13 vs 4),2,Yes,Yes,3,bread reach in | cafe | main freezer,0,1 mapping record(s) across 1 of 3 identity/identities; sibling records=0,Compatible; 1 candidate pack/UOM signature(s); source UOM=ea; source case qty=1,$0.00
2610,dei vino nobile di montepulciano 2020 93v,2,16ff2bfd-9d5f-49f7-8d05-46933e9fe284,DEI VINO NOBILE DI MONTEPULCIANO 2020 (93V),decided on downstream references (11 vs 5),1,Yes,Yes,2,liquor cage | wine cellar,1,1 mapping record(s) across 1 of 2 identity/identities; sibling records=0,Compatible; 1 candidate pack/UOM signature(s); source UOM=not supplied; source case qty=not supplied,$0.00
2616276,hershey bar,5,56437583-152d-4276-a46d-64e1ae146b1b,Hershey bar,decided on downstream references (22 vs 5),4,Yes,Yes,5,beverage carts | cafe | dry storeroom | halfway house | pool cafe,3,1 mapping record(s) across 1 of 5 identity/identities; sibling records=0,Compatible; 1 candidate pack/UOM signature(s); source UOM=ea; source case qty=2,$0.00
2616284,kit kat,5,fa2b3c45-7c59-4ede-82a8-223bffa550e0,KIT KAT,decided on downstream references (22 vs 5),4,Yes,Yes,5,beverage carts | cafe | dry storeroom | halfway house | pool cafe,3,1 mapping record(s) across 1 of 5 identity/identities; sibling records=0,Compatible; 1 candidate pack/UOM signature(s); source UOM=ea; source case qty=2,$0.00
2616294,reese s peanut butter cups,5,94cbdbfd-dd6d-4964-87f5-85ee5b7b7544,Reese's Peanut Butter Cups,decided on downstream references (22 vs 5),4,Yes,Yes,5,beverage carts | cafe | dry storeroom | halfway house | pool cafe,3,1 mapping record(s) across 1 of 5 identity/identities; sibling records=0,Compatible; 1 candidate pack/UOM signature(s); source UOM=ea; source case qty=2,$0.00
2650651,lemonade fresh,7,d40d14d3-9eda-4eb1-9b84-58fe5e752c8d,Lemonade fresh,decided on downstream references (29 vs 5),6,Yes,Yes,7,bay window | beverage carts | cafe | halfway house | member lounge | mens locker room | pool cafe,3,1 mapping record(s) across 1 of 7 identity/identities; sibling records=0,Compatible; 1 candidate pack/UOM signature(s); source UOM=oz; source case qty=12,$0.00
2677,willajory willamette valley pinot noir 2023,3,93fb04c9-0252-4186-aae6-1810d0889c0a,WILLAJORY WILLAMETTE VALLEY PINOT NOIR 2023,decided on downstream references (16 vs 5),2,Yes,Yes,3,bay window bar | liquor cage | member lounge,1,1 mapping record(s) across 1 of 3 identity/identities; sibling records=0,Compatible; 1 candidate pack/UOM signature(s); source UOM=not supplied; source case qty=not supplied,$0.00
268048,mango frozen,2,524c378b-a5cb-4b01-922e-bc86ee38d17e,Mango - Frozen,decided on downstream references (12 vs 4),1,Yes,Yes,2,cafe | main freezer,0,1 mapping record(s) across 1 of 2 identity/identities; sibling records=0,Compatible; 1 candidate pack/UOM signature(s); source UOM=lb; source case qty=2,$0.00
2703,camille de labrie 2020 6pk 91 93js,4,34569e9c-3ce3-45a1-8c65-a6b9a65c282a,CAMILLE DE LABRIE 2020 (6PK) 91-93JS,decided on downstream references (19 vs 5),3,Yes,Yes,4,bay window bar | liquor cage | member lounge | wine cellar,2,1 mapping record(s) across 1 of 4 identity/identities; sibling records=0,Compatible; 1 candidate pack/UOM signature(s); source UOM=not supplied; source case qty=not supplied,$0.00
27032,tea twinings english brkfst 6,2,38700513-5fb5-4443-a7c4-512acca496b8,TEA TWININGS ENGLISH BRKFST 6/,decided on downstream references (12 vs 5),1,Yes,Yes,2,dry storeroom | mens locker room,1,1 mapping record(s) across 1 of 2 identity/identities; sibling records=0,Compatible; 1 candidate pack/UOM signature(s); source UOM=case; source case qty=1,$0.00
27150,onions yellow,2,18452813-1dc0-455a-b158-5330c83e2d8a,Onions - Yellow,decided on downstream references (10 vs 8),1,Yes,No,2,cafe | produce walk in,2,2 mapping record(s) across 1 of 2 identity/identities; sibling records=0,Compatible; 1 candidate pack/UOM signature(s); source UOM=lb; source case qty=1,$0.00
27208,corona can,4,66a1320f-d397-4ef7-89c7-692783590a19,Corona - Can,decided on downstream references (19 vs 5),3,Yes,Yes,4,beer cage | beverage carts | halfway house | pool cafe,3,1 mapping record(s) across 1 of 4 identity/identities; sibling records=0,Compatible; 1 candidate pack/UOM signature(s); source UOM=ea; source case qty=2,$0.00
273584,taylor fladgate tny,3,2a85e9b5-a47e-4a1f-8e19-1a52d9668ee7,TAYLOR FLADGATE TNY,decided on downstream references (13 vs 4),2,Yes,Yes,3,bay window bar | liquor cage | member lounge,0,1 mapping record(s) across 1 of 3 identity/identities; sibling records=0,Compatible; 1 candidate pack/UOM signature(s); source UOM=not supplied; source case qty=not supplied,$0.00
273594,taylor fladgate tny 30yr,2,b13aba61-01b4-4ee8-8009-896c54ecc906,TAYLOR FLADGATE TNY 30YR,decided on downstream references (12 vs 5),1,Yes,Yes,2,liquor cage | member lounge,1,1 mapping record(s) across 1 of 2 identity/identities; sibling records=0,Compatible; 1 candidate pack/UOM signature(s); source UOM=not supplied; source case qty=not supplied,$0.00
273834,fonseca tny 10yr,2,6a33b1af-7ffb-4ba3-a703-1d022b8150ee,FONSECA TNY 10YR,decided on downstream references (11 vs 5),1,Yes,Yes,2,liquor cage | member lounge,1,1 mapping record(s) across 1 of 2 identity/identities; sibling records=0,Compatible; 1 candidate pack/UOM signature(s); source UOM=not supplied; source case qty=not supplied,$0.00
273844,fonseca tny 20yr,2,ce8a1e91-f78d-44a9-8e14-40898bcefbfe,FONSECA TNY 20YR,decided on downstream references (11 vs 5),1,Yes,Yes,2,liquor cage | member lounge,1,1 mapping record(s) across 1 of 2 identity/identities; sibling records=0,Compatible; 1 candidate pack/UOM signature(s); source UOM=not supplied; source case qty=not supplied,$0.00
274004,jadot beauj vlb,2,77085585-aca9-4230-826f-98f779e55adf,JADOT BEAUJ VLB,decided on downstream references (10 vs 4),1,Yes,Yes,2,liquor cage | wine cellar,0,1 mapping record(s) across 1 of 2 identity/identities; sibling records=0,Compatible; 1 candidate pack/UOM signature(s); source UOM=not supplied; source case qty=not supplied,$0.00
275064,pighin p grigio,5,c81647c3-d17e-4cf8-8d55-07a969734db5,PIGHIN P GRIGIO,decided on downstream references (19 vs 4),4,Yes,Yes,5,bay window bar | grill room | liquor cage | member lounge | pool cafe,0,1 mapping record(s) across 1 of 5 identity/identities; sibling records=0,Compatible; 1 candidate pack/UOM signature(s); source UOM=not supplied; source case qty=not supplied,$0.00
2754218,guacamole,2,572adae1-6cea-4a38-952b-7c288f6b1f33,Guacamole,decided on downstream references (13 vs 5),1,Yes,Yes,2,cafe | main freezer,1,1 mapping record(s) across 1 of 2 identity/identities; sibling records=0,Compatible; 1 candidate pack/UOM signature(s); source UOM=lb; source case qty=12,$0.00
2763,vineyard 36 black aces cabernet sauvignon napa valley 2022 91jd,2,83ec6a35-6676-443d-bb02-28cf5c0a8b15,VINEYARD 36 BLACK ACES CABERNET SAUVIGNON NAPA VALLEY 2022 (91JD),decided on downstream references (13 vs 5),1,Yes,Yes,2,liquor cage | wine cellar,1,1 mapping record(s) across 1 of 2 identity/identities; sibling records=0,Compatible; 1 candidate pack/UOM signature(s); source UOM=not supplied; source case qty=not supplied,$0.00
28-10010,beef cube steak,3,1cb33ad6-7408-45f1-aa70-9fafd098c4c1,Beef - Cube Steak,decided on downstream references (13 vs 4),2,Yes,Yes,3,main freezer | main kitchen | main walk in,0,1 mapping record(s) across 1 of 3 identity/identities; sibling records=0,Compatible; 1 candidate pack/UOM signature(s); source UOM=lb; source case qty=1,$0.00
28-23001,beef short ribs boneless,3,3943b91f-13e3-4627-9f01-b36bf5627385,Beef - Short Ribs - Boneless,decided on downstream references (13 vs 4),2,Yes,Yes,3,bay window | main freezer | produce walk in,0,1 mapping record(s) across 1 of 3 identity/identities; sibling records=0,Compatible; 1 candidate pack/UOM signature(s); source UOM=lb; source case qty=1,$0.00
28008,garlic peeled,2,ac8e16f1-e561-4d09-885e-5e4274cf372f,Garlic - Peeled,decided on downstream references (10 vs 8),1,Yes,No,2,bay window | produce walk in,2,2 mapping record(s) across 1 of 2 identity/identities; sibling records=0,Compatible; 1 candidate pack/UOM signature(s); source UOM=lb; source case qty=1,$0.00
2801,cain five 2021 6pk 97 decanter,2,94a8623e-6f5a-4df9-be17-ffc25f6bffb5,CAIN FIVE 2021 (6PK) 97 DECANTER,decided on downstream references (13 vs 5),1,Yes,Yes,2,liquor cage | wine cellar,1,1 mapping record(s) across 1 of 2 identity/identities; sibling records=0,Compatible; 1 candidate pack/UOM signature(s); source UOM=not supplied; source case qty=not supplied,$0.00
28010,garlic peeled,2,ac8e16f1-e561-4d09-885e-5e4274cf372f,Garlic - Peeled,decided on downstream references (10 vs 8),1,No,Yes,2,bay window | produce walk in,2,2 mapping record(s) across 1 of 2 identity/identities; sibling records=0,Compatible; 1 candidate pack/UOM signature(s); source UOM=lb; source case qty=1,$0.00
2808020,oasis lemonade,2,faeca7f7-4ea6-4adc-8335-fdd20fa137d1,OASIS LEMONADE,decided on downstream references (11 vs 5),1,Yes,Yes,2,cafe | pool cafe,1,1 mapping record(s) across 1 of 2 identity/identities; sibling records=0,Compatible; 1 candidate pack/UOM signature(s); source UOM=qt; source case qty=12,$0.00
2825990,peach puree,2,102438cf-fb10-47ac-b8af-f0d46522ef38,Peach puree,decided on downstream references (11 vs 5),1,Yes,Yes,2,main freezer | main walk in,1,1 mapping record(s) across 1 of 2 identity/identities; sibling records=0,Compatible; 1 candidate pack/UOM signature(s); source UOM=kg; source case qty=2,$0.00
282899,masi campofiorin red,2,52298d14-0a54-47e0-93e4-62a35a753827,MASI CAMPOFIORIN RED,decided on downstream references (10 vs 4),1,Yes,Yes,2,liquor cage | wine cellar,0,1 mapping record(s) across 1 of 2 identity/identities; sibling records=0,Compatible; 1 candidate pack/UOM signature(s); source UOM=not supplied; source case qty=not supplied,$0.00
28728,bacardi superior,5,f80c9240-0c03-4783-b656-1090ddc21d1a,Bacardi - Superior,decided on downstream references (22 vs 5),4,Yes,Yes,5,bay window bar | liquor cage | member lounge | mens locker room | pool cafe,4,1 mapping record(s) across 1 of 5 identity/identities; sibling records=0,Compatible; 1 candidate pack/UOM signature(s); source UOM=lt; source case qty=12,$0.00
28732,bacardi light,2,ba8976e2-7ef4-4bf7-b525-49955dd8f25e,Bacardi - Light,decided on downstream references (10 vs 4),1,Yes,Yes,2,grill room | liquor cage,0,1 mapping record(s) across 1 of 2 identity/identities; sibling records=0,Compatible; 1 candidate pack/UOM signature(s); source UOM=not supplied; source case qty=not supplied,$0.00
288436,honoro vera garnacha,2,10924906-bd3d-4730-b74e-e2247d313cbc,HONORO VERA GARNACHA,decided on downstream references (13 vs 5),1,Yes,Yes,2,liquor cage | wine cellar,1,1 mapping record(s) across 1 of 2 identity/identities; sibling records=0,Compatible; 1 candidate pack/UOM signature(s); source UOM=not supplied; source case qty=not supplied,$0.00
290887,ketel one orange,6,6e372fe8-b4e9-4c01-be10-88fede6c80ac,Ketel One - Orange,decided on downstream references (27 vs 5),5,Yes,Yes,6,bay window bar | grill room | liquor cage | member lounge | mens locker room | pool cafe,4,1 mapping record(s) across 1 of 6 identity/identities; sibling records=0,Compatible; 1 candidate pack/UOM signature(s); source UOM=lt; source case qty=12,$0.00
29100,potato idaho russet,2,9b1cf0c7-548d-41d6-a708-5486aafa929b,Potato - Idaho Russet,decided on downstream references (12 vs 5),1,Yes,Yes,2,main kitchen | produce walk in,1,1 mapping record(s) across 1 of 2 identity/identities; sibling records=0,Compatible; 1 candidate pack/UOM signature(s); source UOM=ea; source case qty=1,$0.00
291268,pessimist red blnd 2203928,5,ae09d6ad-7035-4eb6-8abb-65ec89985696,PESSIMIST RED BLND - 2203928,decided on downstream references (19 vs 4),4,Yes,Yes,5,bay window bar | grill room | liquor cage | member lounge | mens locker room,0,1 mapping record(s) across 1 of 5 identity/identities; sibling records=0,Compatible; 1 candidate pack/UOM signature(s); source UOM=not supplied; source case qty=not supplied,$0.00
292045,amulet cab sauv 6pk 14,2,28624760-aaca-4e10-99a4-4b2605a81f48,AMULET CAB SAUV 6PK + 14,decided on downstream references (13 vs 5),1,Yes,Yes,2,liquor cage | wine cellar,1,1 mapping record(s) across 1 of 2 identity/identities; sibling records=0,Compatible; 1 candidate pack/UOM signature(s); source UOM=not supplied; source case qty=not supplied,$0.00
2936,garlic powder,2,0da04d39-9d5d-486a-a967-313ef68dc48b,Garlic Powder,decided on downstream references (12 vs 5),1,Yes,Yes,2,dry storeroom | main kitchen,1,1 mapping record(s) across 1 of 2 identity/identities; sibling records=0,Compatible; 1 candidate pack/UOM signature(s); source UOM=oz; source case qty=1,$0.00
294436,cointreau,6,d8adb13b-aa60-4ab7-bf81-9e76bec23e21,Cointreau,decided on downstream references (27 vs 5),5,Yes,Yes,6,bay window bar | grill room | liquor cage | member lounge | mens locker room | pool cafe,4,1 mapping record(s) across 1 of 6 identity/identities; sibling records=0,Compatible; 1 candidate pack/UOM signature(s); source UOM=lt; source case qty=6,$0.00
294498,maker s mark 46,3,5848bff0-a32d-4be1-971d-64030a9ba0d7,Maker's Mark - 46,decided on downstream references (17 vs 5),2,Yes,Yes,4,bay window bar | liquor cage | mens locker room | pool cafe,1,1 mapping record(s) across 1 of 3 identity/identities; sibling records=0,Compatible; 1 candidate pack/UOM signature(s); source UOM=not supplied; source case qty=not supplied,$0.00
294864,the macallan 12 year,5,960735f1-9762-402a-8a22-0f35506395a6,The Macallan - 12 Year,decided on downstream references (21 vs 5),4,Yes,Yes,5,bay window bar | grill room | liquor cage | member lounge | mens locker room,3,1 mapping record(s) across 1 of 5 identity/identities; sibling records=0,Compatible; 1 candidate pack/UOM signature(s); source UOM=not supplied; source case qty=not supplied,$0.00
2996445,sauce chili,3,de1e4f72-74fe-40c9-9b9b-c25b0833ecde,Sauce - Chili,decided on downstream references (17 vs 5),2,Yes,Yes,3,bay window | dry storeroom | main walk in,2,1 mapping record(s) across 1 of 3 identity/identities; sibling records=0,Compatible; 1 candidate pack/UOM signature(s); source UOM=lb; source case qty=1,$0.00
30001,cappuccino creamer busy bean,4,628fef76-7685-4f6a-aa74-af9d53ba4cd8,CAPPUCCINO CREAMER Busy bean,decided on downstream references (18 vs 5),3,Yes,Yes,4,bay window | dry storeroom | main kitchen | mens locker room,3,1 mapping record(s) across 1 of 4 identity/identities; sibling records=0,Compatible; 1 candidate pack/UOM signature(s); source UOM=case; source case qty=1,$0.00
30004,french vanilla cappuccino powder,7,d1d7e9fa-9466-41fd-b6af-57026a0a7e9e,FRENCH VANILLA CAPPUCCINO POWDER,decided on downstream references (27 vs 5),6,Yes,Yes,7,bay window | bay window bar | dry storeroom | grill room | halfway house | main kitchen | member lounge,2,1 mapping record(s) across 1 of 7 identity/identities; sibling records=0,Compatible; 1 candidate pack/UOM signature(s); source UOM=case; source case qty=1,$0.00
302471,clif bars,2,7fa7077e-e560-4b0c-9e75-aad45c3ebdc5,Clif Bars,decided on downstream references (12 vs 4),1,Yes,Yes,2,beverage carts | halfway house,0,1 mapping record(s) across 1 of 2 identity/identities; sibling records=0,Compatible; 1 candidate pack/UOM signature(s); source UOM=ea; source case qty=12,$0.00
30309089,nicosia ldm etna rosso doc,3,d6344ae3-1f1f-4b9e-898a-72beeac95054,NICOSIA LDM ETNA ROSSO DOC,decided on downstream references (13 vs 4),2,Yes,Yes,3,bay window bar | liquor cage | member lounge,0,1 mapping record(s) across 1 of 3 identity/identities; sibling records=0,Compatible; 1 candidate pack/UOM signature(s); source UOM=not supplied; source case qty=not supplied,$0.00
30309354,dom de la tour du bon bandol rouge 21,2,f4899066-2882-4b3c-9d07-6d61259a4c6b,DOM DE LA TOUR DU BON BANDOL ROUGE 21,decided on downstream references (11 vs 5),1,Yes,Yes,2,liquor cage | wine cellar,1,1 mapping record(s) across 1 of 2 identity/identities; sibling records=0,Compatible; 1 candidate pack/UOM signature(s); source UOM=not supplied; source case qty=not supplied,$0.00
30311726,telegramme chateauneuf du pape rouge,2,63a38c60-e567-40ca-86fa-6ab4f0624e12,TELEGRAMME CHATEAUNEUF DU PAPE ROUGE,decided on downstream references (11 vs 5),1,Yes,Yes,2,liquor cage | wine cellar,1,1 mapping record(s) across 1 of 2 identity/identities; sibling records=0,Compatible; 1 candidate pack/UOM signature(s); source UOM=not supplied; source case qty=not supplied,$0.00
30312423,paul hobbs cabernet sauvignon crossbarn napa valle,2,06a7fffb-1e2a-4438-affb-837dad0795bb,PAUL HOBBS CABERNET SAUVIGNON CROSSBARN NAPA VALLE,decided on downstream references (11 vs 5),1,Yes,Yes,2,liquor cage | wine cellar,1,1 mapping record(s) across 1 of 2 identity/identities; sibling records=0,Compatible; 1 candidate pack/UOM signature(s); source UOM=not supplied; source case qty=not supplied,$0.00
3031438,butter unsalted,3,c45824d1-c7bb-4c24-bb61-a1cca3ff4f61,Butter - Unsalted,decided on downstream references (17 vs 5),2,Yes,Yes,3,bay window | cafe | main walk in,2,1 mapping record(s) across 1 of 3 identity/identities; sibling records=0,Compatible; 1 candidate pack/UOM signature(s); source UOM=lb; source case qty=36,$0.00
30318021,cosme st chateau cotes du rhone les deux albions,2,fd532bb0-835e-49db-975a-e2e0ed4d1d2f,COSME ST CHATEAU COTES DU RHONE LES DEUX ALBIONS,decided on downstream references (11 vs 5),1,Yes,Yes,2,liquor cage | wine cellar,1,1 mapping record(s) across 1 of 2 identity/identities; sibling records=0,Compatible; 1 candidate pack/UOM signature(s); source UOM=not supplied; source case qty=not supplied,$0.00
30318366,vietti dolceetto dalba tre vigne,2,332ba3ea-ce10-4c91-a287-efc6fdb584fe,VIETTI DOLCEETTO DALBA TRE VIGNE,decided on downstream references (11 vs 5),1,Yes,Yes,2,liquor cage | wine cellar,1,1 mapping record(s) across 1 of 2 identity/identities; sibling records=0,Compatible; 1 candidate pack/UOM signature(s); source UOM=not supplied; source case qty=not supplied,$0.00
30318577,dunn cab sauv howell mt 13 14 15 vv 3pk,2,e8bbbac0-2728-4088-9c62-f064ecefc4cb,DUNN CAB SAUV HOWELL MT 13/14/15 VV 3PK,decided on downstream references (10 vs 4),1,Yes,Yes,2,liquor cage | wine cellar,0,1 mapping record(s) across 1 of 2 identity/identities; sibling records=0,Compatible; 1 candidate pack/UOM signature(s); source UOM=lt; source case qty=3,$0.00
30319455,xavier monnot beaune 1er cru les cent vignes,2,c257a184-b833-41f4-bfcc-07c4e1345439,XAVIER MONNOT BEAUNE 1ER CRU LES CENT VIGNES,decided on downstream references (10 vs 4),1,Yes,Yes,2,liquor cage | wine cellar,0,1 mapping record(s) across 1 of 2 identity/identities; sibling records=0,Compatible; 1 candidate pack/UOM signature(s); source UOM=not supplied; source case qty=not supplied,$0.00
30319744,laboure roi pommard rouge,2,932f3016-ee70-4ece-bf61-f59d23c75aea,LABOURE ROI POMMARD ROUGE,decided on downstream references (10 vs 4),1,Yes,Yes,2,liquor cage | wine cellar,0,1 mapping record(s) across 1 of 2 identity/identities; sibling records=0,Compatible; 1 candidate pack/UOM signature(s); source UOM=not supplied; source case qty=not supplied,$0.00
30320082,paul hobbs pinot noir russian river,2,687abee6-b06e-4292-a85b-eac6d5edc7bd,PAUL HOBBS PINOT NOIR RUSSIAN RIVER,decided on downstream references (10 vs 4),1,Yes,Yes,2,liquor cage | wine cellar,0,1 mapping record(s) across 1 of 2 identity/identities; sibling records=0,Compatible; 1 candidate pack/UOM signature(s); source UOM=not supplied; source case qty=not supplied,$0.00
30320106,paul buisse touraine,2,3bd06ffb-01ae-47d5-91d2-1aba6778e12b,PAUL BUISSE TOURAINE,decided on downstream references (10 vs 4),1,Yes,Yes,2,liquor cage | member lounge,0,1 mapping record(s) across 1 of 2 identity/identities; sibling records=0,Compatible; 1 candidate pack/UOM signature(s); source UOM=not supplied; source case qty=not supplied,$0.00
30320498,nicosia monte gorna etna rosso doc organic,2,cf0e462a-bb99-4b82-a408-c4392a5b7b47,NICOSIA MONTE GORNA ETNA ROSSO DOC ORGANIC,decided on downstream references (11 vs 5),1,Yes,Yes,2,liquor cage | wine cellar,1,1 mapping record(s) across 1 of 2 identity/identities; sibling records=0,Compatible; 1 candidate pack/UOM signature(s); source UOM=not supplied; source case qty=not supplied,$0.00
30329291,faustino v reserva rioja doc,2,192ed32f-3192-4345-9779-e78c59af7f59,FAUSTINO V RESERVA RIOJA DOC,decided on downstream references (13 vs 5),1,Yes,Yes,2,liquor cage | wine cellar,1,1 mapping record(s) across 1 of 2 identity/identities; sibling records=0,Compatible; 1 candidate pack/UOM signature(s); source UOM=not supplied; source case qty=not supplied,$0.00
30329446,chappellet pritchard hill cabernet,2,03f5be3a-a45c-472f-b1a3-81aa1e9c8d66,CHAPPELLET PRITCHARD HILL CABERNET,decided on downstream references (11 vs 5),1,Yes,Yes,2,liquor cage | wine cellar,1,1 mapping record(s) across 1 of 2 identity/identities; sibling records=0,Compatible; 1 candidate pack/UOM signature(s); source UOM=not supplied; source case qty=not supplied,$0.00
30332100,dom drouhin oregon roserock pinot noir,2,9b7272fd-93cb-4da1-b2be-cb3be43dda25,DOM DROUHIN OREGON ROSEROCK PINOT NOIR,decided on downstream references (11 vs 5),1,Yes,Yes,2,liquor cage | wine cellar,1,1 mapping record(s) across 1 of 2 identity/identities; sibling records=0,Compatible; 1 candidate pack/UOM signature(s); source UOM=not supplied; source case qty=not supplied,$0.00
30332569,chanzy rully en rosey rouge,2,5533a8e0-daaf-4509-8f3f-7c6061cbcd76,CHANZY RULLY EN ROSEY ROUGE,decided on downstream references (11 vs 5),1,Yes,Yes,2,liquor cage | wine cellar,1,1 mapping record(s) across 1 of 2 identity/identities; sibling records=0,Compatible; 1 candidate pack/UOM signature(s); source UOM=not supplied; source case qty=not supplied,$0.00
30333357,chappellet cabernet sauvignon 6 cs,2,9874c5e4-d080-4c6b-b467-dd189a4d3f6a,CHAPPELLET CABERNET SAUVIGNON 6 CS,decided on downstream references (10 vs 4),1,Yes,Yes,2,liquor cage | wine cellar,0,1 mapping record(s) across 1 of 2 identity/identities; sibling records=0,Compatible; 1 candidate pack/UOM signature(s); source UOM=not supplied; source case qty=not supplied,$0.00
30334388,aalto,2,6cc50244-23e5-46a4-9db6-8a3b22f359a2,AALTO,decided on downstream references (11 vs 5),1,Yes,Yes,2,liquor cage | wine cellar,1,1 mapping record(s) across 1 of 2 identity/identities; sibling records=0,Compatible; 1 candidate pack/UOM signature(s); source UOM=not supplied; source case qty=not supplied,$0.00
30334664,cosme st chateau cote rotie,2,06f0e4d8-0445-4649-9c3c-affc58f33c22,COSME ST CHATEAU COTE ROTIE,decided on downstream references (11 vs 5),1,Yes,Yes,2,liquor cage | wine cellar,1,1 mapping record(s) across 1 of 2 identity/identities; sibling records=0,Compatible; 1 candidate pack/UOM signature(s); source UOM=not supplied; source case qty=not supplied,$0.00
30335785,paul buisse touraine 3200806,3,dc9e6c53-4078-4d3d-8c0a-b41faf2983df,PAUL BUISSE TOURAINE - 3200806,decided on downstream references (16 vs 5),2,Yes,Yes,3,bay window bar | liquor cage | pool cafe,1,1 mapping record(s) across 1 of 3 identity/identities; sibling records=0,Compatible; 1 candidate pack/UOM signature(s); source UOM=not supplied; source case qty=not supplied,$0.00
30337049,inglenook rubicon,2,da32455a-49c6-4af8-852e-b60312825faf,INGLENOOK RUBICON,decided on downstream references (11 vs 5),1,Yes,Yes,2,liquor cage | wine cellar,1,1 mapping record(s) across 1 of 2 identity/identities; sibling records=0,Compatible; 1 candidate pack/UOM signature(s); source UOM=not supplied; source case qty=not supplied,$0.00
30337810,chappellet pritchard hill cabernet 3210726,2,a37de66c-d8b5-4a4f-9f45-af4fe3f2ad2e,CHAPPELLET PRITCHARD HILL CABERNET - 3210726,decided on downstream references (11 vs 5),1,Yes,Yes,2,liquor cage | wine cellar,1,1 mapping record(s) across 1 of 2 identity/identities; sibling records=0,Compatible; 1 candidate pack/UOM signature(s); source UOM=not supplied; source case qty=not supplied,$0.00
305406,provenance napa cab 14,2,186bcb2b-d3e4-4c02-ab00-7a7ab3e4e7b4,PROVENANCE NAPA CAB + 14,decided on downstream references (10 vs 4),1,Yes,Yes,2,liquor cage | wine cellar,0,1 mapping record(s) across 1 of 2 identity/identities; sibling records=0,Compatible; 1 candidate pack/UOM signature(s); source UOM=not supplied; source case qty=not supplied,$0.00
306228,whistlepig rye,2,45e2d6e9-2f8f-49dc-8e7b-f40676e3b4d7,Whistlepig - Rye,decided on downstream references (11 vs 5),1,Yes,Yes,2,liquor cage | mens locker room,1,1 mapping record(s) across 1 of 2 identity/identities; sibling records=0,Compatible; 1 candidate pack/UOM signature(s); source UOM=not supplied; source case qty=not supplied,$0.00
308130,chocolate chip cookie dough,2,46609444-22da-41f0-9a23-69cb6f7cc3ef,Chocolate Chip Cookie Dough,decided on downstream references (13 vs 5),1,Yes,Yes,2,halfway house | main freezer,1,1 mapping record(s) across 1 of 2 identity/identities; sibling records=0,Compatible; 1 candidate pack/UOM signature(s); source UOM=oz; source case qty=80,$0.00
312315,canadian club 1858,5,a406b2d0-d663-4eab-820e-6fc7ec4f8e02,Canadian Club - 1858,decided on downstream references (19 vs 4),4,Yes,Yes,5,bay window bar | grill room | liquor cage | member lounge | mens locker room,0,1 mapping record(s) across 1 of 5 identity/identities; sibling records=0,Compatible; 1 candidate pack/UOM signature(s); source UOM=lt; source case qty=1,$0.00
3125531,sugar individual raw,5,b89f3e6c-3c61-4002-96f9-432b0c73cc24,Sugar - Individual Raw,decided on downstream references (24 vs 5),4,Yes,Yes,5,bay window | dry storeroom | halfway house | main kitchen | mens locker room,3,1 mapping record(s) across 1 of 5 identity/identities; sibling records=0,Compatible; 1 candidate pack/UOM signature(s); source UOM=not supplied; source case qty=not supplied,$0.00
31376,cheese swiss,3,3d0c424e-34b4-4f99-a761-25fad12e0c95,Cheese - Swiss,decided on downstream references (10 vs 8),2,No,Yes,3,bay window | cafe | produce walk in,4,2 mapping record(s) across 1 of 3 identity/identities; sibling records=0,Compatible; 1 candidate pack/UOM signature(s); source UOM=lb; source case qty=2,$0.00
316367,high west rye rendezvous,2,699d856d-46eb-4efa-bda4-1ce7be5122ba,High West - Rye Rendezvous,decided on downstream references (11 vs 4),1,Yes,Yes,2,liquor cage | mens locker room,0,1 mapping record(s) across 1 of 2 identity/identities; sibling records=0,Compatible; 1 candidate pack/UOM signature(s); source UOM=not supplied; source case qty=not supplied,$0.00
31660,chartreuse green,2,6d07b63b-3dec-40a5-a25e-22fffbc253a6,Chartreuse - Green,decided on downstream references (10 vs 4),1,Yes,Yes,2,liquor cage | mens locker room,0,1 mapping record(s) across 1 of 2 identity/identities; sibling records=0,Compatible; 1 candidate pack/UOM signature(s); source UOM=not supplied; source case qty=not supplied,$0.00
317283,ch berne romance mediter rose 750m 2371696,5,eaa69dc4-5c7d-4164-8725-519d32398009,CH BERNE ROMANCE MEDITER ROSE 750M - 2371696,decided on downstream references (19 vs 4),4,Yes,Yes,5,bay window bar | grill room | liquor cage | member lounge | pool cafe,0,1 mapping record(s) across 1 of 5 identity/identities; sibling records=0,Compatible; 1 candidate pack/UOM signature(s); source UOM=not supplied; source case qty=not supplied,$0.00
32005,apple cider,2,ba08c902-4f71-478a-9917-8ae70bb35960,Apple Cider,decided on downstream references (12 vs 4),1,Yes,Yes,2,dry storeroom | main walk in,0,1 mapping record(s) across 1 of 2 identity/identities; sibling records=0,Compatible; 1 candidate pack/UOM signature(s); source UOM=oz; source case qty=1,$0.00
3206887,soy sauce tamari,2,5db97a6e-d8d8-476c-8e55-0027c6412f0c,Soy Sauce - Tamari,decided on downstream references (10 vs 5),1,Yes,Yes,2,dry storeroom | main walk in,1,1 mapping record(s) across 1 of 2 identity/identities; sibling records=0,Compatible; 1 candidate pack/UOM signature(s); source UOM=gal; source case qty=6,$0.00
322052,muffin,4,6cabf94b-2809-4357-b4e3-7c91fa169260,Muffin,decided on downstream references (18 vs 5),3,Yes,Yes,4,beverage carts | halfway house | main freezer | pool cafe,2,1 mapping record(s) across 1 of 4 identity/identities; sibling records=0,Compatible; 1 candidate pack/UOM signature(s); source UOM=oz; source case qty=24,$0.00
3234851,mustard brown,3,4125e549-6b36-4107-adc3-a5e99bda7191,Mustard - Brown,decided on downstream references (17 vs 5),2,Yes,Yes,3,cafe | dry storeroom | halfway house,2,1 mapping record(s) across 1 of 3 identity/identities; sibling records=0,Compatible; 1 candidate pack/UOM signature(s); source UOM=oz; source case qty=12,$0.00
3252063,provenance napa cab,2,a914cdbc-ddb4-4e4d-a77e-51d7ebd4480d,PROVENANCE NAPA CAB,decided on downstream references (13 vs 5),1,Yes,Yes,2,liquor cage | wine cellar,1,1 mapping record(s) across 1 of 2 identity/identities; sibling records=0,Compatible; 1 candidate pack/UOM signature(s); source UOM=not supplied; source case qty=not supplied,$0.00
3259860,snack trail mix nut choc,2,08bfbcf3-1100-405c-adfa-df8ab59bea09,SNACK TRAIL MIX NUT & CHOC,decided on downstream references (13 vs 5),1,Yes,Yes,2,dry storeroom | halfway house,1,1 mapping record(s) across 1 of 2 identity/identities; sibling records=0,Compatible; 1 candidate pack/UOM signature(s); source UOM=ea; source case qty=1,$0.00
3259928,planters ind peanuts,4,1751e75a-74be-41bc-b920-9c37b706fcc8,Planters ind.Peanuts,decided on downstream references (17 vs 5),3,Yes,Yes,4,beverage carts | dry storeroom | halfway house | mens locker room,2,1 mapping record(s) across 1 of 4 identity/identities; sibling records=0,Compatible; 1 candidate pack/UOM signature(s); source UOM=ea; source case qty=1,$0.00
327,patron anejo,4,c2ce2ac3-b917-4db7-9319-60d0b8702ca9,Patron - Anejo,decided on downstream references (20 vs 5),3,Yes,Yes,4,bay window bar | liquor cage | member lounge | mens locker room,2,1 mapping record(s) across 1 of 4 identity/identities; sibling records=0,Compatible; 1 candidate pack/UOM signature(s); source UOM=not supplied; source case qty=not supplied,$0.00
328,patron silver,8,8ba12fda-0ee1-4c29-88f2-5d548ce69dce,Patron - Silver,decided on downstream references (33 vs 5),7,Yes,Yes,8,bay window bar | beverage carts | grill room | halfway house | liquor cage | member lounge | mens locker room | pool cafe,4,1 mapping record(s) across 1 of 8 identity/identities; sibling records=0,Compatible; 1 candidate pack/UOM signature(s); source UOM=not supplied; source case qty=not supplied,$0.00
329556,shannon rdg appellain red blnd 14,2,ca1f7da5-a161-4db0-9ae0-8cd11d368f2d,SHANNON RDG APPELLAIN RED BLND +14,decided on downstream references (11 vs 5),1,Yes,Yes,2,liquor cage | wine cellar,1,1 mapping record(s) across 1 of 2 identity/identities; sibling records=0,Compatible; 1 candidate pack/UOM signature(s); source UOM=not supplied; source case qty=not supplied,$0.00
329557,provenance napa merlot 14,2,4eb575cf-6c1b-45c2-83cb-4296f7718a15,PROVENANCE NAPA MERLOT +14,decided on downstream references (10 vs 4),1,Yes,Yes,2,liquor cage | wine cellar,0,1 mapping record(s) across 1 of 2 identity/identities; sibling records=0,Compatible; 1 candidate pack/UOM signature(s); source UOM=not supplied; source case qty=not supplied,$0.00
3302,millet 2 batard,4,0fc068e4-84e2-4357-beed-111313c5c932,MILLET 2# BATARD,decided on downstream references (20 vs 5),3,Yes,Yes,4,bay window | bread reach in | front reach in freezer | main freezer,2,1 mapping record(s) across 1 of 4 identity/identities; sibling records=0,Compatible; 1 candidate pack/UOM signature(s); source UOM=ea; source case qty=1,$0.00
332741,adaptation napa p sirah,2,c4471c68-b297-41ee-97f5-bdf290c1f925,ADAPTATION NAPA P SIRAH,decided on downstream references (11 vs 5),1,Yes,Yes,2,liquor cage | wine cellar,1,1 mapping record(s) across 1 of 2 identity/identities; sibling records=0,Compatible; 1 candidate pack/UOM signature(s); source UOM=not supplied; source case qty=not supplied,$0.00
332775,bailey s,4,825cf5c2-80f8-4823-b618-2812eef92341,Bailey's,decided on downstream references (20 vs 5),3,Yes,Yes,4,bay window bar | liquor cage | mens locker room | pastry shop,2,1 mapping record(s) across 1 of 4 identity/identities; sibling records=0,Compatible; 1 candidate pack/UOM signature(s); source UOM=lt; source case qty=12,$0.00
33451,malibu,6,02d47403-295c-4fa0-9228-39b96757fa3b,Malibu,decided on downstream references (27 vs 5),5,Yes,Yes,6,bay window bar | grill room | liquor cage | member lounge | pastry shop | pool cafe,1,1 mapping record(s) across 1 of 6 identity/identities; sibling records=0,Compatible; 1 candidate pack/UOM signature(s); source UOM=lt; source case qty=12,$0.00
335299,seq grove cab 14,2,aa4d3371-d878-4949-9d64-311f505c189e,SEQ GROVE CAB +14,decided on downstream references (11 vs 5),1,Yes,Yes,2,liquor cage | wine cellar,1,1 mapping record(s) across 1 of 2 identity/identities; sibling records=0,Compatible; 1 candidate pack/UOM signature(s); source UOM=not supplied; source case qty=not supplied,$0.00
338403,adaptation napa cab,2,5e9dc0e3-94b4-4609-bc79-0025c451d300,ADAPTATION NAPA CAB,decided on downstream references (11 vs 5),1,Yes,Yes,2,liquor cage | wine cellar,1,1 mapping record(s) across 1 of 2 identity/identities; sibling records=0,Compatible; 1 candidate pack/UOM signature(s); source UOM=not supplied; source case qty=not supplied,$0.00
34-33720,veal osso buco,2,76b80e23-3920-4d31-bfa5-05dea8ec735f,Veal - Osso Buco,decided on downstream references (10 vs 4),1,Yes,Yes,2,main freezer | main walk in,0,1 mapping record(s) across 1 of 2 identity/identities; sibling records=0,Compatible; 1 candidate pack/UOM signature(s); source UOM=lb; source case qty=1,$0.00
3427940,oak alex cab,2,0f908521-f41d-4942-b00d-272380f05302,OAK ALEX CAB,decided on downstream references (6 vs 5),1,No,Yes,2,liquor cage | wine cellar,1,1 mapping record(s) across 1 of 2 identity/identities; sibling records=0,Compatible; 1 candidate pack/UOM signature(s); source UOM=not supplied; source case qty=not supplied,$0.00
344101,hennessy vs,3,b2da152d-d2b5-4bef-8e48-77f536b783ef,Hennessy VS,decided on downstream references (14 vs 5),2,Yes,Yes,3,bay window bar | liquor cage | member lounge,1,1 mapping record(s) across 1 of 3 identity/identities; sibling records=0,Compatible; 1 candidate pack/UOM signature(s); source UOM=lt; source case qty=1,$0.00
346778,cakebread napa cab 14,2,16aae7a7-afcc-44a3-bbac-6fad846f6272,CAKEBREAD NAPA CAB + 14,decided on downstream references (11 vs 5),1,Yes,Yes,2,liquor cage | wine cellar,1,1 mapping record(s) across 1 of 2 identity/identities; sibling records=0,Compatible; 1 candidate pack/UOM signature(s); source UOM=not supplied; source case qty=not supplied,$0.00
35004,cabbage slaw mix,2,8f616d30-3e93-4b84-9d1d-dc4c7367ff56,Cabbage - Slaw Mix,decided on downstream references (8 vs 7),1,No,Yes,2,cafe | main walk in,1,2 mapping record(s) across 1 of 2 identity/identities; sibling records=0,Compatible; 1 candidate pack/UOM signature(s); source UOM=lb; source case qty=4,$0.00
350350,niner cab est,3,37f8ae70-fd44-4391-aa0b-10228b3307de,NINER CAB EST,decided on downstream references (13 vs 4),2,Yes,Yes,3,grill room | liquor cage | member lounge,0,1 mapping record(s) across 1 of 3 identity/identities; sibling records=0,Compatible; 1 candidate pack/UOM signature(s); source UOM=not supplied; source case qty=not supplied,$0.00
3503927,hummus,2,e75fa54a-126e-446d-8519-fa1229512a3f,Hummus,decided on downstream references (10 vs 6),1,Yes,No,2,cafe | main walk in,0,2 mapping record(s) across 1 of 2 identity/identities; sibling records=0,Compatible; 1 candidate pack/UOM signature(s); source UOM=lb; source case qty=2,$0.00
3505705,burger 8 oz,4,26a19889-f2c2-455a-9269-599533f63204,Burger 8 oz,decided on downstream references (21 vs 5),3,Yes,Yes,4,bay window | cafe | main kitchen | main walk in,2,1 mapping record(s) across 1 of 4 identity/identities; sibling records=0,Compatible; 1 candidate pack/UOM signature(s); source UOM=lb; source case qty=1,$0.00
351385,chloe pinot grigio,5,a4e45b1f-c526-4f20-9352-ca1bbd4c4abf,CHLOE PINOT GRIGIO,decided on downstream references (23 vs 5),4,Yes,Yes,5,bay window bar | liquor cage | member lounge | mens locker room | pool cafe,4,1 mapping record(s) across 1 of 5 identity/identities; sibling records=0,Compatible; 1 candidate pack/UOM signature(s); source UOM=not supplied; source case qty=not supplied,$0.00
352429,bulleit bourbon,3,a009ca12-ba54-439e-a2e6-89d3e20cc48d,Bulleit - Bourbon,decided on downstream references (17 vs 5),2,Yes,Yes,3,bay window bar | liquor cage | mens locker room,2,1 mapping record(s) across 1 of 3 identity/identities; sibling records=0,Compatible; 1 candidate pack/UOM signature(s); source UOM=lt; source case qty=12,$0.00
353443,silver oak napa cab,2,b36a211f-58fd-4111-9c45-fe1218dba843,Silver Oak Napa Cab,decided on downstream references (10 vs 4),1,Yes,Yes,2,liquor cage | wine cellar,0,1 mapping record(s) across 1 of 2 identity/identities; sibling records=0,Compatible; 1 candidate pack/UOM signature(s); source UOM=not supplied; source case qty=not supplied,$0.00
3547080,root beer diet can,5,7b7d6b9f-c4f5-4156-9b77-c1c31ed76429,ROOT BEER DIET CAN,decided on downstream references (21 vs 5),4,Yes,Yes,5,beverage carts | dry storeroom | grill room | halfway house | pool cafe,2,1 mapping record(s) across 1 of 5 identity/identities; sibling records=0,Compatible; 1 candidate pack/UOM signature(s); source UOM=ea; source case qty=1,$0.00
357918,cakebrea napa merlot,2,bbbe245f-864b-42b9-af43-16a1987cae8a,CAKEBREA NAPA MERLOT,decided on downstream references (11 vs 5),1,Yes,Yes,2,liquor cage | wine cellar,1,1 mapping record(s) across 1 of 2 identity/identities; sibling records=0,Compatible; 1 candidate pack/UOM signature(s); source UOM=not supplied; source case qty=not supplied,$0.00
360684,villa maria sauv blanc earth garden 22,4,7a283d47-396e-411c-b8f9-a68104c2fd66,VILLA MARIA SAUV BLANC EARTH GARDEN 22,decided on downstream references (16 vs 4),3,Yes,Yes,4,grill room | liquor cage | member lounge | pool cafe,0,1 mapping record(s) across 1 of 4 identity/identities; sibling records=0,Compatible; 1 candidate pack/UOM signature(s); source UOM=not supplied; source case qty=not supplied,$0.00
360927,grahams port tawny 10yr,2,7c7b46b0-0acc-447d-a4db-d18fb73facce,GRAHAMS PORT TAWNY 10YR,decided on downstream references (12 vs 5),1,Yes,Yes,2,liquor cage | member lounge,1,1 mapping record(s) across 1 of 2 identity/identities; sibling records=0,Compatible; 1 candidate pack/UOM signature(s); source UOM=not supplied; source case qty=not supplied,$0.00
36096,kaiser pretzel 5oz,2,53a83f55-2524-40d3-a4b3-a6f67f2cb4f5,Kaiser Pretzel 5oz,decided on downstream references (10 vs 4),1,Yes,Yes,2,bay window | bread reach in,0,1 mapping record(s) across 1 of 2 identity/identities; sibling records=0,Compatible; 1 candidate pack/UOM signature(s); source UOM=ea; source case qty=1,$0.00
36126,ketel one,8,8474eb0d-7670-475d-8b47-fc9079d0259a,Ketel One,decided on downstream references (9 vs 8),7,Yes,No,8,bay window bar | beverage carts | grill room | halfway house | liquor cage | member lounge | mens locker room | pool cafe,5,2 mapping record(s) across 1 of 8 identity/identities; sibling records=0,Compatible; 1 candidate pack/UOM signature(s); source UOM=lt; source case qty=12,$0.00
361442,outerbound alex vly cab 6pk 14,2,75ff741e-4002-4364-a097-ae59a562aea1,OUTERBOUND ALEX VLY CAB 6PK +14,decided on downstream references (10 vs 4),1,Yes,Yes,2,liquor cage | wine cellar,0,1 mapping record(s) across 1 of 2 identity/identities; sibling records=0,Compatible; 1 candidate pack/UOM signature(s); source UOM=not supplied; source case qty=not supplied,$0.00
367001,banfi aska bolgheri rosso,2,f99a638f-a479-4493-9b01-29c00cae96b6,BANFI ASKA BOLGHERI ROSSO,decided on downstream references (11 vs 5),1,Yes,Yes,2,liquor cage | wine cellar,1,1 mapping record(s) across 1 of 2 identity/identities; sibling records=0,Compatible; 1 candidate pack/UOM signature(s); source UOM=not supplied; source case qty=not supplied,$0.00
368660,jadot gevrey chambertin rg kb 6pk,2,35b0e17c-36db-47cf-a7be-587b7fd8301d,JADOT GEVREY CHAMBERTIN RG KB 6PK,decided on downstream references (11 vs 5),1,Yes,Yes,2,liquor cage | wine cellar,1,1 mapping record(s) across 1 of 2 identity/identities; sibling records=0,Compatible; 1 candidate pack/UOM signature(s); source UOM=not supplied; source case qty=not supplied,$0.00
3700499,fries sweet potato,5,28387eac-5893-425a-b7a6-1aad8ef5916d,Fries - Sweet Potato,decided on downstream references (24 vs 5),4,Yes,Yes,5,bay window | cafe | front reach in freezer | main freezer | main kitchen,3,1 mapping record(s) across 1 of 5 identity/identities; sibling records=0,Compatible; 1 candidate pack/UOM signature(s); source UOM=lb; source case qty=6,$0.00
371226,outerbound rr p noir 6pk,2,bf328f6d-f01c-461e-82d7-76b7b664ac02,OUTERBOUND RR P NOIR 6PK,decided on downstream references (10 vs 4),1,Yes,Yes,2,liquor cage | wine cellar,0,1 mapping record(s) across 1 of 2 identity/identities; sibling records=0,Compatible; 1 candidate pack/UOM signature(s); source UOM=not supplied; source case qty=not supplied,$0.00
3760691,turkey breast cooked,3,8343b341-8427-4855-aef8-7716b9589a68,Turkey - Breast Cooked,decided on downstream references (14 vs 5),2,Yes,Yes,3,cafe | main kitchen | main walk in,1,1 mapping record(s) across 1 of 3 identity/identities; sibling records=0,Compatible; 1 candidate pack/UOM signature(s); source UOM=lb; source case qty=1,$0.00
384340,smirnoff vodka,3,c4156c9b-d01b-4579-bdd7-a123acc6783d,Smirnoff Vodka,decided on downstream references (14 vs 5),2,Yes,Yes,3,liquor cage | mens locker room | pool cafe,1,1 mapping record(s) across 1 of 3 identity/identities; sibling records=0,Compatible; 1 candidate pack/UOM signature(s); source UOM=not supplied; source case qty=not supplied,$0.00
384808,san simeon paso robles cab 14,2,e9d3577a-d738-443a-a4ea-69066ed17667,SAN SIMEON PASO ROBLES CAB +14,decided on downstream references (10 vs 4),1,Yes,Yes,2,liquor cage | wine cellar,0,1 mapping record(s) across 1 of 2 identity/identities; sibling records=0,Compatible; 1 candidate pack/UOM signature(s); source UOM=not supplied; source case qty=not supplied,$0.00
385222,provenance napa merlot,2,d8bce535-1feb-44f4-93a1-9e81f7e7c7f0,PROVENANCE NAPA MERLOT,decided on downstream references (11 vs 5),1,Yes,Yes,2,liquor cage | wine cellar,1,1 mapping record(s) across 1 of 2 identity/identities; sibling records=0,Compatible; 1 candidate pack/UOM signature(s); source UOM=not supplied; source case qty=not supplied,$0.00
387416,clio jumilla red blnd rtm 5pk 14 org,2,4b23cf37-fc8a-4dfb-9820-070ddf14802a,CLIO JUMILLA RED BLND RTM 5PK +14 ORG,decided on downstream references (11 vs 5),1,Yes,Yes,2,liquor cage | wine cellar,1,1 mapping record(s) across 1 of 2 identity/identities; sibling records=0,Compatible; 1 candidate pack/UOM signature(s); source UOM=not supplied; source case qty=not supplied,$0.00
389170,suntory hibiki japanese harmony,2,9c786de3-0587-4418-b8d5-2a9d2898078d,Suntory - Hibiki Japanese Harmony,decided on downstream references (10 vs 4),1,Yes,Yes,2,liquor cage | mens locker room,0,1 mapping record(s) across 1 of 2 identity/identities; sibling records=0,Compatible; 1 candidate pack/UOM signature(s); source UOM=not supplied; source case qty=not supplied,$0.00
3895562,gumbo file,2,027119eb-a124-496b-816d-517a3c993f1e,Gumbo File,decided on downstream references (13 vs 5),1,Yes,Yes,2,dry storeroom | main kitchen,1,1 mapping record(s) across 1 of 2 identity/identities; sibling records=0,Compatible; 1 candidate pack/UOM signature(s); source UOM=oz; source case qty=1,$0.00
3896446,tomato canned diced,2,cf066d4c-9148-4c5e-85f7-935ea6568fd7,Tomato - Canned - Diced,decided on downstream references (11 vs 5),1,Yes,Yes,2,dry storeroom | main walk in,1,1 mapping record(s) across 1 of 2 identity/identities; sibling records=0,Compatible; 1 candidate pack/UOM signature(s); source UOM=kg; source case qty=6,$0.00
39134,flat breads,2,c5b53b62-11a6-4127-83f3-035f33566a3d,Flat Breads,decided on downstream references (13 vs 4),1,Yes,Yes,2,bay window | front reach in freezer,0,1 mapping record(s) across 1 of 2 identity/identities; sibling records=0,Compatible; 1 candidate pack/UOM signature(s); source UOM=ea; source case qty=1,$0.00
3930,20 oz palmer can,8,ac8ad8b2-507c-4d0a-95a4-26465f55d391,20 oz Palmer Can,decided on downstream references (33 vs 5),7,Yes,Yes,8,bay window | beverage carts | cafe | dry storeroom | grill room | halfway house | mens locker room | pool cafe,4,1 mapping record(s) across 1 of 8 identity/identities; sibling records=0,Compatible; 1 candidate pack/UOM signature(s); source UOM=ea; source case qty=1,$0.00
39824,cig jai alai c24 12oz 12p,9,bcbf9c4b-2a16-43ac-8cda-6d976c52e698,CIG JAI ALAI C24 12OZ 12P,decided on downstream references (38 vs 5),8,Yes,Yes,9,bay window bar | beer cage | beverage carts | grill room | halfway house | liquor cage | member lounge | mens locker room | pool cafe,7,1 mapping record(s) across 1 of 9 identity/identities; sibling records=0,Compatible; 1 candidate pack/UOM signature(s); source UOM=ea; source case qty=2,$0.00
398686,smirnoff peppermint,2,b3150363-8617-4cd9-a80a-a12cd1a3c2d2,Smirnoff - Peppermint,decided on downstream references (10 vs 4),1,Yes,Yes,2,liquor cage | member lounge,0,1 mapping record(s) across 1 of 2 identity/identities; sibling records=0,Compatible; 1 candidate pack/UOM signature(s); source UOM=not supplied; source case qty=not supplied,$0.00
4002432,mayonnaise extra heavy,5,7c9a155e-734e-4f71-962d-106a306d1aa0,Mayonnaise - Extra Heavy,decided on downstream references (24 vs 5),4,Yes,Yes,5,bay window | cafe | dry storeroom | main kitchen | main walk in,4,1 mapping record(s) across 1 of 5 identity/identities; sibling records=0,Compatible; 1 candidate pack/UOM signature(s); source UOM=gal; source case qty=1,$0.00
4002499,dressing coleslaw,2,47def0e0-5666-4fd7-ba36-f80a4e9ae2e5,Dressing - Coleslaw,decided on downstream references (10 vs 8),1,No,Yes,2,cafe | main walk in,2,2 mapping record(s) across 1 of 2 identity/identities; sibling records=0,Compatible; 1 candidate pack/UOM signature(s); source UOM=gal; source case qty=1,$0.00
4005617,teriyaki marinade,3,fd8fa0e1-1ae1-4425-8cfb-f1b53803e1e4,Teriyaki Marinade,decided on downstream references (16 vs 5),2,Yes,Yes,3,cafe | dry storeroom | main walk in,1,1 mapping record(s) across 1 of 3 identity/identities; sibling records=0,Compatible; 1 candidate pack/UOM signature(s); source UOM=gal; source case qty=4,$0.00
4006649,mustard individual,4,df26de1c-7636-48be-9ecb-658cc69438f3,Mustard - Individual,decided on downstream references (20 vs 5),3,Yes,Yes,4,bay window | cafe | dry storeroom | main kitchen,2,1 mapping record(s) across 1 of 4 identity/identities; sibling records=0,Compatible; 1 candidate pack/UOM signature(s); source UOM=ea; source case qty=500,$0.00
4007852,worcestershire,6,9c4d1696-e121-4f39-b07b-e15864f95eb7,Worcestershire,decided on downstream references (22 vs 5),5,Yes,Yes,6,bay window | bay window bar | cafe | dry storeroom | grill room | halfway house,1,1 mapping record(s) across 1 of 6 identity/identities; sibling records=0,Compatible; 1 candidate pack/UOM signature(s); source UOM=oz; source case qty=24,$0.00
4018461,equal,5,492b988e-3401-4ffb-b1f2-a8ab8f32377a,Equal,decided on downstream references (24 vs 5),4,Yes,Yes,5,bay window | dry storeroom | halfway house | main kitchen | mens locker room,3,1 mapping record(s) across 1 of 5 identity/identities; sibling records=0,Compatible; 1 candidate pack/UOM signature(s); source UOM=not supplied; source case qty=not supplied,$0.00
4019097,pineapple j 46oz,7,658eaf5a-c906-4f50-9c25-521f9cae9da4,Pineapple J. 46oz,decided on downstream references (26 vs 5),6,Yes,Yes,7,cafe | dry storeroom | grill room | halfway house | main kitchen | member lounge | pool cafe,1,1 mapping record(s) across 1 of 7 identity/identities; sibling records=0,Compatible; 1 candidate pack/UOM signature(s); source UOM=oz; source case qty=12,$0.00
402745,johnnie walker blue,5,aeffcef7-ff52-4740-85a4-066fe33ed166,Johnnie Walker - Blue,decided on downstream references (23 vs 5),4,Yes,Yes,5,bay window bar | grill room | liquor cage | member lounge | mens locker room,3,1 mapping record(s) across 1 of 5 identity/identities; sibling records=0,Compatible; 1 candidate pack/UOM signature(s); source UOM=not supplied; source case qty=not supplied,$0.00
4029518,ketchup bulk,4,8228ef3f-e9ed-413b-b294-d5888ccc8151,Ketchup - Bulk,decided on downstream references (19 vs 5),3,Yes,Yes,4,bay window | cafe | dry storeroom | pool cafe,3,1 mapping record(s) across 1 of 4 identity/identities; sibling records=0,Compatible; 1 candidate pack/UOM signature(s); source UOM=gal; source case qty=1,$0.00
4042479,vinegar red wine,2,051a40d8-9a6b-4b38-bfc4-becad1a7f43a,Vinegar - Red Wine,decided on downstream references (11 vs 5),1,Yes,Yes,2,cafe | dry storeroom,1,1 mapping record(s) across 1 of 2 identity/identities; sibling records=0,Compatible; 1 candidate pack/UOM signature(s); source UOM=gal; source case qty=4,$0.00
404725,angel s envy bourbon,5,5eaf78fa-c65f-4b95-a581-95b019216cd6,Angel's Envy - Bourbon,decided on downstream references (23 vs 5),4,Yes,Yes,5,bay window bar | grill room | liquor cage | member lounge | mens locker room,3,1 mapping record(s) across 1 of 5 identity/identities; sibling records=0,Compatible; 1 candidate pack/UOM signature(s); source UOM=not supplied; source case qty=not supplied,$0.00
4049195,flour tortillas 12 inch,3,cda08835-aa12-4634-b1bb-dfda7f823e8a,Flour Tortillas - 12 inch,decided on downstream references (17 vs 5),2,Yes,Yes,3,cafe | dry storeroom | main kitchen,2,1 mapping record(s) across 1 of 3 identity/identities; sibling records=0,Compatible; 1 candidate pack/UOM signature(s); source UOM=dz; source case qty=1,$0.00
4055945,candy m m plain 1 69 oz,3,e9292882-d732-4aba-a68b-76bb00044e4d,CANDY M&M PLAIN 1.69 OZ,decided on downstream references (17 vs 5),2,Yes,Yes,3,cafe | dry storeroom | halfway house,2,1 mapping record(s) across 1 of 3 identity/identities; sibling records=0,Compatible; 1 candidate pack/UOM signature(s); source UOM=oz; source case qty=1,$0.00
4063186,texas pete sauce hot,2,0d32ccb0-3d22-4ad1-9a17-fe1d453061ef,Texas Pete SAUCE HOT,decided on downstream references (11 vs 4),1,Yes,Yes,2,cafe | dry storeroom,0,1 mapping record(s) across 1 of 2 identity/identities; sibling records=0,Compatible; 1 candidate pack/UOM signature(s); source UOM=ea; source case qty=4,$0.00
406491,benvolio prosecco,7,f0002235-ee8f-4054-a170-e03611fcf48a,BENVOLIO PROSECCO,decided on downstream references (29 vs 5),6,Yes,Yes,7,bay window bar | beverage carts | grill room | liquor cage | member lounge | mens locker room | pool cafe,3,1 mapping record(s) across 1 of 7 identity/identities; sibling records=0,Compatible; 1 candidate pack/UOM signature(s); source UOM=not supplied; source case qty=not supplied,$0.00
4072666,tomato paste,2,fe9ef4f4-bd49-407a-a5bd-0fdfae858977,Tomato - Paste,decided on downstream references (13 vs 5),1,Yes,Yes,2,dry storeroom | main walk in,1,1 mapping record(s) across 1 of 2 identity/identities; sibling records=0,Compatible; 1 candidate pack/UOM signature(s); source UOM=oz; source case qty=6,$0.00
4086229,vinegar champagne,2,c551ce93-580b-4726-b346-0f2e18567512,Vinegar - Champagne,decided on downstream references (11 vs 5),1,Yes,Yes,2,cafe | dry storeroom,1,1 mapping record(s) across 1 of 2 identity/identities; sibling records=0,Compatible; 1 candidate pack/UOM signature(s); source UOM=oz; source case qty=12,$0.00
409268,elijah craig small batch bourbon,3,a1954bfe-aa5a-4f79-a686-b675bda7b9fc,Elijah Craig - Small Batch Bourbon,decided on downstream references (14 vs 5),2,Yes,Yes,3,liquor cage | member lounge | mens locker room,1,1 mapping record(s) across 1 of 3 identity/identities; sibling records=0,Compatible; 1 candidate pack/UOM signature(s); source UOM=not supplied; source case qty=not supplied,$0.00
4099891,tonic ind,6,feb24858-5a4a-4aa9-b84a-0a071be7d2e8,Tonic - Ind.,decided on downstream references (27 vs 5),5,Yes,Yes,6,bay window | cafe | dry storeroom | halfway house | member lounge | mens locker room,4,1 mapping record(s) across 1 of 6 identity/identities; sibling records=0,Compatible; 1 candidate pack/UOM signature(s); source UOM=ea; source case qty=1,$0.00
4104840,brownies,2,6c35d772-fe78-4d11-bddb-3f1b70cdac77,Brownies,decided on downstream references (12 vs 4),1,Yes,Yes,2,main freezer | pastry shop,0,1 mapping record(s) across 1 of 2 identity/identities; sibling records=0,Compatible; 1 candidate pack/UOM signature(s); source UOM=ea; source case qty=1,$0.00
410753,angel s envy rye whiskey,4,a512b374-daa4-4bff-ac08-22158fba66e2,Angel's Envy - Rye Whiskey,decided on downstream references (20 vs 5),3,Yes,Yes,4,bay window bar | liquor cage | member lounge | mens locker room,3,1 mapping record(s) across 1 of 4 identity/identities; sibling records=0,Compatible; 1 candidate pack/UOM signature(s); source UOM=not supplied; source case qty=not supplied,$0.00
4113049,vinegar white distilled,3,a414a6f2-01a0-4bbf-9b0f-db05fe13cee7,Vinegar - White Distilled,decided on downstream references (16 vs 5),2,Yes,Yes,3,cafe | dry storeroom | main kitchen,2,1 mapping record(s) across 1 of 3 identity/identities; sibling records=0,Compatible; 1 candidate pack/UOM signature(s); source UOM=gal; source case qty=1,$0.00
411403,don julio 1942,4,b919b8bf-a032-4b58-88a5-1e324c330461,Don Julio - 1942,decided on downstream references (16 vs 5),3,Yes,Yes,4,bay window bar | halfway house | liquor cage | member lounge,1,1 mapping record(s) across 1 of 4 identity/identities; sibling records=0,Compatible; 1 candidate pack/UOM signature(s); source UOM=not supplied; source case qty=not supplied,$0.00
4121950,pineapple juice,7,2d573268-c3ea-44d0-b49d-7ec8c8a447be,Pineapple Juice,decided on downstream references (29 vs 5),6,Yes,Yes,7,cafe | dry storeroom | grill room | halfway house | member lounge | mens locker room | pool cafe,2,1 mapping record(s) across 1 of 7 identity/identities; sibling records=0,Compatible; 1 candidate pack/UOM signature(s); source UOM=oz; source case qty=48,$0.00
4135380,pan spray,5,39b347c8-9a0f-4335-8f16-ca3a1137293f,Pan Spray,decided on downstream references (25 vs 5),4,Yes,Yes,5,bay window | cafe | dry storeroom | main kitchen | pastry shop,4,1 mapping record(s) across 1 of 5 identity/identities; sibling records=0,Compatible; 1 candidate pack/UOM signature(s); source UOM=oz; source case qty=6,$0.00
4136768,ketchup individual,5,ff5c24af-c8fc-4b74-8d8f-48ca6adcef50,Ketchup - Individual,decided on downstream references (23 vs 5),4,Yes,Yes,5,bay window | cafe | dry storeroom | main kitchen | pool cafe,3,1 mapping record(s) across 1 of 5 identity/identities; sibling records=0,Compatible; 1 candidate pack/UOM signature(s); source UOM=not supplied; source case qty=not supplied,$0.00
417747,red breast irish whiskey 12yr,2,f650eb09-cfb8-4ef9-a800-2490c211e0ef,Red Breast -  Irish Whiskey 12Yr,decided on downstream references (8 vs 7),1,No,Yes,2,liquor cage | mens locker room,1,2 mapping record(s) across 1 of 2 identity/identities; sibling records=0,Compatible; 1 candidate pack/UOM signature(s); source UOM=not supplied; source case qty=not supplied,$0.00
4184453,grape jelly,5,4951e2f3-5b55-4f25-abed-a740b20e1eb1,Grape jelly,decided on downstream references (22 vs 5),4,Yes,Yes,5,bay window | cafe | dry storeroom | main walk in | pool cafe,3,1 mapping record(s) across 1 of 5 identity/identities; sibling records=0,Compatible; 1 candidate pack/UOM signature(s); source UOM=ea; source case qty=6,$0.00
4186086,pancake syrup,2,26b98709-892d-4263-bf8a-c1f574fb033e,Pancake Syrup,decided on downstream references (13 vs 5),1,Yes,Yes,2,dry storeroom | main kitchen,1,1 mapping record(s) across 1 of 2 identity/identities; sibling records=0,Compatible; 1 candidate pack/UOM signature(s); source UOM=gal; source case qty=1,$0.00
4186441,marmalade orange,2,d1cad23f-e31b-4c30-8b54-4a2841c7308a,Marmalade - Orange,decided on downstream references (13 vs 5),1,Yes,Yes,2,dry storeroom | main walk in,1,1 mapping record(s) across 1 of 2 identity/identities; sibling records=0,Compatible; 1 candidate pack/UOM signature(s); source UOM=lb; source case qty=1,$0.00
42006,stella artois 1 6 bbl,3,c19de684-f99b-43cd-b6e0-b0517acd19f2,STELLA ARTOIS 1/6 BBL,decided on downstream references (15 vs 5),2,Yes,Yes,3,bay window bar | liquor cage | mens locker room,1,1 mapping record(s) across 1 of 3 identity/identities; sibling records=0,Compatible; 1 candidate pack/UOM signature(s); source UOM=not supplied; source case qty=not supplied,$0.00
4204996,saltines,3,6dd2342a-280c-4c8f-b2a4-486729ce9c3c,Saltines,decided on downstream references (17 vs 5),2,Yes,Yes,3,bay window | dry storeroom | halfway house,2,1 mapping record(s) across 1 of 3 identity/identities; sibling records=0,Compatible; 1 candidate pack/UOM signature(s); source UOM=oz; source case qty=500,$0.00
4227104,drakes batter mix crispy fry,2,c64947ed-a610-4679-b1a0-0b7a6b0521a9,Drakes BATTER MIX CRISPY FRY,decided on downstream references (13 vs 5),1,Yes,Yes,2,cafe | dry storeroom,1,1 mapping record(s) across 1 of 2 identity/identities; sibling records=0,Compatible; 1 candidate pack/UOM signature(s); source UOM=lb; source case qty=4,$0.00
4232682,sauce teriyaki,3,1271c2eb-d79d-431b-bc89-0a9387ff2403,Sauce - Teriyaki,decided on downstream references (16 vs 5),2,Yes,Yes,3,cafe | dry storeroom | main walk in,1,1 mapping record(s) across 1 of 3 identity/identities; sibling records=0,Compatible; 1 candidate pack/UOM signature(s); source UOM=lb; source case qty=1,$0.00
4245272,gocuchang,2,a400d463-c322-4f83-90d6-0293531b5d50,Gocuchang,decided on downstream references (12 vs 5),1,Yes,Yes,2,dry storeroom | main walk in,1,1 mapping record(s) across 1 of 2 identity/identities; sibling records=0,Compatible; 1 candidate pack/UOM signature(s); source UOM=kg; source case qty=1,$0.00
42493,arnold palmer spiked half and half c24 12oz 12p,7,d94aa261-a377-4032-85ba-62d4d49138b8,ARNOLD PALMER SPIKED HALF AND HALF C24 12OZ 12P,decided on downstream references (30 vs 5),6,Yes,Yes,7,beer cage | beverage carts | grill room | halfway house | member lounge | mens locker room | pool cafe,5,1 mapping record(s) across 1 of 7 identity/identities; sibling records=0,Compatible; 1 candidate pack/UOM signature(s); source UOM=ea; source case qty=1,$0.00
4274684,sauce tabasco,6,880224e4-4fa8-4354-8ecc-631df7d5cfcc,Sauce - Tabasco,decided on downstream references (24 vs 5),5,Yes,Yes,6,bay window bar | dry storeroom | halfway house | main kitchen | member lounge | pool cafe,1,1 mapping record(s) across 1 of 6 identity/identities; sibling records=0,Compatible; 1 candidate pack/UOM signature(s); source UOM=ea; source case qty=144,$0.00
42856,heineken 0 0 c24 11 2oz 6p,7,0fc5fcee-ba7d-49e1-8517-843d4ec3ab9d,HEINEKEN 0.0 C24 11.2OZ 6P,decided on downstream references (26 vs 5),6,Yes,Yes,7,bay window bar | beverage carts | grill room | halfway house | liquor cage | member lounge | pool cafe,4,1 mapping record(s) across 1 of 7 identity/identities; sibling records=0,Compatible; 1 candidate pack/UOM signature(s); source UOM=ea; source case qty=6,$0.00
4295861,ginger ale ind,10,897b5b83-fd73-44de-8850-af8bb18efc12,Ginger Ale - Ind.,decided on downstream references (39 vs 5),9,Yes,Yes,10,bay window | bay window bar | beverage carts | cafe | dry storeroom | grill room | halfway house | member lounge | mens locker room | pool cafe,4,1 mapping record(s) across 1 of 10 identity/identities; sibling records=0,Compatible; 1 candidate pack/UOM signature(s); source UOM=ea; source case qty=1,$0.00
4295960,club soda individual,11,cae3761a-e43c-44b2-8ec5-e719ee90c390,Club Soda - Individual,decided on downstream references (42 vs 5),10,Yes,Yes,11,bay window | bay window bar | beverage carts | cafe | dry storeroom | grill room | halfway house | liquor cage | member lounge | mens locker room | pool cafe,4,1 mapping record(s) across 1 of 11 identity/identities; sibling records=0,Compatible; 1 candidate pack/UOM signature(s); source UOM=ea; source case qty=1,$0.00
430016,ancho reyes chile liqueur,2,e1ef70aa-7701-4ede-8106-31e0d1debbbf,Ancho Reyes - Chile Liqueur,decided on existing historical use (1 vs 0),1,No,Yes,2,bay window bar | liquor cage,0,1 mapping record(s) across 1 of 2 identity/identities; sibling records=1,Compatible; 1 candidate pack/UOM signature(s); source UOM=not supplied; source case qty=not supplied,$0.00
431376,effen cucumber,5,7034a999-e3b1-4e42-8678-3e69ef1055f1,Effen - Cucumber,decided on downstream references (22 vs 5),4,Yes,Yes,5,bay window bar | liquor cage | member lounge | mens locker room | pool cafe,3,1 mapping record(s) across 1 of 5 identity/identities; sibling records=0,Compatible; 1 candidate pack/UOM signature(s); source UOM=lt; source case qty=6,$0.00
431575,crown royal vanilla,6,3e8cd93c-1737-449a-94b6-6355a2c3513a,Crown Royal - Vanilla,decided on downstream references (22 vs 4),5,Yes,Yes,6,bay window bar | grill room | liquor cage | member lounge | mens locker room | pool cafe,0,1 mapping record(s) across 1 of 6 identity/identities; sibling records=0,Compatible; 1 candidate pack/UOM signature(s); source UOM=lt; source case qty=1,$0.00
4355414,pepperoncini,2,67394463-190d-4767-b3ba-841868db0b5e,Pepperoncini,decided on downstream references (13 vs 5),1,Yes,Yes,2,cafe | dry storeroom,1,1 mapping record(s) across 1 of 2 identity/identities; sibling records=0,Compatible; 1 candidate pack/UOM signature(s); source UOM=gal; source case qty=1,$0.00
4361432,honey,2,8280a5d0-56d2-48c2-b5be-813317d5acee,Honey,decided on downstream references (13 vs 5),1,Yes,Yes,2,bay window | cafe,1,1 mapping record(s) across 1 of 2 identity/identities; sibling records=0,Compatible; 1 candidate pack/UOM signature(s); source UOM=lb; source case qty=1,$0.00
4363453,blackened seasoning,4,0bbb1beb-9386-4429-a619-5f02cd710bca,Blackened Seasoning,decided on downstream references (21 vs 5),3,Yes,Yes,4,bay window | cafe | dry storeroom | main kitchen,3,1 mapping record(s) across 1 of 4 identity/identities; sibling records=0,Compatible; 1 candidate pack/UOM signature(s); source UOM=ea; source case qty=1,$0.00
4380788,candy m m peanut 1 74 oz,5,ea08a84a-3a38-4bff-a8b1-420822b87e88,CANDY M&M PEANUT 1.74 OZ,decided on downstream references (22 vs 5),4,Yes,Yes,5,beverage carts | cafe | dry storeroom | halfway house | pool cafe,3,1 mapping record(s) across 1 of 5 identity/identities; sibling records=0,Compatible; 1 candidate pack/UOM signature(s); source UOM=ea; source case qty=1,$0.00
4404BO0642,boiron red cherry puree,2,df8abc86-456f-4d77-90e4-26c9053ee20d,BOIRON RED CHERRY PUREE,decided on downstream references (10 vs 4),1,Yes,Yes,2,main freezer | pastry shop,0,1 mapping record(s) across 1 of 2 identity/identities; sibling records=0,Compatible; 1 candidate pack/UOM signature(s); source UOM=kg; source case qty=6,$0.00
4421109,sweetst cookie chunk iw sandy,2,075df395-ffe7-48ee-bc8a-39c9063dd58e,SWEETST COOKIE CHUNK IW SANDY,decided on downstream references (10 vs 4),1,Yes,Yes,2,main freezer | pool cafe,0,1 mapping record(s) across 1 of 2 identity/identities; sibling records=0,Compatible; 1 candidate pack/UOM signature(s); source UOM=ea; source case qty=1,$0.00
442536,martini rossi vermouth sweet,3,405cd0c4-ec8d-4b19-890b-b07a8ff40a6d,Martini & Rossi - Vermouth Sweet,decided on downstream references (13 vs 4),2,Yes,Yes,3,grill room | liquor cage | member lounge,0,1 mapping record(s) across 1 of 3 identity/identities; sibling records=0,Compatible; 1 candidate pack/UOM signature(s); source UOM=not supplied; source case qty=not supplied,$0.00
443117,codigo 1530 anejo origen,2,ab6c65a7-fe59-4ed8-a55b-cf1f64e5cd59,Codigo 1530 - Anejo Origen,decided on downstream references (11 vs 5),1,Yes,Yes,2,liquor cage | mens locker room,1,1 mapping record(s) across 1 of 2 identity/identities; sibling records=0,Compatible; 1 candidate pack/UOM signature(s); source UOM=not supplied; source case qty=not supplied,$0.00
4434235,tuna,3,8a4705ca-2bf2-44ff-a318-b67b39e4d797,Tuna,decided on downstream references (10 vs 6),2,Yes,No,3,cafe | main freezer | main kitchen,0,2 mapping record(s) across 1 of 3 identity/identities; sibling records=0,Compatible; 1 candidate pack/UOM signature(s); source UOM=lb; source case qty=1,$0.00
4441457,sauce hershey choc,3,d1c993e2-b4c4-4dd4-832c-0f7e040ce1d7,Sauce Hershey Choc,decided on downstream references (17 vs 5),2,Yes,Yes,3,bay window | cafe | dry storeroom,2,1 mapping record(s) across 1 of 3 identity/identities; sibling records=0,Compatible; 1 candidate pack/UOM signature(s); source UOM=ea; source case qty=24,$0.00
4455,thyme whole,2,a4981254-0423-4151-ab61-d57918ca78d0,Thyme whole,decided on downstream references (12 vs 5),1,Yes,Yes,2,dry storeroom | main kitchen,1,1 mapping record(s) across 1 of 2 identity/identities; sibling records=0,Compatible; 1 candidate pack/UOM signature(s); source UOM=case; source case qty=1,$0.00
446117,casamigo s blanco,8,6fe4fc85-c90e-4164-bf2a-37f63dccaf2c,Casamigo's - Blanco,decided on downstream references (9 vs 7),7,No,Yes,8,bay window bar | beverage carts | grill room | halfway house | liquor cage | member lounge | mens locker room | pool cafe,4,2 mapping record(s) across 1 of 8 identity/identities; sibling records=0,Compatible; 1 candidate pack/UOM signature(s); source UOM=ml; source case qty=5,$0.00
446127,casamigo s reposado,4,b2d7fd4d-5975-467d-bfc1-0759940d2464,Casamigo's - Reposado,decided on downstream references (20 vs 5),3,Yes,Yes,4,bay window bar | liquor cage | member lounge | mens locker room,3,1 mapping record(s) across 1 of 4 identity/identities; sibling records=0,Compatible; 1 candidate pack/UOM signature(s); source UOM=lt; source case qty=6,$0.00
446128,casamigo s blanco,8,6fe4fc85-c90e-4164-bf2a-37f63dccaf2c,Casamigo's - Blanco,decided on downstream references (9 vs 7),7,Yes,No,8,bay window bar | beverage carts | grill room | halfway house | liquor cage | member lounge | mens locker room | pool cafe,4,2 mapping record(s) across 1 of 8 identity/identities; sibling records=0,Compatible; 1 candidate pack/UOM signature(s); source UOM=lt; source case qty=6,$0.00
4461513,mustard dijon whole grain,2,b4baedf1-0fc6-41e4-9165-a08dc6b4b1f7,Mustard - Dijon Whole Grain,decided on downstream references (12 vs 5),1,Yes,Yes,2,dry storeroom | main walk in,1,1 mapping record(s) across 1 of 2 identity/identities; sibling records=0,Compatible; 1 candidate pack/UOM signature(s); source UOM=kg; source case qty=1,$0.00
4488464,cracker oyster,3,d2cfa091-8fa3-43d7-b8cb-42fe17a1c6bf,Cracker - Oyster,decided on downstream references (10 vs 8),2,No,Yes,3,bay window | dry storeroom | halfway house,4,2 mapping record(s) across 1 of 3 identity/identities; sibling records=0,Compatible; 1 candidate pack/UOM signature(s); source UOM=ea; source case qty=1,$0.00
4505887,chicken breast,6,823d4663-2055-4d99-96d0-3f24632ba65f,Chicken - Breast,decided on downstream references (26 vs 5),5,Yes,Yes,6,bay window | cafe | main freezer | main kitchen | main walk in | pool cafe,4,1 mapping record(s) across 1 of 6 identity/identities; sibling records=0,Compatible; 1 candidate pack/UOM signature(s); source UOM=lb; source case qty=1,$0.00
4507966,cheese gruyere,3,255c8ca1-27b4-494b-b837-e75aa6662280,Cheese - Gruyere,decided on downstream references (17 vs 5),2,Yes,Yes,3,bay window | main walk in | produce walk in,2,1 mapping record(s) across 1 of 3 identity/identities; sibling records=0,Compatible; 1 candidate pack/UOM signature(s); source UOM=lb; source case qty=1,$0.00
4520805,mustard seed,2,2c53a6e2-a97d-48a0-bd53-60fd28e32a28,Mustard Seed,decided on downstream references (12 vs 5),1,Yes,Yes,2,dry storeroom | main kitchen,1,1 mapping record(s) across 1 of 2 identity/identities; sibling records=0,Compatible; 1 candidate pack/UOM signature(s); source UOM=oz; source case qty=1,$0.00
4537371,dressing coleslaw,2,47def0e0-5666-4fd7-ba36-f80a4e9ae2e5,Dressing - Coleslaw,decided on downstream references (10 vs 8),1,Yes,No,2,cafe | main walk in,2,2 mapping record(s) across 1 of 2 identity/identities; sibling records=0,Compatible; 1 candidate pack/UOM signature(s); source UOM=gal; source case qty=1,$0.00
4581070,mayonnaise individual,4,1723d822-ac71-41dd-b030-ca1db0437ed9,Mayonnaise - Individual,decided on downstream references (20 vs 5),3,Yes,Yes,4,bay window | cafe | dry storeroom | main kitchen,2,1 mapping record(s) across 1 of 4 identity/identities; sibling records=0,Compatible; 1 candidate pack/UOM signature(s); source UOM=ea; source case qty=500,$0.00
459315,blandys madeira bual 10yr,2,2d886e3e-e1ab-44f6-9643-04d7214ef014,BLANDYS MADEIRA BUAL 10YR,decided on downstream references (11 vs 5),1,Yes,Yes,2,liquor cage | member lounge,1,1 mapping record(s) across 1 of 2 identity/identities; sibling records=0,Compatible; 1 candidate pack/UOM signature(s); source UOM=ml; source case qty=1,$0.00
459316,blandys madeira verdelho 10y,2,31d017c5-4f82-44e0-a9d8-5f0f259bc9d9,BLANDYS MADEIRA VERDELHO 10Y,decided on downstream references (11 vs 5),1,Yes,Yes,2,liquor cage | member lounge,1,1 mapping record(s) across 1 of 2 identity/identities; sibling records=0,Compatible; 1 candidate pack/UOM signature(s); source UOM=ml; source case qty=1,$0.00
4645370,pecan,2,40b4286a-07fa-46e9-b279-164185d5bfd1,Pecan,decided on downstream references (13 vs 5),1,Yes,Yes,2,cafe | dry storeroom,1,1 mapping record(s) across 1 of 2 identity/identities; sibling records=0,Compatible; 1 candidate pack/UOM signature(s); source UOM=lb; source case qty=3,$0.00
4671350,rice,2,a82bad6d-ca24-4695-a343-fbe9a986a32f,Rice,decided on downstream references (12 vs 5),1,Yes,Yes,2,bay window | dry storeroom,1,1 mapping record(s) across 1 of 2 identity/identities; sibling records=0,Compatible; 1 candidate pack/UOM signature(s); source UOM=lb; source case qty=1,$0.00
4676306,milk whole,5,fbd0d64f-0f07-47c5-b414-d6967fbbeb8b,Milk - Whole,decided on downstream references (10 vs 8),4,No,Yes,5,bay window | cafe | halfway house | main kitchen | main walk in,7,2 mapping record(s) across 1 of 5 identity/identities; sibling records=0,Compatible; 1 candidate pack/UOM signature(s); source UOM=gal; source case qty=1,$0.00
4680294,apple juice 32,4,829149f1-3c56-4418-a7fa-0d8e33d91853,Apple Juice 32,decided on downstream references (21 vs 5),3,Yes,Yes,4,bay window | cafe | dry storeroom | main walk in,3,1 mapping record(s) across 1 of 4 identity/identities; sibling records=0,Compatible; 1 candidate pack/UOM signature(s); source UOM=ea; source case qty=1,$0.00
47-50310,duck breast,3,fe5d61bd-be83-4a7e-8a07-f9b17af19eb2,Duck - Breast,decided on downstream references (13 vs 4),2,Yes,Yes,3,bay window | main freezer | main walk in,0,1 mapping record(s) across 1 of 3 identity/identities; sibling records=0,Compatible; 1 candidate pack/UOM signature(s); source UOM=lb; source case qty=1,$0.00
4771533,ball falafel frttr 1 oz iqf,3,847b4442-d26c-43a3-a02e-dfdc82a6f505,BALL FALAFEL FRTTR 1 OZ IQF,decided on downstream references (13 vs 4),2,Yes,Yes,3,cafe | front reach in freezer | main freezer,0,1 mapping record(s) across 1 of 3 identity/identities; sibling records=0,Compatible; 1 candidate pack/UOM signature(s); source UOM=lb; source case qty=4,$0.00
4782694,sugar granulated,2,3b6d998e-56f9-4bab-a1fd-03875400cb40,Sugar - Granulated,decided on downstream references (12 vs 4),1,Yes,Yes,2,bay window | pastry shop,0,1 mapping record(s) across 1 of 2 identity/identities; sibling records=0,Compatible; 1 candidate pack/UOM signature(s); source UOM=lb; source case qty=1,$0.00
4783157,puree blood orange,2,0aab6357-07e7-45ff-ae1c-3b0a1c427ce4,Puree - Blood Orange,decided on downstream references (11 vs 5),1,Yes,Yes,2,main freezer | pastry shop,1,1 mapping record(s) across 1 of 2 identity/identities; sibling records=0,Compatible; 1 candidate pack/UOM signature(s); source UOM=oz; source case qty=6,$0.00
4800807,lemonade,2,7d3118dd-7abc-406a-902e-de50833c7b58,Lemonade,decided on downstream references (11 vs 5),1,Yes,Yes,2,cafe | dry storeroom,1,1 mapping record(s) across 1 of 2 identity/identities; sibling records=0,Compatible; 1 candidate pack/UOM signature(s); source UOM=oz; source case qty=15,$0.00
4802670,frank hebrew nat,5,127a9736-7b87-4620-82c8-f012a1e3def7,Frank Hebrew Nat.,decided on downstream references (23 vs 5),4,Yes,Yes,5,cafe | halfway house | main kitchen | main walk in | pool cafe,4,1 mapping record(s) across 1 of 5 identity/identities; sibling records=0,Compatible; 1 candidate pack/UOM signature(s); source UOM=lb; source case qty=4,$0.00
4806889,salsa pico de gallo,2,a114c752-d2df-4aac-95ef-1c82c6e63a14,SALSA PICO DE GALLO,decided on downstream references (13 vs 5),1,Yes,Yes,2,cafe | main walk in,1,1 mapping record(s) across 1 of 2 identity/identities; sibling records=0,Compatible; 1 candidate pack/UOM signature(s); source UOM=lb; source case qty=2,$0.00
4808952,orange juice,5,494e50a9-1b9b-485a-9727-823f079463a7,Orange - Juice,decided on downstream references (21 vs 5),4,Yes,Yes,5,bay window | cafe | main kitchen | main walk in | mens locker room,2,1 mapping record(s) across 1 of 5 identity/identities; sibling records=0,Compatible; 1 candidate pack/UOM signature(s); source UOM=gal; source case qty=4,$0.00
4827832,ginger ground,3,ae007e1d-ecb0-4e9f-b40b-a3756c9124f8,Ginger - Ground,decided on downstream references (16 vs 5),2,Yes,Yes,3,dry storeroom | main kitchen | pastry shop,1,1 mapping record(s) across 1 of 3 identity/identities; sibling records=0,Compatible; 1 candidate pack/UOM signature(s); source UOM=oz; source case qty=1,$0.00
4862702,pasta macaroni,2,05e173c1-da30-4f2d-8329-66023ba76932,Pasta - Macaroni,decided on downstream references (12 vs 4),1,Yes,Yes,2,dry storeroom | main kitchen,0,1 mapping record(s) across 1 of 2 identity/identities; sibling records=0,Compatible; 1 candidate pack/UOM signature(s); source UOM=lb; source case qty=2,$0.00
4872225,rootbeer ind,7,8dadbc91-8f87-4418-b8d5-9e3ad616aea4,Rootbeer - Ind.,decided on downstream references (27 vs 5),6,Yes,Yes,7,beverage carts | cafe | dry storeroom | grill room | halfway house | member lounge | pool cafe,2,1 mapping record(s) across 1 of 7 identity/identities; sibling records=0,Compatible; 1 candidate pack/UOM signature(s); source UOM=ea; source case qty=1,$0.00
4903269,dairy whipped cream,5,1fae7ac5-d6c5-4031-9541-d2dfec7061e9,Dairy - Whipped Cream,decided on downstream references (22 vs 5),4,Yes,Yes,5,bay window | bread reach in | cafe | main walk in | pool cafe,3,1 mapping record(s) across 1 of 5 identity/identities; sibling records=0,Compatible; 1 candidate pack/UOM signature(s); source UOM=ea; source case qty=1,$0.00
4943296,panko,2,da12decb-7037-4486-a7bf-49a8813b2cf1,Panko,decided on downstream references (11 vs 5),1,Yes,Yes,2,cafe | main kitchen,1,1 mapping record(s) across 1 of 2 identity/identities; sibling records=0,Compatible; 1 candidate pack/UOM signature(s); source UOM=lb; source case qty=1,$0.00
4966146,cabbage slaw mix,2,8f616d30-3e93-4b84-9d1d-dc4c7367ff56,Cabbage - Slaw Mix,decided on downstream references (8 vs 7),1,Yes,No,2,cafe | main walk in,1,2 mapping record(s) across 1 of 2 identity/identities; sibling records=0,Compatible; 1 candidate pack/UOM signature(s); source UOM=lb; source case qty=4,$0.00
4991283,lobster roll,4,26403d05-7b79-46c0-b728-c4a984e162c5,Lobster roll,decided on downstream references (16 vs 4),3,Yes,Yes,4,bread reach in | cafe | halfway house | pool cafe,0,1 mapping record(s) across 1 of 4 identity/identities; sibling records=0,Compatible; 1 candidate pack/UOM signature(s); source UOM=ea; source case qty=8,$0.00
5066739,ice cream sand toll hse ckie,3,42ae694a-156b-492c-9de7-ac933e7f6f19,ICE CREAM SAND TOLL HSE CKIE,decided on downstream references (14 vs 5),2,Yes,Yes,3,cafe | main freezer | pool cafe,1,1 mapping record(s) across 1 of 3 identity/identities; sibling records=0,Compatible; 1 candidate pack/UOM signature(s); source UOM=ea; source case qty=1,$0.00
5096441,sauce tomato,2,e7ef17ae-66f0-489a-94af-029024ab9d83,Sauce - Tomato,decided on downstream references (11 vs 5),1,Yes,Yes,2,dry storeroom | main walk in,1,1 mapping record(s) across 1 of 2 identity/identities; sibling records=0,Compatible; 1 candidate pack/UOM signature(s); source UOM=lb; source case qty=6,$0.00
5099122,cranberry juice,9,0add951a-c87c-4ba4-b325-006ae72b8ac6,Cranberry - Juice,decided on downstream references (36 vs 5),8,Yes,Yes,9,bay window | beverage carts | cafe | dry storeroom | halfway house | main kitchen | member lounge | mens locker room | pool cafe,4,1 mapping record(s) across 1 of 9 identity/identities; sibling records=0,Compatible; 1 candidate pack/UOM signature(s); source UOM=ea; source case qty=1,$0.00
51-00141,beef brisket corned cooked,2,ede23d86-64f3-42b8-8aae-1b241bce0c2d,Beef - Brisket Corned - Cooked,decided on downstream references (11 vs 4),1,Yes,Yes,2,main freezer | main walk in,0,1 mapping record(s) across 1 of 2 identity/identities; sibling records=0,Compatible; 1 candidate pack/UOM signature(s); source UOM=lb; source case qty=1,$0.00
5107525,shrimp 16 20,4,8052dd00-5186-4162-8362-def943443d4c,Shrimp - 16-20,decided on downstream references (19 vs 5),3,Yes,Yes,4,bay window | cafe | fish file | main freezer,1,1 mapping record(s) across 1 of 4 identity/identities; sibling records=0,Compatible; 1 candidate pack/UOM signature(s); source UOM=lb; source case qty=4,$0.00
5109053,sauce buffalo,4,95d10806-5d3b-4ac2-bcd5-3df8f53d853e,Sauce - Buffalo,decided on downstream references (21 vs 5),3,Yes,Yes,4,bay window | cafe | dry storeroom | main walk in,3,1 mapping record(s) across 1 of 4 identity/identities; sibling records=0,Compatible; 1 candidate pack/UOM signature(s); source UOM=gal; source case qty=4,$0.00
51200,cardamom,2,0f03f3cd-f85f-41ea-9b9c-2090fbf246c1,Cardamom,decided on downstream references (13 vs 5),1,Yes,Yes,2,dry storeroom | main kitchen,1,1 mapping record(s) across 1 of 2 identity/identities; sibling records=0,Compatible; 1 candidate pack/UOM signature(s); source UOM=ea; source case qty=1,$0.00
512412,wild turkey 101,2,539921fb-467f-49ee-9a67-6648d76e317c,Wild Turkey - 101,decided on downstream references (11 vs 4),1,Yes,Yes,2,liquor cage | mens locker room,0,1 mapping record(s) across 1 of 2 identity/identities; sibling records=0,Compatible; 1 candidate pack/UOM signature(s); source UOM=not supplied; source case qty=not supplied,$0.00
5132234,cheese american yellow sliced,3,55d7a243-da2a-4c48-a15a-4d83964e6897,Cheese - American Yellow Sliced,decided on downstream references (10 vs 8),2,No,Yes,3,bay window | cafe | produce walk in,4,2 mapping record(s) across 1 of 3 identity/identities; sibling records=0,Compatible; 1 candidate pack/UOM signature(s); source UOM=lb; source case qty=1,$0.00
51393,sam just d hze,8,9bf32a16-e1c5-4721-80fd-7f3139615904,SAM JUST D HZE,decided on downstream references (36 vs 5),7,Yes,Yes,8,bay window bar | beer cage | beverage carts | halfway house | liquor cage | member lounge | mens locker room | pool cafe,6,1 mapping record(s) across 1 of 8 identity/identities; sibling records=0,Compatible; 1 candidate pack/UOM signature(s); source UOM=ea; source case qty=24,$0.00
5140561,v 8 juice 46oz,3,cd89b84b-3c6b-46ff-8205-d83a1acd9826,V-8 juice 46oz,decided on downstream references (16 vs 5),2,Yes,Yes,3,bay window | dry storeroom | main kitchen,2,1 mapping record(s) across 1 of 3 identity/identities; sibling records=0,Compatible; 1 candidate pack/UOM signature(s); source UOM=oz; source case qty=8,$0.00
5158502,bay leave,2,903825c0-bb2e-4d1b-a87a-24ced84b00c8,Bay Leave,decided on downstream references (12 vs 5),1,Yes,Yes,2,dry storeroom | main kitchen,1,1 mapping record(s) across 1 of 2 identity/identities; sibling records=0,Compatible; 1 candidate pack/UOM signature(s); source UOM=oz; source case qty=1,$0.00
5161114,beef top sirloin steak,2,a85de79e-1868-4e57-965b-42f6cab38a02,Beef - Top Sirloin Steak,decided on downstream references (11 vs 4),1,Yes,Yes,2,main freezer | main walk in,0,1 mapping record(s) across 1 of 2 identity/identities; sibling records=0,Compatible; 1 candidate pack/UOM signature(s); source UOM=lb; source case qty=1,$0.00
5161658,tomato juice,4,7af18f21-d7c3-42f7-8d81-87f2b224b02c,Tomato - Juice,decided on downstream references (20 vs 5),3,Yes,Yes,4,bay window | dry storeroom | main kitchen | main walk in,3,1 mapping record(s) across 1 of 4 identity/identities; sibling records=0,Compatible; 1 candidate pack/UOM signature(s); source UOM=oz; source case qty=8,$0.00
5191432,vinegar balsamic,3,81f4ce75-9f82-4a85-9c3b-8e8d488a339d,Vinegar - Balsamic,decided on downstream references (14 vs 5),2,Yes,Yes,3,dry storeroom | main kitchen | main walk in,1,1 mapping record(s) across 1 of 3 identity/identities; sibling records=0,Compatible; 1 candidate pack/UOM signature(s); source UOM=lt; source case qty=2,$0.00
5223334,pita,3,7cabb1d4-db4a-4ab4-9f51-30ce1edcd26c,Pita,decided on downstream references (15 vs 5),2,Yes,Yes,3,bread reach in | front reach in freezer | main freezer,1,1 mapping record(s) across 1 of 3 identity/identities; sibling records=0,Compatible; 1 candidate pack/UOM signature(s); source UOM=ea; source case qty=12,$0.00
5228341,basil leaf,4,3c51d94f-c2dd-4ad5-80e6-f01170ce3fed,Basil leaf,decided on downstream references (20 vs 5),3,Yes,Yes,4,bay window | cafe | dry storeroom | main kitchen,3,1 mapping record(s) across 1 of 4 identity/identities; sibling records=0,Compatible; 1 candidate pack/UOM signature(s); source UOM=oz; source case qty=1,$0.00
5228499,celery seed,2,5d333a7e-21f0-44d4-88b6-b3bbfc60d87d,Celery Seed,decided on downstream references (13 vs 5),1,Yes,Yes,2,dry storeroom | main kitchen,1,1 mapping record(s) across 1 of 2 identity/identities; sibling records=0,Compatible; 1 candidate pack/UOM signature(s); source UOM=lb; source case qty=1,$0.00
5228606,cinnamon ground,2,e61694b4-63b9-45c8-b6c5-41848d16c9a7,Cinnamon - Ground,decided on downstream references (13 vs 5),1,Yes,Yes,2,dry storeroom | main kitchen,1,1 mapping record(s) across 1 of 2 identity/identities; sibling records=0,Compatible; 1 candidate pack/UOM signature(s); source UOM=oz; source case qty=1,$0.00
5228648,cinnamon stick,3,db22c030-97e2-4af6-bd0e-ce915f29df83,Cinnamon - Stick,decided on downstream references (16 vs 5),2,Yes,Yes,3,dry storeroom | main kitchen | pastry shop,2,1 mapping record(s) across 1 of 3 identity/identities; sibling records=0,Compatible; 1 candidate pack/UOM signature(s); source UOM=oz; source case qty=1,$0.00
5228655,cloves ground,3,f73e11e1-33e2-43f5-8404-4ddfbed4d888,Cloves - Ground,decided on downstream references (17 vs 5),2,Yes,Yes,3,dry storeroom | main kitchen | pastry shop,2,1 mapping record(s) across 1 of 3 identity/identities; sibling records=0,Compatible; 1 candidate pack/UOM signature(s); source UOM=lb; source case qty=1,$0.00
5228713,cumin ground,4,24f727b8-9102-43d3-aa8b-ffd32c45c0e5,Cumin - Ground,decided on downstream references (20 vs 5),3,Yes,Yes,4,bay window | cafe | dry storeroom | main kitchen,3,1 mapping record(s) across 1 of 4 identity/identities; sibling records=0,Compatible; 1 candidate pack/UOM signature(s); source UOM=oz; source case qty=1,$0.00
5228747,curry powder,2,cef865fc-2c7d-4ce1-b90e-cc71f442cd68,Curry Powder,decided on downstream references (13 vs 5),1,Yes,Yes,2,dry storeroom | main kitchen,1,1 mapping record(s) across 1 of 2 identity/identities; sibling records=0,Compatible; 1 candidate pack/UOM signature(s); source UOM=lb; source case qty=1,$0.00
5229174,paprika,4,e77d9b50-f866-4e72-ae85-d6715fb97d9b,Paprika,decided on downstream references (21 vs 5),3,Yes,Yes,4,bay window | cafe | dry storeroom | main kitchen,3,1 mapping record(s) across 1 of 4 identity/identities; sibling records=0,Compatible; 1 candidate pack/UOM signature(s); source UOM=oz; source case qty=1,$0.00
5229356,pepper black ground table,2,ac52341c-8e58-449c-813a-4dd736c7297a,Pepper - Black - Ground - Table,decided on downstream references (12 vs 5),1,Yes,Yes,2,dry storeroom | main kitchen,1,1 mapping record(s) across 1 of 2 identity/identities; sibling records=0,Compatible; 1 candidate pack/UOM signature(s); source UOM=lb; source case qty=1,$0.00
5229380,pepper black whole,3,2de1b49e-20d3-46a6-b8ad-d5a13fb3bd4a,Pepper - Black - Whole,decided on downstream references (17 vs 5),2,Yes,Yes,3,cafe | dry storeroom | main kitchen,2,1 mapping record(s) across 1 of 3 identity/identities; sibling records=0,Compatible; 1 candidate pack/UOM signature(s); source UOM=lb; source case qty=1,$0.00
5229398,cayenne pepper,4,e99130eb-aa30-4967-92ef-d2d0aaf852b7,Cayenne Pepper,decided on downstream references (21 vs 5),3,Yes,Yes,4,bay window | cafe | dry storeroom | main kitchen,3,1 mapping record(s) across 1 of 4 identity/identities; sibling records=0,Compatible; 1 candidate pack/UOM signature(s); source UOM=ea; source case qty=1,$0.00
5229521,poppy seed,2,04032c95-a742-41d5-a8d4-c3991f0e602a,Poppy Seed,decided on downstream references (13 vs 4),1,Yes,Yes,2,dry storeroom | main kitchen,0,1 mapping record(s) across 1 of 2 identity/identities; sibling records=0,Compatible; 1 candidate pack/UOM signature(s); source UOM=oz; source case qty=1,$0.00
5229612,rosemary dried,2,8e414c50-566e-4292-90cd-0fe56e84795f,Rosemary - Dried,decided on downstream references (11 vs 5),1,Yes,Yes,2,dry storeroom | main kitchen,1,1 mapping record(s) across 1 of 2 identity/identities; sibling records=0,Compatible; 1 candidate pack/UOM signature(s); source UOM=oz; source case qty=1,$0.00
5229802,turmeric,2,c35f6edd-b978-4f76-828a-8dd8386b31d4,Turmeric,decided on downstream references (13 vs 5),1,Yes,Yes,2,dry storeroom | main kitchen,1,1 mapping record(s) across 1 of 2 identity/identities; sibling records=0,Compatible; 1 candidate pack/UOM signature(s); source UOM=lb; source case qty=1,$0.00
5287309,pickles sliced chips,2,d11a4d3c-3a60-4ed6-b5a7-20c02f8a6976,Pickles - Sliced/chips,decided on downstream references (13 vs 5),1,Yes,Yes,2,halfway house | main walk in,1,1 mapping record(s) across 1 of 2 identity/identities; sibling records=0,Compatible; 1 candidate pack/UOM signature(s); source UOM=gal; source case qty=1,$0.00
5296504,corn syrup light,2,9e544b0d-d919-4a1d-9f31-5ecfc894225c,Corn Syrup - Light,decided on downstream references (13 vs 5),1,Yes,Yes,2,dry storeroom | pastry shop,1,1 mapping record(s) across 1 of 2 identity/identities; sibling records=0,Compatible; 1 candidate pack/UOM signature(s); source UOM=gal; source case qty=1,$0.00
530397,knob creek bourbon 9 year,4,dc4ff591-b167-42c3-ab0b-067863465f2c,Knob Creek - Bourbon 9 Year,decided on downstream references (18 vs 5),3,Yes,Yes,4,bay window bar | liquor cage | member lounge | mens locker room,1,1 mapping record(s) across 1 of 4 identity/identities; sibling records=0,Compatible; 1 candidate pack/UOM signature(s); source UOM=lt; source case qty=6,$0.00
534493,adobe road the 24 19,2,eec49e33-08b7-4e36-8731-0b39141b784e,ADOBE ROAD THE 24 19,decided on downstream references (11 vs 5),1,Yes,Yes,2,liquor cage | wine cellar,1,1 mapping record(s) across 1 of 2 identity/identities; sibling records=0,Compatible; 1 candidate pack/UOM signature(s); source UOM=not supplied; source case qty=not supplied,$0.00
535809,cazadores blanco,5,f5618078-160f-486b-97e9-48527d9deaf0,Cazadores - Blanco,decided on downstream references (23 vs 5),4,Yes,Yes,5,bay window bar | grill room | liquor cage | member lounge | pool cafe,3,1 mapping record(s) across 1 of 5 identity/identities; sibling records=0,Compatible; 1 candidate pack/UOM signature(s); source UOM=lt; source case qty=12,$0.00
5371299,mustard dijon 48oz,4,551ea4f1-aed7-424f-ad6b-1064e5ecb360,Mustard - Dijon 48oz,decided on downstream references (20 vs 5),3,Yes,Yes,4,bay window | cafe | dry storeroom | main walk in,3,1 mapping record(s) across 1 of 4 identity/identities; sibling records=0,Compatible; 1 candidate pack/UOM signature(s); source UOM=oz; source case qty=6,$0.00
538534,ch lassegue 18 st emilion,2,3e7912a4-100b-459f-a2fb-bba8da980732,CH LASSEGUE 18 ST EMILION,decided on downstream references (10 vs 4),1,Yes,Yes,2,liquor cage | mens locker room,0,1 mapping record(s) across 1 of 2 identity/identities; sibling records=0,Compatible; 1 candidate pack/UOM signature(s); source UOM=not supplied; source case qty=not supplied,$0.00
539040,jefferson s ocean aged at sea cask strength,2,f14625ea-9c61-45a2-bab7-9ba1abe027e5,Jefferson's - Ocean Aged At Sea Cask Strength,decided on downstream references (11 vs 5),1,Yes,Yes,2,liquor cage | mens locker room,1,1 mapping record(s) across 1 of 2 identity/identities; sibling records=0,Compatible; 1 candidate pack/UOM signature(s); source UOM=not supplied; source case qty=not supplied,$0.00
5407051,bay hill chips,5,bcb6897e-bab6-49d8-9637-d32874c1cad4,Bay Hill Chips,decided on downstream references (22 vs 5),4,Yes,Yes,5,bay window | cafe | main freezer | main kitchen | pool cafe,4,1 mapping record(s) across 1 of 5 identity/identities; sibling records=0,Compatible; 1 candidate pack/UOM signature(s); source UOM=lb; source case qty=6,$0.00
541111,capture cab sauv pine mtn clove 10,2,41df12cc-bc09-4011-8f1b-3ed4cfc8b71c,CAPTURE CAB SAUV PINE MTN CLOVE 10,decided on downstream references (11 vs 5),1,Yes,Yes,2,liquor cage | wine cellar,1,1 mapping record(s) across 1 of 2 identity/identities; sibling records=0,Compatible; 1 candidate pack/UOM signature(s); source UOM=not supplied; source case qty=not supplied,$0.00
5429766,olives kalamata,4,009698fe-73e6-4fbd-b861-0d5d286fc4f8,Olives - Kalamata,decided on downstream references (21 vs 5),3,Yes,Yes,4,bay window | cafe | dry storeroom | main walk in,3,1 mapping record(s) across 1 of 4 identity/identities; sibling records=0,Compatible; 1 candidate pack/UOM signature(s); source UOM=ea; source case qty=1,$0.00
547868,filthy black cherry tin can,2,7083a34d-6bab-48bc-9ae7-957d73b62a20,FILTHY BLACK CHERRY TIN CAN,decided on downstream references (10 vs 4),1,Yes,Yes,2,member lounge | pool cafe,0,1 mapping record(s) across 1 of 2 identity/identities; sibling records=0,Compatible; 1 candidate pack/UOM signature(s); source UOM=oz; source case qty=6,$0.00
5517024,jerk seasoning,2,875cd286-b070-430f-9906-c36f4ab6b5c5,Jerk Seasoning,decided on downstream references (13 vs 5),1,Yes,Yes,2,dry storeroom | main kitchen,1,1 mapping record(s) across 1 of 2 identity/identities; sibling records=0,Compatible; 1 candidate pack/UOM signature(s); source UOM=oz; source case qty=1,$0.00
5517701,baking powder,3,f16b26bb-0ffa-4923-aac0-ee6212aa9346,Baking Powder,decided on downstream references (16 vs 5),2,Yes,Yes,3,cafe | dry storeroom | pastry shop,1,1 mapping record(s) across 1 of 3 identity/identities; sibling records=0,Compatible; 1 candidate pack/UOM signature(s); source UOM=lb; source case qty=1,$0.00
554531,justin isosceles rsv 17,2,491d6c09-af87-4ff3-b11e-e1c492d71eb8,JUSTIN ISOSCELES RSV 17,decided on downstream references (13 vs 5),1,Yes,Yes,2,liquor cage | wine cellar,1,1 mapping record(s) across 1 of 2 identity/identities; sibling records=0,Compatible; 1 candidate pack/UOM signature(s); source UOM=not supplied; source case qty=not supplied,$0.00
557366,aperol,4,436d3066-53dd-4ce1-b95f-2f8e8eca5519,Aperol,decided on downstream references (17 vs 5),3,Yes,Yes,4,bay window bar | grill room | liquor cage | member lounge,1,1 mapping record(s) across 1 of 4 identity/identities; sibling records=0,Compatible; 1 candidate pack/UOM signature(s); source UOM=not supplied; source case qty=not supplied,$0.00
557367,aperol apertivo,3,7b6cfcbd-0b7b-42d4-8b32-280d49b750be,Aperol - Apertivo,decided on downstream references (16 vs 5),2,Yes,Yes,3,liquor cage | member lounge | pool cafe,2,1 mapping record(s) across 1 of 3 identity/identities; sibling records=0,Compatible; 1 candidate pack/UOM signature(s); source UOM=lt; source case qty=1,$0.00
557370,averna amaro,4,736f962f-bfec-4b38-a278-0accedecca20,Averna - Amaro,decided on downstream references (16 vs 5),3,Yes,Yes,4,liquor cage | member lounge | mens locker room | pool cafe,1,1 mapping record(s) across 1 of 4 identity/identities; sibling records=0,Compatible; 1 candidate pack/UOM signature(s); source UOM=not supplied; source case qty=not supplied,$0.00
5593702,sugar light brown,2,9814eac7-154a-47ec-94d0-65d345078228,Sugar - Light Brown,decided on downstream references (13 vs 5),1,Yes,Yes,2,cafe | dry storeroom,1,1 mapping record(s) across 1 of 2 identity/identities; sibling records=0,Compatible; 1 candidate pack/UOM signature(s); source UOM=lb; source case qty=12,$0.00
561482,grahams port tawny 20yr,3,79672b5e-ef82-4cf6-af76-70810b760736,GRAHAMS PORT TAWNY 20YR,decided on downstream references (14 vs 5),2,Yes,Yes,3,bay window bar | liquor cage | member lounge,1,1 mapping record(s) across 1 of 3 identity/identities; sibling records=0,Compatible; 1 candidate pack/UOM signature(s); source UOM=not supplied; source case qty=not supplied,$0.00
561664,whistlepig rye 6 yr piggyback,3,d2d3fac6-9c25-466d-a1bc-dcb8fa3d7a77,Whistlepig - Rye 6 yr PiggyBack,decided on downstream references (15 vs 5),2,Yes,Yes,3,liquor cage | member lounge | mens locker room,2,1 mapping record(s) across 1 of 3 identity/identities; sibling records=0,Compatible; 1 candidate pack/UOM signature(s); source UOM=not supplied; source case qty=not supplied,$0.00
5624192,biscuits,2,dbc64ab4-b0eb-427e-9910-90e74e110af1,Biscuits,decided on downstream references (11 vs 5),1,Yes,Yes,2,front reach in freezer | main freezer,1,1 mapping record(s) across 1 of 2 identity/identities; sibling records=0,Compatible; 1 candidate pack/UOM signature(s); source UOM=ea; source case qty=1,$0.00
563013,blue rock baby blue 20,3,9d118ab3-98aa-4f34-b2ff-d93f0e26546e,BLUE ROCK BABY BLUE 20,decided on downstream references (13 vs 4),2,Yes,Yes,3,liquor cage | member lounge | wine cellar,0,1 mapping record(s) across 1 of 3 identity/identities; sibling records=0,Compatible; 1 candidate pack/UOM signature(s); source UOM=not supplied; source case qty=not supplied,$0.00
565989,hartford court pinot noir rrv 21,3,18a3709a-a749-4e5f-9c78-d0a43a30704e,HARTFORD COURT PINOT NOIR RRV 21,decided on downstream references (14 vs 5),2,Yes,Yes,3,liquor cage | member lounge | wine cellar,1,1 mapping record(s) across 1 of 3 identity/identities; sibling records=0,Compatible; 1 candidate pack/UOM signature(s); source UOM=not supplied; source case qty=not supplied,$0.00
5686,sideward brewing moon boots keg 1 6 bbl,4,4ba3352b-e385-4312-b7e1-0fc173df2025,SIDEWARD BREWING MOON BOOTS KEG (1/6 BBL),decided on downstream references (19 vs 5),3,Yes,Yes,4,bay window bar | beer cage | liquor cage | mens locker room,2,1 mapping record(s) across 1 of 4 identity/identities; sibling records=0,Compatible; 1 candidate pack/UOM signature(s); source UOM=not supplied; source case qty=not supplied,$0.00
57-00365,phyllo dough,2,806452e1-bf08-4c0f-9605-f6ad6fbe846a,Phyllo Dough,decided on downstream references (10 vs 5),1,Yes,Yes,2,bread reach in | front reach in freezer,1,1 mapping record(s) across 1 of 2 identity/identities; sibling records=0,Compatible; 1 candidate pack/UOM signature(s); source UOM=lb; source case qty=1,$0.00
5741535,pork loin chop,3,0e54f583-d967-4f3d-841a-3facc69ae1f1,Pork - Loin Chop,decided on downstream references (13 vs 4),2,Yes,Yes,3,bay window | main freezer | main walk in,0,1 mapping record(s) across 1 of 3 identity/identities; sibling records=0,Compatible; 1 candidate pack/UOM signature(s); source UOM=oz; source case qty=20,$0.00
5741701,pork chop b i,2,b4fde9ef-a3db-4153-8310-0e4a2be6e934,PORK CHOP B/I,decided on downstream references (10 vs 4),1,Yes,Yes,2,main freezer | main walk in,0,1 mapping record(s) across 1 of 2 identity/identities; sibling records=0,Compatible; 1 candidate pack/UOM signature(s); source UOM=oz; source case qty=40,$0.00
575048,maggy hawk pinot noir jolie 20,2,b69fb348-8079-4856-8a62-9aa6af9e63b2,MAGGY HAWK PINOT NOIR JOLIE 20,decided on downstream references (11 vs 5),1,Yes,Yes,2,liquor cage | wine cellar,1,1 mapping record(s) across 1 of 2 identity/identities; sibling records=0,Compatible; 1 candidate pack/UOM signature(s); source UOM=not supplied; source case qty=not supplied,$0.00
577376,stags leap wn cel cab sv artemis20,2,c2180da8-6b6b-440c-97cd-916a67e73a20,STAGS LEAP WN CEL CAB SV ARTEMIS20,decided on downstream references (10 vs 5),1,Yes,Yes,2,liquor cage | wine cellar,1,1 mapping record(s) across 1 of 2 identity/identities; sibling records=0,Compatible; 1 candidate pack/UOM signature(s); source UOM=not supplied; source case qty=not supplied,$0.00
577763,antinori guado tasso bruciato 21,2,72774b74-1386-47b2-ab5f-b9132834d2d6,ANTINORI GUADO TASSO BRUCIATO 21,decided on downstream references (10 vs 4),1,Yes,Yes,2,liquor cage | wine cellar,0,1 mapping record(s) across 1 of 2 identity/identities; sibling records=0,Compatible; 1 candidate pack/UOM signature(s); source UOM=not supplied; source case qty=not supplied,$0.00
578234,clase azul plata,2,a5022b19-f93a-4a84-979d-90bc88db6a6a,Clase Azul - Plata,decided on downstream references (11 vs 5),1,Yes,Yes,2,liquor cage | mens locker room,1,1 mapping record(s) across 1 of 2 identity/identities; sibling records=0,Compatible; 1 candidate pack/UOM signature(s); source UOM=not supplied; source case qty=not supplied,$0.00
579438,nickel cikcle cab sauv state rch20,2,a8122de8-8bfb-423c-b469-c99996803237,NICKEL&CIKCLE CAB SAUV STATE RCH20,decided on downstream references (10 vs 4),1,Yes,Yes,2,liquor cage | wine cellar,0,1 mapping record(s) across 1 of 2 identity/identities; sibling records=0,Compatible; 1 candidate pack/UOM signature(s); source UOM=not supplied; source case qty=not supplied,$0.00
5806750,paprika smoked,2,3a7c3240-d21c-46a0-8e1b-e18fc5dbf960,Paprika Smoked,decided on downstream references (13 vs 5),1,Yes,Yes,2,dry storeroom | main kitchen,1,1 mapping record(s) across 1 of 2 identity/identities; sibling records=0,Compatible; 1 candidate pack/UOM signature(s); source UOM=oz; source case qty=1,$0.00
581363,knob creek rye,2,4d24a1c1-7943-4d76-8196-774744c42747,Knob Creek - Rye,decided on downstream references (10 vs 4),1,Yes,Yes,2,liquor cage | member lounge,0,1 mapping record(s) across 1 of 2 identity/identities; sibling records=0,Compatible; 1 candidate pack/UOM signature(s); source UOM=lt; source case qty=1,$0.00
5823083,grapefruit juice,9,567eb9d7-a7e0-4302-b5f4-2c74dc7e5b69,Grapefruit - Juice,decided on downstream references (31 vs 5),8,Yes,Yes,9,bay window | bay window bar | beverage carts | cafe | dry storeroom | halfway house | member lounge | mens locker room | pool cafe,1,1 mapping record(s) across 1 of 9 identity/identities; sibling records=0,Compatible; 1 candidate pack/UOM signature(s); source UOM=oz; source case qty=8,$0.00
582530,lokoya cab sauv mount veeder 19,2,10936a4b-a203-4f00-aafe-3767855849a0,LOKOYA CAB SAUV MOUNT VEEDER 19,decided on downstream references (11 vs 5),1,Yes,Yes,2,liquor cage | wine cellar,1,1 mapping record(s) across 1 of 2 identity/identities; sibling records=0,Compatible; 1 candidate pack/UOM signature(s); source UOM=not supplied; source case qty=not supplied,$0.00
58289,dailey s margarita mix,2,9bee8e50-4eee-4ecd-8dd8-631c211de5d5,Dailey's - Margarita Mix,decided on downstream references (10 vs 4),1,Yes,Yes,2,grill room | liquor cage,0,1 mapping record(s) across 1 of 2 identity/identities; sibling records=0,Compatible; 1 candidate pack/UOM signature(s); source UOM=lt; source case qty=12,$0.00
5839509,peanut butter,5,1063a31e-4693-41d9-9104-416bf4eb060d,Peanut Butter,decided on downstream references (23 vs 5),4,Yes,Yes,5,bay window | cafe | dry storeroom | main kitchen | pool cafe,3,1 mapping record(s) across 1 of 5 identity/identities; sibling records=0,Compatible; 1 candidate pack/UOM signature(s); source UOM=ea; source case qty=1,$0.00
5841648,lobster claw and knuckle meat,2,cf397e71-ba00-4091-95b7-a8ac82bfb809,Lobster - Claw and Knuckle meat,decided on downstream references (12 vs 4),1,Yes,Yes,2,bay window | main freezer,0,1 mapping record(s) across 1 of 2 identity/identities; sibling records=0,Compatible; 1 candidate pack/UOM signature(s); source UOM=lb; source case qty=6,$0.00
584206,freemark abbey cab sauv 19,2,6b0866a2-bf22-459c-a965-29caf6fb9951,FREEMARK ABBEY CAB SAUV 19,decided on downstream references (10 vs 4),1,Yes,Yes,2,liquor cage | wine cellar,0,1 mapping record(s) across 1 of 2 identity/identities; sibling records=0,Compatible; 1 candidate pack/UOM signature(s); source UOM=not supplied; source case qty=not supplied,$0.00
584216,matanzas creek sauv blanc sc 22,3,66fed4a7-c958-4963-bd55-92cb9c961100,MATANZAS CREEK SAUV BLANC(SC)22,decided on downstream references (13 vs 4),2,Yes,Yes,3,grill room | liquor cage | mens locker room,0,1 mapping record(s) across 1 of 3 identity/identities; sibling records=0,Compatible; 1 candidate pack/UOM signature(s); source UOM=not supplied; source case qty=not supplied,$0.00
5846714,oil olive extra virgin,2,32141745-f17a-4209-8724-5fda21c6c532,OIL OLIVE EXTRA VIRGIN,decided on downstream references (10 vs 4),1,Yes,Yes,2,cafe | main kitchen,0,1 mapping record(s) across 1 of 2 identity/identities; sibling records=0,Compatible; 1 candidate pack/UOM signature(s); source UOM=gal; source case qty=3,$0.00
5847011,olive oil pomace,4,ab91a146-c74a-469e-ae3c-e800cf194ba1,Olive Oil - Pomace,decided on downstream references (17 vs 5),3,Yes,Yes,4,bay window | cafe | dry storeroom | main kitchen,1,1 mapping record(s) across 1 of 4 identity/identities; sibling records=0,Compatible; 1 candidate pack/UOM signature(s); source UOM=gal; source case qty=3,$0.00
58477,luxardo cordial limoncello,3,f3820876-4a08-4365-b67b-c1b87507fea2,Luxardo - Cordial - Limoncello,decided on downstream references (17 vs 5),2,Yes,Yes,3,bay window bar | liquor cage | pool cafe,2,1 mapping record(s) across 1 of 3 identity/identities; sibling records=0,Compatible; 1 candidate pack/UOM signature(s); source UOM=not supplied; source case qty=not supplied,$0.00
584809,terras gauda albarino abadia cam22,2,e268f182-d994-429d-92c1-0d109d4e0610,TERRAS GAUDA ALBARINO ABADIA CAM22,decided on downstream references (11 vs 5),1,Yes,Yes,2,bay window bar | liquor cage,1,1 mapping record(s) across 1 of 2 identity/identities; sibling records=0,Compatible; 1 candidate pack/UOM signature(s); source UOM=not supplied; source case qty=not supplied,$0.00
5884291,carolina bbq sauce,2,88976d6f-73eb-4b53-a82a-2ecf4b75cfcb,Carolina BBQ Sauce,decided on downstream references (13 vs 5),1,Yes,Yes,2,dry storeroom | main walk in,1,1 mapping record(s) across 1 of 2 identity/identities; sibling records=0,Compatible; 1 candidate pack/UOM signature(s); source UOM=gal; source case qty=4,$0.00
589165,summer dreams p noir golden,2,0eed076f-ac6c-4df7-b767-2015468ffa38,SUMMER DREAMS P NOIR GOLDEN,decided on downstream references (11 vs 5),1,Yes,Yes,2,liquor cage | wine cellar,1,1 mapping record(s) across 1 of 2 identity/identities; sibling records=0,Compatible; 1 candidate pack/UOM signature(s); source UOM=not supplied; source case qty=not supplied,$0.00
589166,summer dreams p noir super c,2,01490034-faf3-419a-a5eb-6ad72e4378d4,SUMMER DREAMS P NOIR SUPER C,decided on downstream references (13 vs 5),1,Yes,Yes,2,liquor cage | wine cellar,1,1 mapping record(s) across 1 of 2 identity/identities; sibling records=0,Compatible; 1 candidate pack/UOM signature(s); source UOM=not supplied; source case qty=not supplied,$0.00
5923354,apple juice 60 oz,4,94f77352-0ee9-4821-9aa4-7b8bf15246ca,Apple juice 60 oz,decided on downstream references (17 vs 5),3,Yes,Yes,4,bay window | cafe | dry storeroom | pool cafe,1,1 mapping record(s) across 1 of 4 identity/identities; sibling records=0,Compatible; 1 candidate pack/UOM signature(s); source UOM=oz; source case qty=8,$0.00
5933718,baked beans,2,cbf0f48d-2c11-43da-9852-3cce8d308c82,Baked Beans,decided on downstream references (12 vs 5),1,Yes,Yes,2,bay window | dry storeroom,1,1 mapping record(s) across 1 of 2 identity/identities; sibling records=0,Compatible; 1 candidate pack/UOM signature(s); source UOM=oz; source case qty=6,$0.00
5934302,olive oil blended,5,051187ec-d77c-4609-b6be-6375428438fa,Olive Oil - Blended,decided on downstream references (23 vs 5),4,Yes,Yes,5,bay window | cafe | dry storeroom | main kitchen | pastry shop,3,1 mapping record(s) across 1 of 5 identity/identities; sibling records=0,Compatible; 1 candidate pack/UOM signature(s); source UOM=gal; source case qty=1,$0.00
593557,summer dreams p noir twiligh,2,70f99a16-6417-4703-a8ad-f43ac4452c93,SUMMER DREAMS P NOIR TWILIGH,decided on downstream references (13 vs 5),1,Yes,Yes,2,liquor cage | wine cellar,1,1 mapping record(s) across 1 of 2 identity/identities; sibling records=0,Compatible; 1 candidate pack/UOM signature(s); source UOM=not supplied; source case qty=not supplied,$0.00
596219,foley johnson cab sauv napa 21,2,13e76b9a-b9f2-4d54-b479-6b3648755d9f,FOLEY JOHNSON CAB SAUV NAPA 21,decided on downstream references (10 vs 4),1,Yes,Yes,2,liquor cage | wine cellar,0,1 mapping record(s) across 1 of 2 identity/identities; sibling records=0,Compatible; 1 candidate pack/UOM signature(s); source UOM=not supplied; source case qty=not supplied,$0.00
597193,captain morgan capt morgan spiced rum,7,611540f1-77c0-4d71-a431-f8e3f0ce46dd,Captain Morgan - Capt Morgan Spiced Rum,decided on downstream references (25 vs 5),6,Yes,Yes,7,bay window bar | grill room | halfway house | liquor cage | member lounge | mens locker room | pool cafe,1,1 mapping record(s) across 1 of 7 identity/identities; sibling records=0,Compatible; 1 candidate pack/UOM signature(s); source UOM=ml; source case qty=12,$0.00
598916,mt veeder cabernet sauvignon 21,2,3e31f1f6-7200-4900-89f5-bdc5c9169560,MT VEEDER CABERNET SAUVIGNON 21,decided on downstream references (11 vs 5),1,Yes,Yes,2,liquor cage | wine cellar,1,1 mapping record(s) across 1 of 2 identity/identities; sibling records=0,Compatible; 1 candidate pack/UOM signature(s); source UOM=not supplied; source case qty=not supplied,$0.00
599178,carmel road pinot noir mont sc 21,2,7b8d69c6-9c5a-4d6c-9349-41e25f7a7d42,CARMEL ROAD PINOT NOIR MONT(SC) 21,decided on downstream references (13 vs 5),1,Yes,Yes,2,liquor cage | wine cellar,1,1 mapping record(s) across 1 of 2 identity/identities; sibling records=0,Compatible; 1 candidate pack/UOM signature(s); source UOM=not supplied; source case qty=not supplied,$0.00
600155,mondavi cab sauv oakville 21,2,8180d3b0-a4a1-4e65-9411-15a6767be4c7,MONDAVI CAB SAUV OAKVILLE 21,decided on downstream references (13 vs 5),1,Yes,Yes,2,liquor cage | wine cellar,1,1 mapping record(s) across 1 of 2 identity/identities; sibling records=0,Compatible; 1 candidate pack/UOM signature(s); source UOM=not supplied; source case qty=not supplied,$0.00
600799,nickel nickel cab sv quicksilver21,2,98cef9c3-25ef-49d5-9508-2e218ebb9197,NICKEL&NICKEL CAB SV QUICKSILVER21,decided on downstream references (13 vs 5),1,Yes,Yes,2,liquor cage | wine cellar,1,1 mapping record(s) across 1 of 2 identity/identities; sibling records=0,Compatible; 1 candidate pack/UOM signature(s); source UOM=not supplied; source case qty=not supplied,$0.00
600943,blandys madeira duke of clar,2,620f5580-6c80-4d29-b4f5-d5d15b7c3844,BLANDYS MADEIRA DUKE OF CLAR,decided on downstream references (11 vs 5),1,Yes,Yes,2,liquor cage | member lounge,1,1 mapping record(s) across 1 of 2 identity/identities; sibling records=0,Compatible; 1 candidate pack/UOM signature(s); source UOM=not supplied; source case qty=not supplied,$0.00
601318,silver palm cabernet sauvignon 21,3,aba5941a-2c09-49e4-b30b-2f31a53a031c,SILVER PALM CABERNET SAUVIGNON 21,decided on downstream references (13 vs 4),2,Yes,Yes,3,grill room | liquor cage | member lounge,0,1 mapping record(s) across 1 of 3 identity/identities; sibling records=0,Compatible; 1 candidate pack/UOM signature(s); source UOM=not supplied; source case qty=not supplied,$0.00
602594,charles smith velv devil mer sc,2,a02566d8-12ff-44a4-bc20-8d19840ea9f0,CHARLES SMITH VELV DEVIL MER(SC),decided on downstream references (11 vs 5),1,Yes,Yes,2,liquor cage | wine cellar,1,1 mapping record(s) across 1 of 2 identity/identities; sibling records=0,Compatible; 1 candidate pack/UOM signature(s); source UOM=not supplied; source case qty=not supplied,$0.00
603184,smirnoff vanilla,6,a32d28d2-ccd2-486d-a78f-a9df744e0c39,Smirnoff - Vanilla,decided on downstream references (25 vs 5),5,Yes,Yes,6,bay window bar | grill room | liquor cage | member lounge | mens locker room | pastry shop,3,1 mapping record(s) across 1 of 6 identity/identities; sibling records=0,Compatible; 1 candidate pack/UOM signature(s); source UOM=lt; source case qty=12,$0.00
603390,imagery pinot noir monterey,2,5d8d44d0-8092-44e8-94f2-3a275ea11049,IMAGERY PINOT NOIR MONTEREY,decided on downstream references (13 vs 5),1,Yes,Yes,2,liquor cage | wine cellar,1,1 mapping record(s) across 1 of 2 identity/identities; sibling records=0,Compatible; 1 candidate pack/UOM signature(s); source UOM=not supplied; source case qty=not supplied,$0.00
603441,prisoner red blend 22,2,04fd2e20-c7a8-4b36-9e8a-10a19a258c0b,PRISONER RED BLEND 22,decided on downstream references (12 vs 5),1,Yes,Yes,2,liquor cage | wine cellar,1,1 mapping record(s) across 1 of 2 identity/identities; sibling records=0,Compatible; 1 candidate pack/UOM signature(s); source UOM=not supplied; source case qty=not supplied,$0.00
604098,basil hayden two by two rye,2,e0815760-dba9-42c8-9341-65b6e661cce7,Basil Hayden - Two By Two Rye,decided on downstream references (10 vs 4),1,Yes,Yes,2,liquor cage | mens locker room,0,1 mapping record(s) across 1 of 2 identity/identities; sibling records=0,Compatible; 1 candidate pack/UOM signature(s); source UOM=not supplied; source case qty=not supplied,$0.00
6046902,pork butt boneless,2,00b7a147-5822-4746-be1a-97ff27f1871f,Pork - Butt Boneless,decided on downstream references (13 vs 5),1,Yes,Yes,2,main freezer | main walk in,1,1 mapping record(s) across 1 of 2 identity/identities; sibling records=0,Compatible; 1 candidate pack/UOM signature(s); source UOM=lb; source case qty=1,$0.00
606422,cloudy bay pinot noir sc 21,2,8366a1a7-422e-4dd4-ac7f-1442da4f2103,CLOUDY BAY PINOT NOIR(SC)21,decided on downstream references (10 vs 4),1,Yes,Yes,2,liquor cage | wine cellar,0,1 mapping record(s) across 1 of 2 identity/identities; sibling records=0,Compatible; 1 candidate pack/UOM signature(s); source UOM=not supplied; source case qty=not supplied,$0.00
606739,campari,6,3f5c9db7-77fa-475f-a350-0e9ccc0a6d1b,Campari,decided on downstream references (26 vs 5),5,Yes,Yes,6,bay window bar | grill room | liquor cage | member lounge | mens locker room | pool cafe,3,1 mapping record(s) across 1 of 6 identity/identities; sibling records=0,Compatible; 1 candidate pack/UOM signature(s); source UOM=lt; source case qty=6,$0.00
6072219,ginger pickled,2,4f6fe195-779e-47e7-8f1d-910d94b4ceea,Ginger - Pickled,decided on downstream references (13 vs 5),1,Yes,Yes,2,main walk in | produce walk in,1,1 mapping record(s) across 1 of 2 identity/identities; sibling records=0,Compatible; 1 candidate pack/UOM signature(s); source UOM=gal; source case qty=1,$0.00
608058,rapaura spring sauv bl cl sc 23,2,5e7c4fe1-99c8-4249-a381-56fe7eeaba81,RAPAURA SPRING SAUV BL CL (SC) 23,decided on downstream references (13 vs 5),1,Yes,Yes,3,bay window bar | halfway house | liquor cage,1,1 mapping record(s) across 1 of 2 identity/identities; sibling records=0,Compatible; 1 candidate pack/UOM signature(s); source UOM=not supplied; source case qty=not supplied,$0.00
60904,surfside vodka lemonade strawberry c24 12oz 4p,2,64d5928d-4475-443a-9f9e-9546edbe9f63,SURFSIDE VODKA LEMONADE STRAWBERRY C24 12OZ 4P,decided on downstream references (15 vs 5),1,Yes,Yes,3,beer cage | liquor cage | pool cafe,1,1 mapping record(s) across 1 of 2 identity/identities; sibling records=0,Compatible; 1 candidate pack/UOM signature(s); source UOM=ea; source case qty=1,$0.00
610612,duckhorn cabernet sauvignon 21,2,1893fe0a-54b8-46a7-be94-29dbc05927d0,DUCKHORN CABERNET SAUVIGNON 21,decided on downstream references (10 vs 4),1,Yes,Yes,2,liquor cage | wine cellar,0,1 mapping record(s) across 1 of 2 identity/identities; sibling records=0,Compatible; 1 candidate pack/UOM signature(s); source UOM=not supplied; source case qty=not supplied,$0.00
611292,the calling cab sauv paso robles21,4,fcb1f324-26d6-424a-ade3-1c71f534db7d,THE CALLING CAB SAUV PASO ROBLES21,decided on downstream references (16 vs 4),3,Yes,Yes,4,liquor cage | member lounge | mens locker room | wine cellar,0,1 mapping record(s) across 1 of 4 identity/identities; sibling records=0,Compatible; 1 candidate pack/UOM signature(s); source UOM=not supplied; source case qty=not supplied,$0.00
6115315,sweet n low,4,231e141f-820a-47f5-9412-5d579ed126a0,Sweet n Low,decided on downstream references (20 vs 5),3,Yes,Yes,4,bay window | dry storeroom | halfway house | mens locker room,3,1 mapping record(s) across 1 of 4 identity/identities; sibling records=0,Compatible; 1 candidate pack/UOM signature(s); source UOM=not supplied; source case qty=not supplied,$0.00
612200,leroux cherry brandy 70,3,461d9d31-bdfc-47cb-9567-05f1a81d4869,LEROUX CHERRY BRANDY 70,decided on downstream references (14 vs 5),2,Yes,Yes,3,liquor cage | member lounge | pastry shop,1,1 mapping record(s) across 1 of 3 identity/identities; sibling records=0,Compatible; 1 candidate pack/UOM signature(s); source UOM=not supplied; source case qty=not supplied,$0.00
612332,ruffino brun di mont grep ma,2,11b98743-5f99-414f-b62d-04c77b4a665c,RUFFINO BRUN DI MONT GREP MA,decided on downstream references (11 vs 5),1,Yes,Yes,2,liquor cage | wine cellar,1,1 mapping record(s) across 1 of 2 identity/identities; sibling records=0,Compatible; 1 candidate pack/UOM signature(s); source UOM=not supplied; source case qty=not supplied,$0.00
613208,browne can sauv heritage 22,2,711dccdc-b607-4c9b-b222-5e599726afb2,BROWNE CAN SAUV HERITAGE 22,decided on downstream references (11 vs 5),1,Yes,Yes,2,liquor cage | wine cellar,1,1 mapping record(s) across 1 of 2 identity/identities; sibling records=0,Compatible; 1 candidate pack/UOM signature(s); source UOM=not supplied; source case qty=not supplied,$0.00
614043,smirnoff pineapple,2,42bd030d-0709-4630-bba9-61fc82e40da2,Smirnoff - Pineapple,decided on downstream references (11 vs 5),1,Yes,Yes,2,liquor cage | pool cafe,1,1 mapping record(s) across 1 of 2 identity/identities; sibling records=0,Compatible; 1 candidate pack/UOM signature(s); source UOM=not supplied; source case qty=not supplied,$0.00
614250,don julio blanco,3,f113d9aa-5c89-43b4-a36d-6ba8cda6aedc,Don Julio - Blanco,decided on downstream references (17 vs 5),2,Yes,Yes,3,bay window bar | liquor cage | mens locker room,1,1 mapping record(s) across 1 of 3 identity/identities; sibling records=0,Compatible; 1 candidate pack/UOM signature(s); source UOM=lt; source case qty=6,$0.00
6160212,cheese parmesan shredded,3,be940d3e-c2ef-40cf-ba73-3e1f2d4c914d,Cheese - Parmesan Shredded,decided on downstream references (17 vs 5),2,Yes,Yes,3,bay window | cafe | produce walk in,2,1 mapping record(s) across 1 of 3 identity/identities; sibling records=0,Compatible; 1 candidate pack/UOM signature(s); source UOM=lb; source case qty=2,$0.00
617052,red schooner voyage 12 750ml,2,5cf09ed6-d9d2-4035-be08-8d6566cbc381,RED SCHOONER VOYAGE 12 750ML,decided on downstream references (11 vs 5),1,Yes,Yes,2,liquor cage | wine cellar,1,1 mapping record(s) across 1 of 2 identity/identities; sibling records=0,Compatible; 1 candidate pack/UOM signature(s); source UOM=not supplied; source case qty=not supplied,$0.00
618439,anakota cab sauv knights valley 21,2,bd433c40-1c7b-489b-95de-7af766bc4f8b,ANAKOTA CAB SAUV KNIGHTS VALLEY 21,decided on downstream references (11 vs 5),1,Yes,Yes,2,liquor cage | wine cellar,1,1 mapping record(s) across 1 of 2 identity/identities; sibling records=0,Compatible; 1 candidate pack/UOM signature(s); source UOM=not supplied; source case qty=not supplied,$0.00
618587,summer dreams p noir stargazing 22,2,f96af589-71a0-4b9d-8a2d-1b792b0bc7e8,SUMMER DREAMS P NOIR STARGAZING 22,decided on downstream references (11 vs 5),1,Yes,Yes,2,liquor cage | wine cellar,1,1 mapping record(s) across 1 of 2 identity/identities; sibling records=0,Compatible; 1 candidate pack/UOM signature(s); source UOM=not supplied; source case qty=not supplied,$0.00
621083,the calling pinot noir 22,2,ddfff305-eba7-4b16-ba0e-96663c552936,THE CALLING PINOT NOIR 22,decided on downstream references (10 vs 4),1,Yes,Yes,2,liquor cage | wine cellar,0,1 mapping record(s) across 1 of 2 identity/identities; sibling records=0,Compatible; 1 candidate pack/UOM signature(s); source UOM=not supplied; source case qty=not supplied,$0.00
621129,cristom pinot noir louise 6pk 21,2,79f62b64-f295-45a8-850d-d397522067cb,CRISTOM PINOT NOIR LOUISE 6PK 21,decided on downstream references (10 vs 4),1,Yes,Yes,2,liquor cage | wine cellar,0,1 mapping record(s) across 1 of 2 identity/identities; sibling records=0,Compatible; 1 candidate pack/UOM signature(s); source UOM=not supplied; source case qty=not supplied,$0.00
621905,dom gachot monot cote d nuit vil22,2,4220d1f3-51ee-4edb-aaef-4bcb720df657,DOM GACHOT MONOT COTE D NUIT VIL22,decided on downstream references (11 vs 5),1,Yes,Yes,2,liquor cage | wine cellar,1,1 mapping record(s) across 1 of 2 identity/identities; sibling records=0,Compatible; 1 candidate pack/UOM signature(s); source UOM=not supplied; source case qty=not supplied,$0.00
6219331,maple syrup,2,857530e0-d8a8-48c4-ad94-8a7f5f30fe41,Maple Syrup,decided on downstream references (12 vs 5),1,Yes,Yes,2,dry storeroom | main walk in,1,1 mapping record(s) across 1 of 2 identity/identities; sibling records=0,Compatible; 1 candidate pack/UOM signature(s); source UOM=gal; source case qty=1,$0.00
621971,northstar merlot 21,2,b5ffa80c-c2c6-4ee3-82c0-86a9c3a4a7da,NORTHSTAR MERLOT 21,decided on downstream references (13 vs 5),1,Yes,Yes,2,liquor cage | wine cellar,1,1 mapping record(s) across 1 of 2 identity/identities; sibling records=0,Compatible; 1 candidate pack/UOM signature(s); source UOM=not supplied; source case qty=not supplied,$0.00
622484,nickel nickel cab sauv sulle,2,96f4cfc3-0b52-4cae-8ee1-0123e334e1e0,NICKEL&NICKEL CAB SAUV SULLE,decided on downstream references (11 vs 5),1,Yes,Yes,2,liquor cage | wine cellar,1,1 mapping record(s) across 1 of 2 identity/identities; sibling records=0,Compatible; 1 candidate pack/UOM signature(s); source UOM=not supplied; source case qty=not supplied,$0.00
622488,nickel nickel cab sauv st rc,3,5e44d280-1d2d-4ca0-919e-7985180d60e5,NICKEL&NICKEL CAB SAUV ST RC,decided on downstream references (17 vs 7),2,Yes,Yes,3,cafe | liquor cage | wine cellar,1,2 mapping record(s) across 1 of 3 identity/identities; sibling records=0,Compatible; 1 candidate pack/UOM signature(s); source UOM=not supplied; source case qty=not supplied,$0.00
622750,otr blue hawaiian cruzan lid rel40,2,d8d20182-8973-4af2-98d4-96b1254304b3,OTR BLUE HAWAIIAN CRUZAN LID REL40,decided on downstream references (10 vs 5),1,Yes,Yes,2,liquor cage | pool cafe,1,1 mapping record(s) across 1 of 2 identity/identities; sibling records=0,Compatible; 1 candidate pack/UOM signature(s); source UOM=not supplied; source case qty=not supplied,$0.00
623213,pio cesare barbaresco bricco 15 wd,2,847d548c-6373-4d3d-ae1e-0ad306cd09ab,PIO CESARE BARBARESCO BRICCO 15 WD,decided on downstream references (11 vs 5),1,Yes,Yes,2,liquor cage | wine cellar,1,1 mapping record(s) across 1 of 2 identity/identities; sibling records=0,Compatible; 1 candidate pack/UOM signature(s); source UOM=not supplied; source case qty=not supplied,$0.00
624169,terras gauda albarino abadia,3,a3420e6c-e365-4f74-a293-bd758d41e458,TERRAS GAUDA ALBARINO ABADIA,decided on downstream references (13 vs 5),2,Yes,Yes,3,liquor cage | member lounge | pool cafe,2,1 mapping record(s) across 1 of 3 identity/identities; sibling records=0,Compatible; 1 candidate pack/UOM signature(s); source UOM=not supplied; source case qty=not supplied,$0.00
626043,santa teresa rum,2,a0064d38-2d6c-4f86-b297-f3822100a4b1,Santa Teresa - Rum,decided on downstream references (11 vs 5),1,Yes,Yes,2,liquor cage | mens locker room,1,1 mapping record(s) across 1 of 2 identity/identities; sibling records=0,Compatible; 1 candidate pack/UOM signature(s); source UOM=not supplied; source case qty=not supplied,$0.00
627195,opus one overture 21 wd,2,dbc56838-e87f-4969-8fff-22715399094e,OPUS ONE OVERTURE 21 WD,decided on downstream references (11 vs 5),1,Yes,Yes,2,liquor cage | wine cellar,1,1 mapping record(s) across 1 of 2 identity/identities; sibling records=0,Compatible; 1 candidate pack/UOM signature(s); source UOM=not supplied; source case qty=not supplied,$0.00
627197,opus one 21 wd,2,87c10255-8ae4-4438-9d1c-c3e20e6b34a3,OPUS ONE 21 WD,decided on downstream references (11 vs 5),1,Yes,Yes,2,liquor cage | wine cellar,1,1 mapping record(s) across 1 of 2 identity/identities; sibling records=0,Compatible; 1 candidate pack/UOM signature(s); source UOM=not supplied; source case qty=not supplied,$0.00
6278022,vinegar balsamic white,2,c429536b-aa2b-4969-8347-8eb6750cdca8,Vinegar - Balsamic White,decided on downstream references (12 vs 4),1,Yes,Yes,2,dry storeroom | main kitchen,0,1 mapping record(s) across 1 of 2 identity/identities; sibling records=0,Compatible; 1 candidate pack/UOM signature(s); source UOM=lt; source case qty=2,$0.00
627849,stags leap wn cel cab sauv s,2,d7476382-cbe6-457e-8729-3fed8075add8,STAGS LEAP WN CEL CAB SAUV S,decided on downstream references (13 vs 5),1,Yes,Yes,2,liquor cage | wine cellar,1,1 mapping record(s) across 1 of 2 identity/identities; sibling records=0,Compatible; 1 candidate pack/UOM signature(s); source UOM=not supplied; source case qty=not supplied,$0.00
627873,rapaura springs sauv bl rsv,6,9f179fb7-038c-42cf-8d75-3a4e26324bc6,RAPAURA SPRINGS SAUV BL RSV(,decided on downstream references (27 vs 8),5,Yes,Yes,6,bay window bar | grill room | liquor cage | member lounge | mens locker room | pool cafe,5,2 mapping record(s) across 1 of 6 identity/identities; sibling records=0,Compatible; 1 candidate pack/UOM signature(s); source UOM=not supplied; source case qty=not supplied,$0.00
629497,stags leap wn cel cab sv cas,2,d056793d-e62e-42d2-b903-48b59c2bb02c,STAGS LEAP WN CEL CAB SV CAS,decided on downstream references (13 vs 5),1,Yes,Yes,2,liquor cage | wine cellar,1,1 mapping record(s) across 1 of 2 identity/identities; sibling records=0,Compatible; 1 candidate pack/UOM signature(s); source UOM=not supplied; source case qty=not supplied,$0.00
629558,caymus cabernet sauvignon na,2,d2f4991a-025e-4862-8648-f23f0ef838f7,CAYMUS CABERNET SAUVIGNON NA,decided on downstream references (10 vs 4),1,Yes,Yes,2,liquor cage | wine cellar,0,1 mapping record(s) across 1 of 2 identity/identities; sibling records=0,Compatible; 1 candidate pack/UOM signature(s); source UOM=not supplied; source case qty=not supplied,$0.00
631029,laphroaig scotch 10yr,3,715fd3d1-6d92-4806-980d-f854e457b93b,Laphroaig - Scotch 10yr,decided on downstream references (14 vs 5),2,Yes,Yes,3,liquor cage | member lounge | mens locker room,1,1 mapping record(s) across 1 of 3 identity/identities; sibling records=0,Compatible; 1 candidate pack/UOM signature(s); source UOM=not supplied; source case qty=not supplied,$0.00
631498,crown royal,6,8d624b0a-3ac0-4159-a0d3-c22831f65e7d,Crown Royal,decided on downstream references (27 vs 5),5,Yes,Yes,6,bay window bar | grill room | liquor cage | member lounge | mens locker room | pool cafe,4,1 mapping record(s) across 1 of 6 identity/identities; sibling records=0,Compatible; 1 candidate pack/UOM signature(s); source UOM=lt; source case qty=12,$0.00
632316,rutherford hill merlot 22,2,9d378c57-80d4-4455-8350-4449920709f6,RUTHERFORD HILL MERLOT 22,decided on downstream references (13 vs 5),1,Yes,Yes,2,liquor cage | wine cellar,1,1 mapping record(s) across 1 of 2 identity/identities; sibling records=0,Compatible; 1 candidate pack/UOM signature(s); source UOM=not supplied; source case qty=not supplied,$0.00
632833,bookers bbn 2024 2 eam hse,2,7704d717-ec0f-4abc-a0c8-5e91f85c84e5,BOOKERS BBN (2024-2)EAM HSE,decided on downstream references (10 vs 4),1,Yes,Yes,2,liquor cage | member lounge,0,1 mapping record(s) across 1 of 2 identity/identities; sibling records=0,Compatible; 1 candidate pack/UOM signature(s); source UOM=not supplied; source case qty=not supplied,$0.00
633059,ceretto barolo 20,2,ad0494d9-ced1-45f8-acce-241330e2b09a,CERETTO BAROLO 20,decided on downstream references (11 vs 5),1,Yes,Yes,2,liquor cage | wine cellar,1,1 mapping record(s) across 1 of 2 identity/identities; sibling records=0,Compatible; 1 candidate pack/UOM signature(s); source UOM=not supplied; source case qty=not supplied,$0.00
6335,sideward breewing moon boots 24 16 oz 4 pack cans,9,796987a1-0201-4f2e-bec3-2668d88605e6,SIDEWARD BREEWING MOON BOOTS 24/16 OZ (4-PACK CANS),decided on downstream references (38 vs 5),8,Yes,Yes,9,bay window bar | beer cage | beverage carts | grill room | halfway house | liquor cage | member lounge | mens locker room | pool cafe,6,1 mapping record(s) across 1 of 9 identity/identities; sibling records=0,Compatible; 1 candidate pack/UOM signature(s); source UOM=ea; source case qty=4,$0.00
6344790,chicken wings,3,c86eef7a-f909-4f48-a19b-d28d502fcdc1,Chicken - Wings,decided on downstream references (17 vs 5),2,Yes,Yes,3,bay window | cafe | main walk in,2,1 mapping record(s) across 1 of 3 identity/identities; sibling records=0,Compatible; 1 candidate pack/UOM signature(s); source UOM=lb; source case qty=4,$0.00
636030,double diamond proprietary r,2,e837747a-6ab6-4ed3-a667-cc8b92568ce4,DOUBLE DIAMOND PROPRIETARY R,decided on downstream references (12 vs 5),1,Yes,Yes,2,liquor cage | wine cellar,1,1 mapping record(s) across 1 of 2 identity/identities; sibling records=0,Compatible; 1 candidate pack/UOM signature(s); source UOM=not supplied; source case qty=not supplied,$0.00
636036,double diamond cab sauv 22,2,235ec1c0-905c-428a-bd56-0d3ffcd3fcd3,DOUBLE DIAMOND CAB SAUV 22,decided on downstream references (11 vs 5),1,Yes,Yes,2,liquor cage | wine cellar,1,1 mapping record(s) across 1 of 2 identity/identities; sibling records=0,Compatible; 1 candidate pack/UOM signature(s); source UOM=not supplied; source case qty=not supplied,$0.00
636803,ch lassegue 20 st emilion,2,24c49e09-460b-4919-8793-1f9aa4b9070c,CH LASSEGUE 20 ST EMILION,decided on downstream references (10 vs 4),1,Yes,Yes,2,liquor cage | wine cellar,0,1 mapping record(s) across 1 of 2 identity/identities; sibling records=0,Compatible; 1 candidate pack/UOM signature(s); source UOM=not supplied; source case qty=not supplied,$0.00
637122,tanqueray gin,7,5a96acf7-fb47-4d06-960f-d9843f44896e,Tanqueray Gin,decided on downstream references (29 vs 5),6,Yes,Yes,7,bay window bar | grill room | halfway house | liquor cage | member lounge | mens locker room | pool cafe,4,1 mapping record(s) across 1 of 7 identity/identities; sibling records=0,Compatible; 1 candidate pack/UOM signature(s); source UOM=lt; source case qty=12,$0.00
6377626,cheese cheddar,4,9e8c61bf-7e26-4837-96ee-db5957b8ced1,Cheese - Cheddar,decided on downstream references (21 vs 5),3,Yes,Yes,4,bay window | cafe | main walk in | produce walk in,3,1 mapping record(s) across 1 of 4 identity/identities; sibling records=0,Compatible; 1 candidate pack/UOM signature(s); source UOM=lb; source case qty=2,$0.00
638211,justin cabernet sauvignon rsv 22,2,27acedfc-7097-43a3-8058-c888c60ebef0,JUSTIN CABERNET SAUVIGNON RSV 22,decided on downstream references (11 vs 5),1,Yes,Yes,2,liquor cage | wine cellar,1,1 mapping record(s) across 1 of 2 identity/identities; sibling records=0,Compatible; 1 candidate pack/UOM signature(s); source UOM=not supplied; source case qty=not supplied,$0.00
638335,hundred acre cab sauv morg w,2,7b85dcab-ddc0-4828-8c87-41c26f1d3836,HUNDRED ACRE CAB SAUV MORG W.,decided on downstream references (10 vs 4),1,Yes,Yes,2,liquor cage | wine cellar,0,1 mapping record(s) across 1 of 2 identity/identities; sibling records=0,Compatible; 1 candidate pack/UOM signature(s); source UOM=not supplied; source case qty=not supplied,$0.00
638336,hundred acre cab sauv morg w,2,e90dec34-c368-47fd-a474-4859f66d493d,HUNDRED ACRE CAB SAUV MORG W,decided on downstream references (11 vs 5),1,Yes,Yes,2,liquor cage | wine cellar,1,1 mapping record(s) across 1 of 2 identity/identities; sibling records=0,Compatible; 1 candidate pack/UOM signature(s); source UOM=not supplied; source case qty=not supplied,$0.00
640093,mt brave cabernet sauvignon,2,353811b9-47b5-4d68-b6db-002214042ee0,MT BRAVE CABERNET SAUVIGNON,decided on downstream references (11 vs 5),1,Yes,Yes,2,liquor cage | wine cellar,1,1 mapping record(s) across 1 of 2 identity/identities; sibling records=0,Compatible; 1 candidate pack/UOM signature(s); source UOM=not supplied; source case qty=not supplied,$0.00
640835,la jota cabernet franc 21,2,7c2f67f0-497e-4d19-8348-5562c84cefba,LA JOTA CABERNET FRANC 21,decided on downstream references (11 vs 5),1,Yes,Yes,2,liquor cage | wine cellar,1,1 mapping record(s) across 1 of 2 identity/identities; sibling records=0,Compatible; 1 candidate pack/UOM signature(s); source UOM=not supplied; source case qty=not supplied,$0.00
640861,phelps insignia 21,2,2daca8b9-224b-4227-8d24-940ff194cdb8,PHELPS INSIGNIA 21,decided on downstream references (11 vs 5),1,Yes,Yes,2,liquor cage | wine cellar,1,1 mapping record(s) across 1 of 2 identity/identities; sibling records=0,Compatible; 1 candidate pack/UOM signature(s); source UOM=not supplied; source case qty=not supplied,$0.00
641747,fortunate son cab sauv dreamer 21,2,251bc785-ad36-42fa-9f61-e3141ad7a91f,FORTUNATE SON CAB SAUV DREAMER 21,decided on downstream references (11 vs 5),1,Yes,Yes,2,liquor cage | wine cellar,1,1 mapping record(s) across 1 of 2 identity/identities; sibling records=0,Compatible; 1 candidate pack/UOM signature(s); source UOM=not supplied; source case qty=not supplied,$0.00
641749,fortunate son cab sauv warri,2,f183ef06-125b-4cf8-8296-4877731f0838,FORTUNATE SON CAB SAUV WARRI,decided on downstream references (11 vs 5),1,Yes,Yes,2,liquor cage | wine cellar,1,1 mapping record(s) across 1 of 2 identity/identities; sibling records=0,Compatible; 1 candidate pack/UOM signature(s); source UOM=not supplied; source case qty=not supplied,$0.00
642755,brewer clifton p noir santa,2,2e661486-d0dd-453b-8120-3d123ce92150,BREWER CLIFTON P NOIR SANTA,decided on downstream references (10 vs 4),1,Yes,Yes,2,liquor cage | wine cellar,0,1 mapping record(s) across 1 of 2 identity/identities; sibling records=0,Compatible; 1 candidate pack/UOM signature(s); source UOM=not supplied; source case qty=not supplied,$0.00
642775,antinori guado tasso bruciato 23,2,06161f2a-d037-4d10-be23-fcdb60c133eb,ANTINORI GUADO TASSO BRUCIATO 23,decided on downstream references (10 vs 4),1,Yes,Yes,2,liquor cage | wine cellar,0,1 mapping record(s) across 1 of 2 identity/identities; sibling records=0,Compatible; 1 candidate pack/UOM signature(s); source UOM=not supplied; source case qty=not supplied,$0.00
644413,belvedere,6,e15c1059-0ace-4b72-baa0-995c990b8948,Belvedere,decided on downstream references (26 vs 5),5,Yes,Yes,6,bay window bar | grill room | liquor cage | member lounge | mens locker room | pool cafe,4,1 mapping record(s) across 1 of 6 identity/identities; sibling records=0,Compatible; 1 candidate pack/UOM signature(s); source UOM=lt; source case qty=6,$0.00
6448470,sausage smoke link,2,57f00bea-ab01-46fe-89da-d0539bb535be,Sausage Smoke Link,decided on downstream references (10 vs 4),1,Yes,Yes,2,front reach in freezer | main freezer,0,1 mapping record(s) across 1 of 2 identity/identities; sibling records=0,Compatible; 1 candidate pack/UOM signature(s); source UOM=lb; source case qty=1,$0.00
645193,hampton water rose 24,2,145c71cb-651f-4cdc-bef0-981ef7941072,HAMPTON WATER ROSE 24,decided on downstream references (11 vs 5),1,Yes,Yes,2,liquor cage | pool cafe,1,1 mapping record(s) across 1 of 2 identity/identities; sibling records=0,Compatible; 1 candidate pack/UOM signature(s); source UOM=not supplied; source case qty=not supplied,$0.00
646241,the calling p noir fox den 2,2,7ec4308c-2ec8-4b27-a609-c5b00c079965,THE CALLING P NOIR FOX DEN 2,decided on downstream references (13 vs 5),1,Yes,Yes,2,liquor cage | wine cellar,1,1 mapping record(s) across 1 of 2 identity/identities; sibling records=0,Compatible; 1 candidate pack/UOM signature(s); source UOM=not supplied; source case qty=not supplied,$0.00
646609,benton lane pinot noir 23,2,9e4e4514-ce1b-4d73-a3c7-9ef570d35384,BENTON LANE PINOT NOIR 23,decided on downstream references (11 vs 5),1,Yes,Yes,2,liquor cage | wine cellar,1,1 mapping record(s) across 1 of 2 identity/identities; sibling records=0,Compatible; 1 candidate pack/UOM signature(s); source UOM=not supplied; source case qty=not supplied,$0.00
649026,justin isosceles 21,2,c5636aa2-f7a8-4f5c-8bc8-f54e7462eba9,JUSTIN ISOSCELES 21,decided on downstream references (13 vs 5),1,Yes,Yes,2,liquor cage | wine cellar,1,1 mapping record(s) across 1 of 2 identity/identities; sibling records=0,Compatible; 1 candidate pack/UOM signature(s); source UOM=not supplied; source case qty=not supplied,$0.00
6506770,gatorade grape g2,4,6ee4104d-0c04-4dca-a66a-1d9d5b038498,Gatorade GRAPE G2,decided on downstream references (17 vs 5),3,Yes,Yes,4,beverage carts | dry storeroom | halfway house | pool cafe,1,1 mapping record(s) across 1 of 4 identity/identities; sibling records=0,Compatible; 1 candidate pack/UOM signature(s); source UOM=ea; source case qty=1,$0.00
650749,foley johnson cab sauv napa,2,876513e5-72b3-4f6f-90ff-5cc3340051c2,FOLEY JOHNSON CAB SAUV NAPA,decided on downstream references (13 vs 5),1,Yes,Yes,2,liquor cage | wine cellar,1,1 mapping record(s) across 1 of 2 identity/identities; sibling records=0,Compatible; 1 candidate pack/UOM signature(s); source UOM=not supplied; source case qty=not supplied,$0.00
6508978,gatorade fruit punch,2,273af35f-6814-4599-ae59-fb053fd359b4,Gatorade Fruit Punch,decided on downstream references (13 vs 5),1,Yes,Yes,2,dry storeroom | halfway house,1,1 mapping record(s) across 1 of 2 identity/identities; sibling records=0,Compatible; 1 candidate pack/UOM signature(s); source UOM=ea; source case qty=1,$0.00
653201,dry creek zinfandel old vine,2,e570347b-1ecc-4a73-a3c3-805914a290f2,DRY CREEK ZINFANDEL OLD VINE,decided on downstream references (10 vs 5),1,Yes,Yes,2,liquor cage | wine cellar,1,1 mapping record(s) across 1 of 2 identity/identities; sibling records=0,Compatible; 1 candidate pack/UOM signature(s); source UOM=not supplied; source case qty=not supplied,$0.00
653825,hundred acre cab sauv wraith,2,3df74299-3c2e-48f9-9609-28cf55bd34fb,HUNDRED ACRE CAB SAUV WRAITH,decided on downstream references (11 vs 5),1,Yes,Yes,2,liquor cage | wine cellar,1,1 mapping record(s) across 1 of 2 identity/identities; sibling records=0,Compatible; 1 candidate pack/UOM signature(s); source UOM=not supplied; source case qty=not supplied,$0.00
654278,col solare cabernet sauvigno,2,14a176e7-c773-4512-ae49-c053c7f4cd5c,COL SOLARE CABERNET SAUVIGNO,decided on downstream references (10 vs 4),1,Yes,Yes,2,liquor cage | wine cellar,0,1 mapping record(s) across 1 of 2 identity/identities; sibling records=0,Compatible; 1 candidate pack/UOM signature(s); source UOM=not supplied; source case qty=not supplied,$0.00
654964,the calling chard dutton ranch 23,4,b7989dd8-434e-4bb1-8bde-a389a548929f,THE CALLING CHARD DUTTON RANCH 23,decided on downstream references (19 vs 5),3,Yes,Yes,4,bay window bar | grill room | liquor cage | member lounge,1,1 mapping record(s) across 1 of 4 identity/identities; sibling records=0,Compatible; 1 candidate pack/UOM signature(s); source UOM=not supplied; source case qty=not supplied,$0.00
655169,rosaluna mezcal joven org 80,2,ee3a1652-8706-47db-a544-8326e47162af,ROSALUNA MEZCAL JOVEN(ORG)80,decided on downstream references (11 vs 5),1,Yes,Yes,2,liquor cage | mens locker room,1,1 mapping record(s) across 1 of 2 identity/identities; sibling records=0,Compatible; 1 candidate pack/UOM signature(s); source UOM=not supplied; source case qty=not supplied,$0.00
655178,hundred acre cab sauv dark a,2,e6b8007e-1ede-4d5e-9a18-4e06e888bcba,HUNDRED ACRE CAB SAUV DARK A,decided on downstream references (11 vs 5),1,Yes,Yes,2,liquor cage | wine cellar,1,1 mapping record(s) across 1 of 2 identity/identities; sibling records=0,Compatible; 1 candidate pack/UOM signature(s); source UOM=not supplied; source case qty=not supplied,$0.00
656612,bootleg cabernet sauvignon 2,2,14eabcaa-0382-4372-a173-e474ae713029,BOOTLEG CABERNET SAUVIGNON 2,decided on downstream references (11 vs 5),1,Yes,Yes,2,liquor cage | wine cellar,1,1 mapping record(s) across 1 of 2 identity/identities; sibling records=0,Compatible; 1 candidate pack/UOM signature(s); source UOM=not supplied; source case qty=not supplied,$0.00
657923,martini rossi rosso sweet vermouth,5,4ba25e12-b540-4144-9115-9ca49879f66d,Martini & Rossi - Rosso Sweet Vermouth,decided on downstream references (24 vs 5),4,Yes,Yes,5,bay window bar | liquor cage | member lounge | mens locker room | pool cafe,4,1 mapping record(s) across 1 of 5 identity/identities; sibling records=0,Compatible; 1 candidate pack/UOM signature(s); source UOM=lt; source case qty=6,$0.00
657929,booker s noe bourbon,2,099903b1-9d1f-4800-9b78-ac3ad02bba31,Booker's - Noe Bourbon,decided on downstream references (10 vs 4),1,Yes,Yes,2,liquor cage | mens locker room,0,1 mapping record(s) across 1 of 2 identity/identities; sibling records=0,Compatible; 1 candidate pack/UOM signature(s); source UOM=not supplied; source case qty=not supplied,$0.00
6586721,asst lays chips,5,31b31cd8-5af2-4ef4-9047-968509dacf90,Asst Lays Chips,decided on downstream references (22 vs 5),4,Yes,Yes,5,beverage carts | cafe | dry storeroom | halfway house | pool cafe,3,1 mapping record(s) across 1 of 5 identity/identities; sibling records=0,Compatible; 1 candidate pack/UOM signature(s); source UOM=ea; source case qty=1,$0.00
660261,bieler rose cuvee sabine sc 24,3,024e95eb-61d2-42a0-a2ea-f3bedab7b974,BIELER ROSE CUVEE SABINE(SC)24,decided on downstream references (16 vs 5),2,Yes,Yes,3,bay window bar | liquor cage | member lounge,1,1 mapping record(s) across 1 of 3 identity/identities; sibling records=0,Compatible; 1 candidate pack/UOM signature(s); source UOM=not supplied; source case qty=not supplied,$0.00
6639165,garlic granulated,3,3260d651-741b-4568-ad71-95fbd6fe80f1,Garlic - Granulated,decided on downstream references (17 vs 5),2,Yes,Yes,3,bay window | cafe | dry storeroom,2,1 mapping record(s) across 1 of 3 identity/identities; sibling records=0,Compatible; 1 candidate pack/UOM signature(s); source UOM=oz; source case qty=1,$0.00
6639553,steak seasoning,4,65f16180-3b83-489f-b141-3cf28e66930b,Steak Seasoning,decided on downstream references (21 vs 5),3,Yes,Yes,4,bay window | cafe | dry storeroom | main kitchen,3,1 mapping record(s) across 1 of 4 identity/identities; sibling records=0,Compatible; 1 candidate pack/UOM signature(s); source UOM=oz; source case qty=1,$0.00
664180,opus one 22 wd,2,156c4342-1355-4f6b-8632-8e9775102f38,OPUS ONE 22 WD,decided on downstream references (11 vs 5),1,Yes,Yes,2,liquor cage | wine cellar,1,1 mapping record(s) across 1 of 2 identity/identities; sibling records=0,Compatible; 1 candidate pack/UOM signature(s); source UOM=not supplied; source case qty=not supplied,$0.00
665835,opus one overture 22 wd,2,61f096cb-8fbd-4f16-aa25-618980a5283a,OPUS ONE OVERTURE 22 WD,decided on downstream references (11 vs 5),1,Yes,Yes,2,liquor cage | wine cellar,1,1 mapping record(s) across 1 of 2 identity/identities; sibling records=0,Compatible; 1 candidate pack/UOM signature(s); source UOM=not supplied; source case qty=not supplied,$0.00
666539,quintessa 22,2,09f77557-856d-4c63-833d-7f1d519a3b52,QUINTESSA 22,decided on downstream references (11 vs 5),1,Yes,Yes,2,liquor cage | wine cellar,1,1 mapping record(s) across 1 of 2 identity/identities; sibling records=0,Compatible; 1 candidate pack/UOM signature(s); source UOM=not supplied; source case qty=not supplied,$0.00
666543,quintessa 22 wd,2,3404df74-b840-4b65-8b69-0257d7a03f8f,QUINTESSA 22 WD,decided on downstream references (10 vs 4),1,Yes,Yes,2,liquor cage | wine cellar,0,1 mapping record(s) across 1 of 2 identity/identities; sibling records=0,Compatible; 1 candidate pack/UOM signature(s); source UOM=not supplied; source case qty=not supplied,$0.00
666720,nickel nickel cab sauv cc rc,2,5e44d280-1d2d-4ca0-919e-7985180d60e5,NICKEL&NICKEL CAB SAUV ST RC,decided on downstream references (17 vs 7),1,No,Yes,2,liquor cage | wine cellar,1,2 mapping record(s) across 1 of 2 identity/identities; sibling records=0,Compatible; 1 candidate pack/UOM signature(s); source UOM=not supplied; source case qty=not supplied,$0.00
6677492,mango cubes,3,8be3598f-3c20-438b-ae7d-19ec1dc536c7,Mango Cubes,decided on downstream references (16 vs 5),2,Yes,Yes,3,cafe | front reach in freezer | main freezer,1,1 mapping record(s) across 1 of 3 identity/identities; sibling records=0,Compatible; 1 candidate pack/UOM signature(s); source UOM=lb; source case qty=2,$0.00
669419,caymus cab sauv napa 23,2,6a2071f7-45c0-4a7a-8695-e6dc4954a312,CAYMUS CAB SAUV NAPA 23,decided on downstream references (13 vs 5),1,Yes,Yes,2,liquor cage | wine cellar,1,1 mapping record(s) across 1 of 2 identity/identities; sibling records=0,Compatible; 1 candidate pack/UOM signature(s); source UOM=lt; source case qty=1,$0.00
6728109,chicken fritter,3,57e3181b-3fa2-4353-a8c7-7751e6673d36,Chicken fritter,decided on downstream references (17 vs 5),2,Yes,Yes,3,bay window | cafe | main freezer,2,1 mapping record(s) across 1 of 3 identity/identities; sibling records=0,Compatible; 1 candidate pack/UOM signature(s); source UOM=lb; source case qty=2,$0.00
6738928,bagels everything,2,bfd19501-5410-43ae-b1ca-8805e4964a9d,Bagels Everything,decided on downstream references (12 vs 5),1,Yes,Yes,2,front reach in freezer | main freezer,1,1 mapping record(s) across 1 of 2 identity/identities; sibling records=0,Compatible; 1 candidate pack/UOM signature(s); source UOM=ea; source case qty=1,$0.00
6738936,bagels,2,cb538708-c4cb-4333-8464-27fb8e34aada,Bagels,decided on downstream references (12 vs 5),1,Yes,Yes,2,front reach in freezer | main freezer,1,1 mapping record(s) across 1 of 2 identity/identities; sibling records=0,Compatible; 1 candidate pack/UOM signature(s); source UOM=ea; source case qty=8,$0.00
6743437,fritos,2,9adb3553-c706-45b8-ba9b-94005cc8d085,Fritos,decided on downstream references (11 vs 5),1,Yes,Yes,2,dry storeroom | halfway house,1,1 mapping record(s) across 1 of 2 identity/identities; sibling records=0,Compatible; 1 candidate pack/UOM signature(s); source UOM=ea; source case qty=64,$0.00
6743530,miss vickies chips,3,a8ab0f27-ade7-48ee-bf31-0810aa78d8dd,Miss Vickies chips,decided on downstream references (16 vs 5),2,Yes,Yes,3,beverage carts | dry storeroom | halfway house,1,1 mapping record(s) across 1 of 3 identity/identities; sibling records=0,Compatible; 1 candidate pack/UOM signature(s); source UOM=ea; source case qty=1,$0.00
677906,sea smoke p noir southing 23,2,21c46b0a-de32-47bf-b1b3-eed79f42df99,SEA SMOKE P NOIR SOUTHING 23,decided on downstream references (13 vs 5),1,Yes,Yes,2,liquor cage | wine cellar,1,1 mapping record(s) across 1 of 2 identity/identities; sibling records=0,Compatible; 1 candidate pack/UOM signature(s); source UOM=not supplied; source case qty=not supplied,$0.00
677952,sea smoke pinot noir ten 23,2,2165ad3e-eb8e-4463-8cb9-5c156d58464f,SEA SMOKE PINOT NOIR TEN 23,decided on downstream references (12 vs 5),1,Yes,Yes,2,liquor cage | wine cellar,1,1 mapping record(s) across 1 of 2 identity/identities; sibling records=0,Compatible; 1 candidate pack/UOM signature(s); source UOM=not supplied; source case qty=not supplied,$0.00
678025,hundred acre cab sauv ark 22,2,4d405d5a-4886-47ff-8723-cbeb5b94fea3,HUNDRED ACRE CAB SAUV ARK 22,decided on downstream references (11 vs 5),1,Yes,Yes,2,liquor cage | wine cellar,1,1 mapping record(s) across 1 of 2 identity/identities; sibling records=0,Compatible; 1 candidate pack/UOM signature(s); source UOM=not supplied; source case qty=not supplied,$0.00
678028,hundred acre cab sauv morg w 3330760,2,5a2af9c7-95c1-473e-916d-d9dcd2848e09,HUNDRED ACRE CAB SAUV MORG W - 3330760,decided on downstream references (11 vs 5),1,Yes,Yes,2,liquor cage | wine cellar,1,1 mapping record(s) across 1 of 2 identity/identities; sibling records=0,Compatible; 1 candidate pack/UOM signature(s); source UOM=not supplied; source case qty=not supplied,$0.00
679444,quilt cabernet sauvignon sc 23,3,35a4233e-cb6e-4bf9-8740-8f18e9226584,QUILT CABERNET SAUVIGNON(SC)23,decided on downstream references (13 vs 5),2,Yes,Yes,3,bay window bar | liquor cage | member lounge,2,1 mapping record(s) across 1 of 3 identity/identities; sibling records=0,Compatible; 1 candidate pack/UOM signature(s); source UOM=not supplied; source case qty=not supplied,$0.00
6809638,cheese mozzarella shredded,2,81eb1aa2-5087-4f44-bfbd-d4b834fee679,Cheese - Mozzarella Shredded,decided on downstream references (13 vs 5),1,Yes,Yes,2,bay window | produce walk in,1,1 mapping record(s) across 1 of 2 identity/identities; sibling records=0,Compatible; 1 candidate pack/UOM signature(s); source UOM=lb; source case qty=3,$0.00
686472,rapaura springs sauv bl rs s,2,9f179fb7-038c-42cf-8d75-3a4e26324bc6,RAPAURA SPRINGS SAUV BL RSV(,decided on downstream references (27 vs 8),1,No,Yes,2,bay window bar | liquor cage,2,2 mapping record(s) across 1 of 2 identity/identities; sibling records=0,Compatible; 1 candidate pack/UOM signature(s); source UOM=not supplied; source case qty=not supplied,$0.00
689706,the calling cab sauv paso ro,2,72a2899f-e4da-4142-9e42-b7e0d5457fb2,THE CALLING CAB SAUV PASO RO,decided on downstream references (13 vs 5),1,Yes,Yes,2,bay window bar | liquor cage,1,1 mapping record(s) across 1 of 2 identity/identities; sibling records=0,Compatible; 1 candidate pack/UOM signature(s); source UOM=not supplied; source case qty=not supplied,$0.00
691049,hundred acre cab sauv wraith 3330761,2,f41e7ac6-7e55-429d-ad0e-725ceaeb7f6a,HUNDRED ACRE CAB SAUV WRAITH - 3330761,decided on downstream references (11 vs 5),1,Yes,Yes,2,liquor cage | wine cellar,1,1 mapping record(s) across 1 of 2 identity/identities; sibling records=0,Compatible; 1 candidate pack/UOM signature(s); source UOM=not supplied; source case qty=not supplied,$0.00
6935464,heavy cream,3,5ef0e48a-c631-4dd6-8aa1-168998160a41,Heavy Cream,decided on downstream references (16 vs 5),2,Yes,Yes,3,bay window | main kitchen | main walk in,2,1 mapping record(s) across 1 of 3 identity/identities; sibling records=0,Compatible; 1 candidate pack/UOM signature(s); source UOM=qt; source case qty=1,$0.00
698449,stoller pinot noir wv sc 24,2,6a593988-f275-437c-aa93-9716368749a0,STOLLER PINOT NOIR WV(SC)24,decided on downstream references (13 vs 5),1,Yes,Yes,2,liquor cage | wine cellar,1,1 mapping record(s) across 1 of 2 identity/identities; sibling records=0,Compatible; 1 candidate pack/UOM signature(s); source UOM=not supplied; source case qty=not supplied,$0.00
7014175,sauce cholula,3,92719254-86c4-46de-bb5e-3fb02042ba48,Sauce - Cholula,decided on downstream references (17 vs 5),2,Yes,Yes,3,cafe | dry storeroom | halfway house,2,1 mapping record(s) across 1 of 3 identity/identities; sibling records=0,Compatible; 1 candidate pack/UOM signature(s); source UOM=oz; source case qty=12,$0.00
7020551,bbq korean,3,2599f3a3-8b50-473f-89fa-71793eff582f,BBQ KOREAN,decided on downstream references (16 vs 4),2,Yes,Yes,3,cafe | dry storeroom | main walk in,0,1 mapping record(s) across 1 of 3 identity/identities; sibling records=0,Compatible; 1 candidate pack/UOM signature(s); source UOM=oz; source case qty=4,$0.00
7028587,wedge potato,2,b0a9ad34-71d0-48f7-a59c-cb67489f60b1,Wedge potato,decided on downstream references (12 vs 4),1,Yes,Yes,2,main freezer | main kitchen,0,1 mapping record(s) across 1 of 2 identity/identities; sibling records=0,Compatible; 1 candidate pack/UOM signature(s); source UOM=lb; source case qty=6,$0.00
7037374,water logo,11,b28cb178-76a5-4a07-bad2-35e0e8313413,Water Logo,decided on downstream references (42 vs 5),10,Yes,Yes,11,bay window | bay window bar | beverage carts | cafe | dry storeroom | grill room | halfway house | main walk in | member lounge | mens locker room | pool cafe,4,1 mapping record(s) across 1 of 11 identity/identities; sibling records=0,Compatible; 1 candidate pack/UOM signature(s); source UOM=ea; source case qty=1,$0.00
7050991,tea iced lmnd hlf arnld palm,6,35eb88c2-fbb3-462a-8f01-b725716bf49f,TEA ICED LMND HLF ARNLD PALM,decided on downstream references (25 vs 5),5,Yes,Yes,6,bay window bar | beverage carts | cafe | dry storeroom | halfway house | pool cafe,3,1 mapping record(s) across 1 of 6 identity/identities; sibling records=0,Compatible; 1 candidate pack/UOM signature(s); source UOM=ea; source case qty=1,$0.00
7063091,relish sweet,4,52029c6b-c97b-4381-9893-857b52e28f2c,Relish - Sweet,decided on downstream references (21 vs 5),3,Yes,Yes,4,cafe | dry storeroom | halfway house | main walk in,3,1 mapping record(s) across 1 of 4 identity/identities; sibling records=0,Compatible; 1 candidate pack/UOM signature(s); source UOM=gal; source case qty=1,$0.00
7071098,gatorade glacier freze zero,5,5b9df7bd-090d-4858-87bb-1d204813ddf1,Gatorade GLACIER FREZE ZERO,decided on downstream references (20 vs 5),4,Yes,Yes,5,beverage carts | dry storeroom | halfway house | mens locker room | pool cafe,1,1 mapping record(s) across 1 of 5 identity/identities; sibling records=0,Compatible; 1 candidate pack/UOM signature(s); source UOM=ea; source case qty=1,$0.00
7077490,baking soda,2,bdf1263e-c578-42ea-9bcc-6adf8f318451,Baking soda,decided on downstream references (12 vs 4),1,Yes,Yes,2,dry storeroom | pastry shop,0,1 mapping record(s) across 1 of 2 identity/identities; sibling records=0,Compatible; 1 candidate pack/UOM signature(s); source UOM=oz; source case qty=24,$0.00
7078993,shrimp cooked 16 20,4,7a856d50-29f4-4d36-98a3-bad5f05d5b20,Shrimp - Cooked - 16-20,decided on downstream references (20 vs 5),3,Yes,Yes,4,bay window | cafe | main freezer | main kitchen,2,1 mapping record(s) across 1 of 4 identity/identities; sibling records=0,Compatible; 1 candidate pack/UOM signature(s); source UOM=lb; source case qty=4,$0.00
7097100,olives queen,5,49805f5f-7933-47c3-a12f-5698b014438a,Olives - Queen,decided on downstream references (23 vs 5),4,Yes,Yes,5,bay window | cafe | dry storeroom | main walk in | pool cafe,4,1 mapping record(s) across 1 of 5 identity/identities; sibling records=0,Compatible; 1 candidate pack/UOM signature(s); source UOM=gal; source case qty=1,$0.00
7102326,pasta orzo,2,456ace7a-105a-480a-baac-ade19a2d4799,Pasta - Orzo,decided on downstream references (13 vs 5),1,Yes,Yes,2,bay window | dry storeroom,1,1 mapping record(s) across 1 of 2 identity/identities; sibling records=0,Compatible; 1 candidate pack/UOM signature(s); source UOM=lb; source case qty=2,$0.00
7108897,fries 3 8 straight cut,5,bef79c60-82b3-4e61-8593-9837675273a9,Fries - 3/8 Straight Cut,decided on downstream references (24 vs 5),4,Yes,Yes,5,bay window | cafe | front reach in freezer | main freezer | main kitchen,3,1 mapping record(s) across 1 of 5 identity/identities; sibling records=0,Compatible; 1 candidate pack/UOM signature(s); source UOM=lb; source case qty=6,$0.00
7111746,smoothie mix,2,eecd0a39-ad40-4905-b9ab-9a778b8db095,Smoothie mix,decided on downstream references (10 vs 4),1,Yes,Yes,2,cafe | dry storeroom,0,1 mapping record(s) across 1 of 2 identity/identities; sibling records=0,Compatible; 1 candidate pack/UOM signature(s); source UOM=ea; source case qty=1,$0.00
7116724,bread rye,2,a51c94fa-d07f-41b1-b975-98cbecdebc25,Bread - Rye,decided on downstream references (10 vs 4),1,Yes,Yes,2,bread reach in | front reach in freezer,0,1 mapping record(s) across 1 of 2 identity/identities; sibling records=0,Compatible; 1 candidate pack/UOM signature(s); source UOM=ea; source case qty=6,$0.00
7123926,oasis mango,2,4abd5f0c-2585-4969-8cd6-bf78f7691168,Oasis Mango,decided on downstream references (10 vs 4),1,Yes,Yes,2,cafe | pool cafe,0,1 mapping record(s) across 1 of 2 identity/identities; sibling records=0,Compatible; 1 candidate pack/UOM signature(s); source UOM=qt; source case qty=1,$0.00
7134829,sausage andouille martin s,2,75c71067-e492-46c9-a9e3-029c94850a0b,SAUSAGE ANDOUILLE MARTIN'S,decided on downstream references (13 vs 5),1,Yes,Yes,2,halfway house | main walk in,1,1 mapping record(s) across 1 of 2 identity/identities; sibling records=0,Compatible; 1 candidate pack/UOM signature(s); source UOM=oz; source case qty=8,$0.00
7137516,truffle oil,3,5e1ff877-9737-41df-844a-62407381cd08,Truffle Oil,decided on downstream references (14 vs 5),2,Yes,Yes,3,cafe | dry storeroom | main kitchen,2,1 mapping record(s) across 1 of 3 identity/identities; sibling records=0,Compatible; 1 candidate pack/UOM signature(s); source UOM=oz; source case qty=2,$0.00
7158089,turkey burger,4,3eeef4cf-da19-4914-8e79-74e37017c0fe,Turkey - Burger,decided on downstream references (20 vs 5),3,Yes,Yes,4,bay window | cafe | main freezer | main kitchen,3,1 mapping record(s) across 1 of 4 identity/identities; sibling records=0,Compatible; 1 candidate pack/UOM signature(s); source UOM=ea; source case qty=1,$0.00
7163382,onion powder,3,e0af1f42-981c-4a0d-b8f3-7d83588a74cd,Onion Powder,decided on downstream references (16 vs 5),2,Yes,Yes,3,bay window | dry storeroom | main kitchen,2,1 mapping record(s) across 1 of 3 identity/identities; sibling records=0,Compatible; 1 candidate pack/UOM signature(s); source UOM=oz; source case qty=1,$0.00
7163617,bun hmbrgr slider white 3in,5,0d0e2660-fe60-4b54-b678-aeb928f22514,BUN HMBRGR SLIDER WHITE 3IN,decided on downstream references (22 vs 5),4,Yes,Yes,5,bay window | bread reach in | cafe | main freezer | pool cafe,3,1 mapping record(s) across 1 of 5 identity/identities; sibling records=0,Compatible; 1 candidate pack/UOM signature(s); source UOM=ea; source case qty=6,$0.00
7166386,creamers half and half ind,4,aac3207d-d97f-4e63-8d50-8ed82a78640e,Creamers Half and Half ind.,decided on downstream references (9 vs 8),3,No,Yes,4,bay window | dry storeroom | main kitchen | mens locker room,5,2 mapping record(s) across 1 of 4 identity/identities; sibling records=0,Compatible; 1 candidate pack/UOM signature(s); source UOM=ml; source case qty=384,$0.00
7172870,salt kosher,4,85e0e9f6-142e-4c1b-aa20-571fbfd1fefe,Salt - Kosher,decided on downstream references (21 vs 5),3,Yes,Yes,4,bay window | cafe | dry storeroom | main kitchen,3,1 mapping record(s) across 1 of 4 identity/identities; sibling records=0,Compatible; 1 candidate pack/UOM signature(s); source UOM=lb; source case qty=9,$0.00
7173225,onion rings,5,2a611040-46f2-4a5a-b174-11e5c6dd929c,Onion Rings,decided on downstream references (25 vs 5),4,Yes,Yes,5,bay window | cafe | front reach in freezer | main freezer | main kitchen,3,1 mapping record(s) across 1 of 5 identity/identities; sibling records=0,Compatible; 1 candidate pack/UOM signature(s); source UOM=lb; source case qty=12,$0.00
7193807,spindrift,9,9d3a8767-049c-44ee-b8a2-5c24fc7089aa,Spindrift,decided on downstream references (31 vs 4),8,Yes,Yes,9,bay window bar | beverage carts | cafe | dry storeroom | grill room | halfway house | member lounge | mens locker room | pool cafe,0,1 mapping record(s) across 1 of 9 identity/identities; sibling records=0,Compatible; 1 candidate pack/UOM signature(s); source UOM=ea; source case qty=24,$0.00
7198009,puff pastry,2,6f686785-d7d9-42c7-920f-bba9f12c0f12,Puff Pastry,decided on downstream references (12 vs 4),1,Yes,Yes,2,front reach in freezer | main freezer,0,1 mapping record(s) across 1 of 2 identity/identities; sibling records=0,Compatible; 1 candidate pack/UOM signature(s); source UOM=oz; source case qty=20,$0.00
7200946,italian sausage bulk,3,032d0ae4-3dc2-487f-9f16-bfd433172f12,Italian Sausage Bulk,decided on existing historical use (2 vs 0),2,No,Yes,3,bay window | main freezer | main walk in,1,2 mapping record(s) across 1 of 3 identity/identities; sibling records=2,Compatible; 1 candidate pack/UOM signature(s); source UOM=lb; source case qty=2,$0.00
7210491,veal ground,2,a6218712-9fe2-4b43-96ca-27ad2683f23f,Veal - Ground,decided on downstream references (12 vs 5),1,Yes,Yes,2,main freezer | main walk in,1,1 mapping record(s) across 1 of 2 identity/identities; sibling records=0,Compatible; 1 candidate pack/UOM signature(s); source UOM=lb; source case qty=1,$0.00
7213183,hummus,2,e75fa54a-126e-446d-8519-fa1229512a3f,Hummus,decided on downstream references (10 vs 6),1,No,Yes,2,cafe | main walk in,0,2 mapping record(s) across 1 of 2 identity/identities; sibling records=0,Compatible; 1 candidate pack/UOM signature(s); source UOM=oz; source case qty=3,$0.00
7217000,croissant 2oz,2,b46600b8-05d4-477e-bdde-7e7f1d7093fe,CROISSANT 2oz,decided on downstream references (10 vs 4),1,Yes,Yes,2,front reach in freezer | main freezer,0,1 mapping record(s) across 1 of 2 identity/identities; sibling records=0,Compatible; 1 candidate pack/UOM signature(s); source UOM=ea; source case qty=1,$0.00
7219691,hotdog buns,4,9574fab3-27ea-4fa5-bd74-3eba34a4c5da,Hotdog Buns,decided on downstream references (18 vs 5),3,Yes,Yes,4,bread reach in | cafe | halfway house | pool cafe,3,1 mapping record(s) across 1 of 4 identity/identities; sibling records=0,Compatible; 1 candidate pack/UOM signature(s); source UOM=dz; source case qty=16,$0.00
7220900,quinoa,2,60322634-8d9b-4537-9036-a28c54890756,Quinoa,decided on downstream references (12 vs 5),1,Yes,Yes,2,dry storeroom | main kitchen,1,1 mapping record(s) across 1 of 2 identity/identities; sibling records=0,Compatible; 1 candidate pack/UOM signature(s); source UOM=lb; source case qty=2,$0.00
7250644,sandwich uncrustables peanut butter grape wheat 2 6 oz,3,1f3b5ddb-a93c-4b4a-853b-2e24229387ac,SANDWICH UNCRUSTABLES PEANUT BUTTER & GRAPE (WHEAT) 2.6 OZ,decided on downstream references (15 vs 5),2,Yes,Yes,3,beverage carts | halfway house | main freezer,1,1 mapping record(s) across 1 of 3 identity/identities; sibling records=0,Compatible; 1 candidate pack/UOM signature(s); source UOM=oz; source case qty=48,$0.00
7254773,goldfish,3,63710447-3166-4fef-8779-39b3e648d3d6,Goldfish,decided on downstream references (15 vs 5),2,Yes,Yes,3,dry storeroom | member lounge | mens locker room,1,1 mapping record(s) across 1 of 3 identity/identities; sibling records=0,Compatible; 1 candidate pack/UOM signature(s); source UOM=ea; source case qty=1,$0.00
7260288,diet coke ind,10,8d2018bf-ce96-45a6-b11d-a94d073a1925,Diet Coke - Ind.,decided on downstream references (38 vs 5),9,Yes,Yes,10,bay window | beverage carts | cafe | dry storeroom | grill room | halfway house | main kitchen | member lounge | mens locker room | pool cafe,4,1 mapping record(s) across 1 of 10 identity/identities; sibling records=0,Compatible; 1 candidate pack/UOM signature(s); source UOM=ea; source case qty=24,$0.00
7260289,sprite ind,7,66ef19e0-1628-4079-94b5-7b39c12b32e8,Sprite - Ind.,decided on downstream references (29 vs 5),6,Yes,Yes,7,bay window | cafe | dry storeroom | halfway house | main kitchen | member lounge | mens locker room,3,1 mapping record(s) across 1 of 7 identity/identities; sibling records=0,Compatible; 1 candidate pack/UOM signature(s); source UOM=ea; source case qty=24,$0.00
7260291,coke ind,10,94c6fe21-b3be-4755-aa8e-3d618c1b1e9c,Coke - Ind.,decided on downstream references (9 vs 8),9,No,Yes,10,bay window | beverage carts | cafe | dry storeroom | grill room | halfway house | main kitchen | member lounge | mens locker room | pool cafe,8,2 mapping record(s) across 1 of 10 identity/identities; sibling records=0,Compatible; 1 candidate pack/UOM signature(s); source UOM=ea; source case qty=1,$0.00
7270301,bread french loaf garlic sliced 4 5,2,227f9e77-1cb3-48be-9ea5-23a4ad4330a0,"BREAD FRENCH LOAF GARLIC SLICED 4.5""",decided on downstream references (10 vs 4),1,Yes,Yes,2,bread reach in | main freezer,0,1 mapping record(s) across 1 of 2 identity/identities; sibling records=0,Compatible; 1 candidate pack/UOM signature(s); source UOM=ea; source case qty=1,$0.00
7274465,bun hamburger slider yellow 3,2,876e9b87-4375-42aa-9e73-8e7cbfc852a4,"BUN HAMBURGER SLIDER YELLOW 3""",decided on downstream references (12 vs 5),1,Yes,Yes,2,bread reach in | main walk in,1,1 mapping record(s) across 1 of 2 identity/identities; sibling records=0,Compatible; 1 candidate pack/UOM signature(s); source UOM=ea; source case qty=8,$0.00
7278782,oat milk,2,b2e1d72e-4dd4-41d0-b77e-a4617b3f0495,Oat Milk,decided on downstream references (12 vs 4),1,Yes,Yes,2,main kitchen | main walk in,0,1 mapping record(s) across 1 of 2 identity/identities; sibling records=0,Compatible; 1 candidate pack/UOM signature(s); source UOM=oz; source case qty=12,$0.00
7296282,perrier orange,9,901903e0-f754-4057-b820-00d3c1054deb,Perrier Orange,decided on downstream references (35 vs 5),8,Yes,Yes,9,bay window bar | beverage carts | cafe | dry storeroom | grill room | halfway house | member lounge | mens locker room | pool cafe,3,1 mapping record(s) across 1 of 9 identity/identities; sibling records=0,Compatible; 1 candidate pack/UOM signature(s); source UOM=ea; source case qty=24,$0.00
7296294,perrier lime,9,1e066251-fcd4-4b64-9935-7045c1f0ba96,Perrier Lime,decided on downstream references (35 vs 5),8,Yes,Yes,9,bay window bar | beverage carts | cafe | dry storeroom | grill room | halfway house | member lounge | mens locker room | pool cafe,3,1 mapping record(s) across 1 of 9 identity/identities; sibling records=0,Compatible; 1 candidate pack/UOM signature(s); source UOM=ea; source case qty=1,$0.00
7302636,cheese goat crumbled,2,479034dc-9b36-4bfb-a6cd-1bae5e0d2cfe,Cheese - Goat Crumbled,decided on downstream references (10 vs 4),1,Yes,Yes,2,main walk in | produce walk in,0,1 mapping record(s) across 1 of 2 identity/identities; sibling records=0,Compatible; 1 candidate pack/UOM signature(s); source UOM=lb; source case qty=2,$0.00
7319970,juice orange 32oz,7,c247f02c-9068-418f-8ae2-842a697e7cfd,JUICE ORANGE 32oz,decided on downstream references (28 vs 5),6,Yes,Yes,7,bay window bar | beverage carts | cafe | dry storeroom | halfway house | member lounge | mens locker room,1,1 mapping record(s) across 1 of 7 identity/identities; sibling records=0,Compatible; 1 candidate pack/UOM signature(s); source UOM=ea; source case qty=1,$0.00
7342730,grape juice,6,4720252b-7a31-4733-96c2-fb359c72fde2,Grape - Juice,decided on downstream references (27 vs 5),5,Yes,Yes,6,bay window | cafe | halfway house | mens locker room | pool cafe | produce walk in,4,1 mapping record(s) across 1 of 6 identity/identities; sibling records=0,Compatible; 1 candidate pack/UOM signature(s); source UOM=ea; source case qty=12,$0.00
7346194,bulk kettle chip,2,fd53bd80-5f70-4c41-a0d1-1623ac5195a7,Bulk Kettle chip,decided on downstream references (12 vs 5),1,Yes,Yes,2,dry storeroom | mens locker room,1,1 mapping record(s) across 1 of 2 identity/identities; sibling records=0,Compatible; 1 candidate pack/UOM signature(s); source UOM=ea; source case qty=1,$0.00
7359175,jacks organic chips,3,3c866a0a-e2b4-41f9-bfa6-a7c72acd3cfb,Jacks Organic chips,decided on downstream references (13 vs 4),2,Yes,Yes,3,beverage carts | dry storeroom | pool cafe,0,1 mapping record(s) across 1 of 3 identity/identities; sibling records=0,Compatible; 1 candidate pack/UOM signature(s); source UOM=ea; source case qty=1,$0.00
7360196,french toast,2,51ce2e22-c9a9-480b-9c12-9247d2d3cfa2,French Toast,decided on downstream references (12 vs 5),1,Yes,Yes,2,bread reach in | main freezer,1,1 mapping record(s) across 1 of 2 identity/identities; sibling records=0,Compatible; 1 candidate pack/UOM signature(s); source UOM=lb; source case qty=10,$0.00
7420251,tomato fried green,2,d6b9afdd-34f1-4c1a-a6e6-8fa897724b58,Tomato Fried Green,decided on downstream references (10 vs 7),1,No,Yes,2,main freezer | main kitchen,1,2 mapping record(s) across 1 of 2 identity/identities; sibling records=0,Compatible; 1 candidate pack/UOM signature(s); source UOM=lb; source case qty=6,$0.00
7440837,creamer french vanilla,4,79d2cc12-9fb8-455b-918a-b569144aa5fb,Creamer French Vanilla,decided on downstream references (20 vs 5),3,Yes,Yes,4,bay window | dry storeroom | main kitchen | mens locker room,2,1 mapping record(s) across 1 of 4 identity/identities; sibling records=0,Compatible; 1 candidate pack/UOM signature(s); source UOM=ea; source case qty=1,$0.00
7441314,creamer hazelnut,4,17781ada-7dbb-4b5b-a2d9-1e1d5c4fce66,Creamer Hazelnut,decided on downstream references (20 vs 5),3,Yes,Yes,4,bay window | dry storeroom | main kitchen | mens locker room,2,1 mapping record(s) across 1 of 4 identity/identities; sibling records=0,Compatible; 1 candidate pack/UOM signature(s); source UOM=ea; source case qty=1,$0.00
7441916,old bay,4,98882503-0224-46d0-a1f3-e7d0eb5d4bbe,Old Bay,decided on downstream references (21 vs 5),3,Yes,Yes,4,bay window | cafe | dry storeroom | main kitchen,3,1 mapping record(s) across 1 of 4 identity/identities; sibling records=0,Compatible; 1 candidate pack/UOM signature(s); source UOM=oz; source case qty=1,$0.00
7468507,gatorade lemon lime,5,8fb57eba-e4ac-4c40-9c10-9dca60b0be90,Gatorade Lemon Lime,decided on downstream references (21 vs 5),4,Yes,Yes,5,beverage carts | dry storeroom | halfway house | mens locker room | pool cafe,1,1 mapping record(s) across 1 of 5 identity/identities; sibling records=0,Compatible; 1 candidate pack/UOM signature(s); source UOM=ea; source case qty=1,$0.00
7468531,gatorade rasp cool blue,2,582868bd-bbba-4c32-b6e8-bbb6b4e15b46,Gatorade RASP COOL BLUE,decided on downstream references (11 vs 5),1,Yes,Yes,2,dry storeroom | halfway house,1,1 mapping record(s) across 1 of 2 identity/identities; sibling records=0,Compatible; 1 candidate pack/UOM signature(s); source UOM=ea; source case qty=1,$0.00
7483248,perrier glass,6,298679cd-8235-40f4-98b7-7df2cb58add6,Perrier Glass,decided on downstream references (23 vs 5),5,Yes,Yes,6,beverage carts | dry storeroom | halfway house | main kitchen | member lounge | mens locker room,1,1 mapping record(s) across 1 of 6 identity/identities; sibling records=0,Compatible; 1 candidate pack/UOM signature(s); source UOM=oz; source case qty=6,$0.00
7626013,oil shortening liquid fry,5,ec592efd-ccd2-40c2-9110-ecf12063cd57,Oil - Shortening Liquid Fry,decided on downstream references (24 vs 5),4,Yes,Yes,5,bay window | cafe | dry storeroom | main kitchen | pastry shop,3,1 mapping record(s) across 1 of 5 identity/identities; sibling records=0,Compatible; 1 candidate pack/UOM signature(s); source UOM=lb; source case qty=1,$0.00
7648116,crab lump,2,4bbe99b9-7084-4118-af50-4fb73dc728ab,Crab - Lump,decided on downstream references (12 vs 4),1,Yes,Yes,2,cafe | main walk in,0,1 mapping record(s) across 1 of 2 identity/identities; sibling records=0,Compatible; 1 candidate pack/UOM signature(s); source UOM=lb; source case qty=1,$0.00
7677784,cocoa mix ind dutch,2,bd1353f9-b66b-4ea8-9d42-c8e84f06562f,COCOA MIX IND DUTCH,decided on downstream references (11 vs 5),1,Yes,Yes,2,dry storeroom | mens locker room,1,1 mapping record(s) across 1 of 2 identity/identities; sibling records=0,Compatible; 1 candidate pack/UOM signature(s); source UOM=ea; source case qty=1,$0.00
76820,surfside tea vodka 6 4 12 cn,4,b2ac0731-e9f1-4e9b-8b68-7289a1b2b3fd,SURFSIDE TEA+VODKA 6/4/12 CN,decided on downstream references (16 vs 5),3,Yes,Yes,4,beer cage | grill room | liquor cage | pool cafe,1,1 mapping record(s) across 1 of 4 identity/identities; sibling records=0,Compatible; 1 candidate pack/UOM signature(s); source UOM=ea; source case qty=6,$0.00
76821,surfside tea lemon vodka 6 4 12 cn,4,e7df08ef-4c41-410f-80f4-100218d518e9,SURFSIDE TEA+LEMON+VODKA 6/4/12 CN,decided on downstream references (18 vs 5),3,Yes,Yes,4,beverage carts | halfway house | liquor cage | mens locker room,3,1 mapping record(s) across 1 of 4 identity/identities; sibling records=0,Compatible; 1 candidate pack/UOM signature(s); source UOM=ea; source case qty=6,$0.00
76884,surfside surfsid,2,a84e2842-a0b7-4620-a18a-c29a6b970294,Surfside - SURFSID,decided on downstream references (10 vs 4),1,Yes,Yes,2,beer cage | liquor cage,0,1 mapping record(s) across 1 of 2 identity/identities; sibling records=0,Compatible; 1 candidate pack/UOM signature(s); source UOM=ea; source case qty=1,$0.00
77267,surfside strawberry lemonade,3,1493f9d6-c2d8-4130-9109-2c5c638a27bf,Surfside - Strawberry Lemonade,decided on downstream references (14 vs 5),2,Yes,Yes,3,bay window bar | beer cage | liquor cage,1,1 mapping record(s) across 1 of 3 identity/identities; sibling records=0,Compatible; 1 candidate pack/UOM signature(s); source UOM=ea; source case qty=6,$0.00
77626,ketel one,8,8474eb0d-7670-475d-8b47-fc9079d0259a,Ketel One,decided on downstream references (9 vs 8),7,No,Yes,8,bay window bar | beverage carts | grill room | halfway house | liquor cage | member lounge | mens locker room | pool cafe,5,2 mapping record(s) across 1 of 8 identity/identities; sibling records=0,Compatible; 1 candidate pack/UOM signature(s); source UOM=ml; source case qty=10,$0.00
7792187,chicken thighs,2,65793351-11fd-488a-8338-200ea81f1a56,Chicken - Thighs,decided on downstream references (9 vs 7),1,Yes,No,2,main freezer | main walk in,1,2 mapping record(s) across 1 of 2 identity/identities; sibling records=0,Compatible; 1 candidate pack/UOM signature(s); source UOM=lb; source case qty=4,$0.00
78228,king est sauv bl,2,675ade11-c7af-4176-8e7f-f9fec39a91c1,KING EST SAUV BL,decided on downstream references (10 vs 4),1,Yes,Yes,2,liquor cage | member lounge,0,1 mapping record(s) across 1 of 2 identity/identities; sibling records=0,Compatible; 1 candidate pack/UOM signature(s); source UOM=not supplied; source case qty=not supplied,$0.00
7849072,beef flank steak,3,566b3bd8-347b-4629-a2ac-ed410851222a,Beef - Flank Steak,decided on downstream references (14 vs 5),2,Yes,Yes,3,bay window | main freezer | main walk in,1,1 mapping record(s) across 1 of 3 identity/identities; sibling records=0,Compatible; 1 candidate pack/UOM signature(s); source UOM=lb; source case qty=1,$0.00
7878899,aqua panna,2,11e1a701-76be-42c1-9f4e-599977a48906,Aqua Panna,decided on downstream references (13 vs 5),1,Yes,Yes,2,bay window | dry storeroom,1,1 mapping record(s) across 1 of 2 identity/identities; sibling records=0,Compatible; 1 candidate pack/UOM signature(s); source UOM=lt; source case qty=12,$0.00
7915166,beef eye of round,2,655a9caf-fd42-47cc-8717-00ab5f532864,Beef - Eye of Round,decided on existing historical use (1 vs 0),1,Yes,No,2,main freezer | main walk in,0,2 mapping record(s) across 1 of 2 identity/identities; sibling records=2,Compatible; 1 candidate pack/UOM signature(s); source UOM=lb; source case qty=1,$0.00
7923935,ice cream bar strawbry shrtck,2,e2d69adf-52a7-4eb3-bc3b-95647d01f99a,ICE CREAM BAR STRAWBRY SHRTCK,decided on downstream references (10 vs 4),1,Yes,Yes,2,main freezer | pool cafe,0,1 mapping record(s) across 1 of 2 identity/identities; sibling records=0,Compatible; 1 candidate pack/UOM signature(s); source UOM=ea; source case qty=1,$0.00
8142051,beef brisket,2,22a08623-9b6e-43b5-83aa-0e9e9205d5ba,Beef - Brisket,decided on downstream references (12 vs 4),1,Yes,Yes,2,main freezer | main walk in,0,1 mapping record(s) across 1 of 2 identity/identities; sibling records=0,Compatible; 1 candidate pack/UOM signature(s); source UOM=lb; source case qty=1,$0.00
8151369,oasis mojito,2,54a5292d-0826-4e33-a5a3-265f58a8ccec,OASIS Mojito,decided on downstream references (11 vs 5),1,Yes,Yes,2,cafe | pool cafe,1,1 mapping record(s) across 1 of 2 identity/identities; sibling records=0,Compatible; 1 candidate pack/UOM signature(s); source UOM=qt; source case qty=1,$0.00
8185894,asst cereal,2,f5d3ac39-b488-492c-b785-9374dd76f599,Asst. cereal,decided on downstream references (11 vs 5),1,Yes,Yes,2,cafe | dry storeroom,1,1 mapping record(s) across 1 of 2 identity/identities; sibling records=0,Compatible; 1 candidate pack/UOM signature(s); source UOM=oz; source case qty=96,$0.00
8222766,candy bar twix,4,37f90f67-a1e1-47c7-9cf0-02417d7b7caf,CANDY BAR TWIX,decided on downstream references (18 vs 5),3,Yes,Yes,4,beverage carts | dry storeroom | halfway house | pool cafe,2,1 mapping record(s) across 1 of 4 identity/identities; sibling records=0,Compatible; 1 candidate pack/UOM signature(s); source UOM=ea; source case qty=1,$0.00
8337503,avocado pulp,2,61530baf-412c-49c0-85fe-b98483b608d2,Avocado - Pulp,decided on downstream references (13 vs 5),1,Yes,Yes,2,cafe | main walk in,1,1 mapping record(s) across 1 of 2 identity/identities; sibling records=0,Compatible; 1 candidate pack/UOM signature(s); source UOM=lb; source case qty=8,$0.00
8377935,high gluten flour,2,b295c788-a056-4f17-a5d7-6ac5c84f0d68,High-Gluten - Flour,decided on downstream references (13 vs 4),1,Yes,Yes,2,dry storeroom | main kitchen,0,1 mapping record(s) across 1 of 2 identity/identities; sibling records=0,Compatible; 1 candidate pack/UOM signature(s); source UOM=lb; source case qty=1,$0.00
8425001,banana peppers,3,900e2bfc-d073-47c7-a1b5-3dd25a5a6968,Banana Peppers,decided on downstream references (17 vs 5),2,Yes,Yes,3,bay window | dry storeroom | main walk in,2,1 mapping record(s) across 1 of 3 identity/identities; sibling records=0,Compatible; 1 candidate pack/UOM signature(s); source UOM=gal; source case qty=1,$0.00
8426330,peppers jalapeno sliced,3,6de4f19d-916d-431c-9554-ba06720bdc58,Peppers - Jalapeno Sliced,decided on downstream references (10 vs 8),2,Yes,No,3,dry storeroom | halfway house | main walk in,4,2 mapping record(s) across 1 of 3 identity/identities; sibling records=0,Compatible; 1 candidate pack/UOM signature(s); source UOM=gal; source case qty=1,$0.00
8438383,oasis pina colada,2,e8de948c-fe1c-4edb-a576-1cbf88ec0f88,Oasis Pina colada,decided on downstream references (11 vs 5),1,Yes,Yes,2,cafe | pool cafe,1,1 mapping record(s) across 1 of 2 identity/identities; sibling records=0,Compatible; 1 candidate pack/UOM signature(s); source UOM=qt; source case qty=1,$0.00
84433,hiram walker creme de cacao,4,1439b95a-08e1-4198-b6a6-42d7053acfde,Hiram Walker - Creme De Cacao,decided on downstream references (17 vs 5),3,Yes,Yes,4,bay window bar | liquor cage | member lounge | mens locker room,2,1 mapping record(s) across 1 of 4 identity/identities; sibling records=0,Compatible; 1 candidate pack/UOM signature(s); source UOM=not supplied; source case qty=not supplied,$0.00
8538852,mac and cheese pouch,4,7df682f1-b9fb-4942-8255-8267d6a7377b,Mac and Cheese pouch,decided on downstream references (21 vs 5),3,Yes,Yes,4,bay window | cafe | main freezer | main kitchen,3,1 mapping record(s) across 1 of 4 identity/identities; sibling records=0,Compatible; 1 candidate pack/UOM signature(s); source UOM=oz; source case qty=36,$0.00
86-02253,italian sausage link hot,2,9f6fec04-e258-4756-b8fe-83c3be2efe26,Italian SAUSAGE LINK HOT,decided on downstream references (10 vs 4),1,Yes,Yes,2,main freezer | main walk in,0,1 mapping record(s) across 1 of 2 identity/identities; sibling records=0,Compatible; 1 candidate pack/UOM signature(s); source UOM=lb; source case qty=1,$0.00
8602,gummies arn palmer,4,aece0ed9-8883-42bb-b6d6-eb79da0e23a3,Gummies  ARN PALMER,decided on downstream references (18 vs 5),3,Yes,Yes,4,beverage carts | dry storeroom | halfway house | pool cafe,2,1 mapping record(s) across 1 of 4 identity/identities; sibling records=0,Compatible; 1 candidate pack/UOM signature(s); source UOM=ea; source case qty=1,$0.00
86276,red breast irish whiskey 12yr,2,f650eb09-cfb8-4ef9-a800-2490c211e0ef,Red Breast -  Irish Whiskey 12Yr,decided on downstream references (8 vs 7),1,Yes,No,2,liquor cage | mens locker room,1,2 mapping record(s) across 1 of 2 identity/identities; sibling records=0,Compatible; 1 candidate pack/UOM signature(s); source UOM=not supplied; source case qty=not supplied,$0.00
8666513,bread whole wheat,2,acabe148-2286-4d42-bf71-4e1ee896197c,Bread - Whole Wheat,decided on downstream references (10 vs 4),1,Yes,Yes,2,bread reach in | front reach in freezer,0,1 mapping record(s) across 1 of 2 identity/identities; sibling records=0,Compatible; 1 candidate pack/UOM signature(s); source UOM=lb; source case qty=6,$0.00
87-04061,chicken airline breast,2,c1bebbbc-3c84-4883-9dc7-3571b31026eb,Chicken - Airline Breast,decided on downstream references (12 vs 5),1,Yes,Yes,2,main freezer | main walk in,1,1 mapping record(s) across 1 of 2 identity/identities; sibling records=0,Compatible; 1 candidate pack/UOM signature(s); source UOM=lb; source case qty=1,$0.00
87007,woodbridge cabernet sauvignon,3,348e1e27-9591-49e7-a709-d0f2352912d5,Woodbridge Cabernet Sauvignon,decided on downstream references (14 vs 5),2,Yes,Yes,3,dry storeroom | liquor cage | main kitchen,1,1 mapping record(s) across 1 of 3 identity/identities; sibling records=0,Compatible; 1 candidate pack/UOM signature(s); source UOM=lt; source case qty=6,$0.00
88-10040,harissa,2,ccf97c01-5703-42da-b4ce-f75f710e65e8,Harissa,decided on downstream references (11 vs 5),1,Yes,Yes,2,bay window | dry storeroom,1,1 mapping record(s) across 1 of 2 identity/identities; sibling records=0,Compatible; 1 candidate pack/UOM signature(s); source UOM=oz; source case qty=1,$0.00
88-20580,st andre mini 7oz,2,b2e6a934-2c32-48fa-bbc4-a72811e4a5cf,ST ANDRE MINI 7OZ,decided on downstream references (10 vs 4),1,Yes,Yes,2,main kitchen | main walk in,0,1 mapping record(s) across 1 of 2 identity/identities; sibling records=0,Compatible; 1 candidate pack/UOM signature(s); source UOM=lb; source case qty=1,$0.00
88-20920,cheese parmiggiano reggiano,2,871facd6-17fc-4669-9c97-047043670518,Cheese - Parmiggiano Reggiano,decided on downstream references (12 vs 5),1,Yes,Yes,2,main walk in | produce walk in,1,1 mapping record(s) across 1 of 2 identity/identities; sibling records=0,Compatible; 1 candidate pack/UOM signature(s); source UOM=lb; source case qty=1,$0.00
88-35076,spring roll skins wonton wrappers,2,9f862de3-af5a-4c58-9aa6-bd1b785ed9b1,Spring Roll Skins/Wonton Wrappers,decided on downstream references (12 vs 4),1,Yes,Yes,2,front reach in freezer | main freezer,0,1 mapping record(s) across 1 of 2 identity/identities; sibling records=0,Compatible; 1 candidate pack/UOM signature(s); source UOM=lb; source case qty=1,$0.00
88-35345,wonton wrappers,2,9d1628fd-b407-4500-8ac9-396e37910dfe,WONTON WRAPPERS,decided on downstream references (12 vs 4),1,Yes,Yes,2,front reach in freezer | main freezer,0,1 mapping record(s) across 1 of 2 identity/identities; sibling records=0,Compatible; 1 candidate pack/UOM signature(s); source UOM=oz; source case qty=12,$0.00
88-35360,yuzu,2,0048dca9-f986-447c-8380-a79b8fafd574,Yuzu,decided on downstream references (11 vs 5),1,Yes,Yes,2,dry storeroom | main walk in,1,1 mapping record(s) across 1 of 2 identity/identities; sibling records=0,Compatible; 1 candidate pack/UOM signature(s); source UOM=ml; source case qty=1,$0.00
88-83130,tasso,4,36b3082c-20d1-4969-953e-34fa9a27f4c6,Tasso,decided on downstream references (18 vs 4),3,Yes,Yes,4,cafe | front reach in freezer | main kitchen | main walk in,0,1 mapping record(s) across 1 of 4 identity/identities; sibling records=0,Compatible; 1 candidate pack/UOM signature(s); source UOM=lb; source case qty=1,$0.00
88-91015,pheasant a l breast 4 6 8 oz,2,aedddf0e-4910-408c-a21f-d33c8b0cb6a1,PHEASANT A/L BREAST 4/6 8 OZ,decided on downstream references (11 vs 5),1,Yes,Yes,2,bay window | main freezer,1,1 mapping record(s) across 1 of 2 identity/identities; sibling records=0,Compatible; 1 candidate pack/UOM signature(s); source UOM=lb; source case qty=1,$0.00
8808206,butter clarified,4,c7e87f74-aa85-460f-b1d4-4b0e97674b30,Butter - Clarified,decided on downstream references (21 vs 5),3,Yes,Yes,4,bay window | cafe | main kitchen | main walk in,2,1 mapping record(s) across 1 of 4 identity/identities; sibling records=0,Compatible; 1 candidate pack/UOM signature(s); source UOM=lb; source case qty=4,$0.00
893644,bacardi reserva 8 yr,3,2ae4c09b-f376-4d01-a458-25c3c7b1b85c,Bacardi - Reserva 8 Yr,decided on downstream references (14 vs 5),2,Yes,Yes,3,bay window bar | liquor cage | mens locker room,1,1 mapping record(s) across 1 of 3 identity/identities; sibling records=0,Compatible; 1 candidate pack/UOM signature(s); source UOM=not supplied; source case qty=not supplied,$0.00
895573,basil hayden bourbon,5,4b117739-900f-42b9-9955-bf90c5d94986,Basil Hayden - Bourbon,decided on downstream references (23 vs 5),4,Yes,Yes,5,bay window bar | liquor cage | member lounge | mens locker room | pastry shop,3,1 mapping record(s) across 1 of 5 identity/identities; sibling records=0,Compatible; 1 candidate pack/UOM signature(s); source UOM=lt; source case qty=6,$0.00
898141,monkey 47 gin,2,f9b26661-7077-40f2-871b-64e53a6405a2,Monkey 47 - Gin,decided on downstream references (11 vs 4),1,Yes,Yes,2,liquor cage | mens locker room,0,1 mapping record(s) across 1 of 2 identity/identities; sibling records=0,Compatible; 1 candidate pack/UOM signature(s); source UOM=lt; source case qty=1,$0.00
89973,lalo blanco,4,15ae4c54-c7b0-4dc3-80ae-ea82d9a34c49,Lalo - Blanco,decided on downstream references (16 vs 4),3,Yes,Yes,4,bay window bar | liquor cage | member lounge | mens locker room,0,1 mapping record(s) across 1 of 4 identity/identities; sibling records=0,Compatible; 1 candidate pack/UOM signature(s); source UOM=not supplied; source case qty=not supplied,$0.00
9000293,myer s dark rum,7,2d755685-9f7a-43a1-afcf-4edd33b63bae,Myer's - Dark Rum,decided on downstream references (30 vs 5),6,Yes,Yes,7,bay window bar | grill room | liquor cage | member lounge | mens locker room | pastry shop | pool cafe,3,1 mapping record(s) across 1 of 7 identity/identities; sibling records=0,Compatible; 1 candidate pack/UOM signature(s); source UOM=lt; source case qty=1,$0.00
9001723,hendrick s,7,320393e5-b9d1-44a2-9202-c08572bc2853,Hendrick's,decided on downstream references (29 vs 5),6,Yes,Yes,7,bay window bar | grill room | halfway house | liquor cage | member lounge | mens locker room | pool cafe,5,1 mapping record(s) across 1 of 7 identity/identities; sibling records=0,Compatible; 1 candidate pack/UOM signature(s); source UOM=lt; source case qty=6,$0.00
9004669,mr boston triple sec,5,db36930e-191c-49f6-a325-b2a51e9f1c2f,Mr. Boston - Triple Sec,decided on downstream references (22 vs 5),4,Yes,Yes,5,bay window bar | grill room | liquor cage | member lounge | pool cafe,2,1 mapping record(s) across 1 of 5 identity/identities; sibling records=0,Compatible; 1 candidate pack/UOM signature(s); source UOM=lt; source case qty=12,$0.00
9006818,gundlach bundschu mt cuv 750ml,2,2cbc9721-a58a-4d45-b27e-2c366ce462ec,GUNDLACH BUNDSCHU MT CUV 750ML,decided on downstream references (10 vs 4),1,Yes,Yes,2,liquor cage | wine cellar,0,1 mapping record(s) across 1 of 2 identity/identities; sibling records=0,Compatible; 1 candidate pack/UOM signature(s); source UOM=not supplied; source case qty=not supplied,$0.00
9008001,romana sambuca,2,764a5086-ae85-4ed7-8b41-6e9226bf91d4,Romana Sambuca,decided on downstream references (12 vs 4),1,Yes,Yes,2,liquor cage | member lounge,0,1 mapping record(s) across 1 of 2 identity/identities; sibling records=0,Compatible; 1 candidate pack/UOM signature(s); source UOM=lt; source case qty=1,$0.00
9030989,waterbrook chard 750ml,3,e6ba5bd6-3dcc-4042-b45c-d8ac50b0e91b,WATERBROOK CHARD 750ML,decided on downstream references (13 vs 4),2,Yes,Yes,3,grill room | liquor cage | pool cafe,0,1 mapping record(s) across 1 of 3 identity/identities; sibling records=0,Compatible; 1 candidate pack/UOM signature(s); source UOM=not supplied; source case qty=not supplied,$0.00
9031302,buffalo trace bourbon,5,703967cb-eeb6-49e2-aa63-074749b64440,Buffalo Trace - Bourbon,decided on downstream references (22 vs 5),4,Yes,Yes,5,bay window bar | grill room | liquor cage | member lounge | mens locker room,3,1 mapping record(s) across 1 of 5 identity/identities; sibling records=0,Compatible; 1 candidate pack/UOM signature(s); source UOM=lt; source case qty=12,$0.00
9031569,sazerac rye,4,5bdf1e81-05f2-4204-941f-94a27e31e279,Sazerac Rye,decided on downstream references (18 vs 4),3,Yes,Yes,4,bay window bar | liquor cage | member lounge | mens locker room,0,1 mapping record(s) across 1 of 4 identity/identities; sibling records=0,Compatible; 1 candidate pack/UOM signature(s); source UOM=not supplied; source case qty=not supplied,$0.00
903814,traverse city cherry whisky,3,a74ca2d8-3c04-4680-880f-c6f329b9d4a2,Traverse City - Cherry Whisky,decided on downstream references (15 vs 5),2,Yes,Yes,3,liquor cage | member lounge | mens locker room,1,1 mapping record(s) across 1 of 3 identity/identities; sibling records=0,Compatible; 1 candidate pack/UOM signature(s); source UOM=case; source case qty=1,$0.00
9079686,august kesseler ries r kab,3,a4e6982a-a55e-42c5-b6ab-0607cac38e47,AUGUST KESSELER RIES R KAB,decided on downstream references (16 vs 5),2,Yes,Yes,3,bay window bar | liquor cage | member lounge,1,1 mapping record(s) across 1 of 3 identity/identities; sibling records=0,Compatible; 1 candidate pack/UOM signature(s); source UOM=lt; source case qty=12,$0.00
9098039,mohua sauv bl,4,34ee5653-9a49-4e36-a3be-8f6bdc5dc8b5,MOHUA SAUV BL,decided on downstream references (16 vs 4),3,Yes,Yes,4,bay window bar | liquor cage | member lounge | pool cafe,0,1 mapping record(s) across 1 of 4 identity/identities; sibling records=0,Compatible; 1 candidate pack/UOM signature(s); source UOM=not supplied; source case qty=not supplied,$0.00
910159,nikka from the barrel,2,295482fb-1b08-40bb-853b-0ae5c585439f,Nikka - From the Barrel,decided on downstream references (11 vs 5),1,Yes,Yes,2,liquor cage | mens locker room,1,1 mapping record(s) across 1 of 2 identity/identities; sibling records=0,Compatible; 1 candidate pack/UOM signature(s); source UOM=not supplied; source case qty=not supplied,$0.00
91282,dailys grenadine syrup,3,5f0de9d3-4c52-4bc4-abc5-e0c311ef3278,DAILYS GRENADINE SYRUP,decided on downstream references (15 vs 4),2,Yes,Yes,3,liquor cage | member lounge | mens locker room,0,1 mapping record(s) across 1 of 3 identity/identities; sibling records=0,Compatible; 1 candidate pack/UOM signature(s); source UOM=lt; source case qty=6,$0.00
91289,dailys lime juice,2,fb2dff36-f050-4627-bb9a-bd8949a29aa5,DAILYS LIME JUICE,decided on downstream references (10 vs 5),1,Yes,Yes,2,liquor cage | mens locker room,1,1 mapping record(s) across 1 of 2 identity/identities; sibling records=0,Compatible; 1 candidate pack/UOM signature(s); source UOM=lt; source case qty=6,$0.00
9133204,nine hats red 750ml,2,7b3dd061-e30e-4edc-a003-0c880617b421,NINE HATS RED 750ML,decided on downstream references (11 vs 5),1,Yes,Yes,2,liquor cage | wine cellar,1,1 mapping record(s) across 1 of 2 identity/identities; sibling records=0,Compatible; 1 candidate pack/UOM signature(s); source UOM=not supplied; source case qty=not supplied,$0.00
9134498,waterbrook cab sauv rsv 750ml,2,cbccd843-047e-4be7-935f-71cd7c1d88d1,WATERBROOK CAB SAUV RSV 750ML,decided on downstream references (10 vs 4),1,Yes,Yes,2,grill room | liquor cage,0,1 mapping record(s) across 1 of 2 identity/identities; sibling records=0,Compatible; 1 candidate pack/UOM signature(s); source UOM=not supplied; source case qty=not supplied,$0.00
9148253,mas la chevaliere chard 750ml,5,c153b6bc-9876-49a2-87be-337f85390b95,MAS LA CHEVALIERE CHARD 750ML,decided on downstream references (22 vs 5),4,Yes,Yes,5,bay window bar | grill room | liquor cage | member lounge | pool cafe,3,1 mapping record(s) across 1 of 5 identity/identities; sibling records=0,Compatible; 1 candidate pack/UOM signature(s); source UOM=not supplied; source case qty=not supplied,$0.00
915413,iron smoke whiskey straight bourbon,2,e2165e86-195f-4e89-a062-378a528976b8,Iron Smoke Whiskey - Straight Bourbon,decided on downstream references (10 vs 4),1,Yes,Yes,2,liquor cage | mens locker room,0,1 mapping record(s) across 1 of 2 identity/identities; sibling records=0,Compatible; 1 candidate pack/UOM signature(s); source UOM=not supplied; source case qty=not supplied,$0.00
9154544,ken wright p noir willamette 750ml,6,98308319-70c2-476d-b06d-0008a57e3f48,KEN WRIGHT P NOIR WILLAMETTE 750ML,decided on downstream references (23 vs 5),5,Yes,Yes,6,bay window bar | grill room | liquor cage | member lounge | mens locker room | wine cellar,1,1 mapping record(s) across 1 of 6 identity/identities; sibling records=0,Compatible; 1 candidate pack/UOM signature(s); source UOM=not supplied; source case qty=not supplied,$0.00
9157492,maestro dobel diamante,4,e57fced1-42b1-4408-8bbc-ca254070ef87,Maestro Dobel - Diamante,decided on downstream references (20 vs 5),3,Yes,Yes,4,bay window bar | liquor cage | member lounge | mens locker room,3,1 mapping record(s) across 1 of 4 identity/identities; sibling records=0,Compatible; 1 candidate pack/UOM signature(s); source UOM=not supplied; source case qty=not supplied,$0.00
9163018,chateau miraval cotes provence rose,2,116a810d-0b96-40a4-8f3b-a16888009927,Chateau Miraval Cotes Provence Rose,decided on downstream references (10 vs 4),1,Yes,Yes,2,grill room | liquor cage,0,1 mapping record(s) across 1 of 2 identity/identities; sibling records=0,Compatible; 1 candidate pack/UOM signature(s); source UOM=not supplied; source case qty=not supplied,$0.00
916648,suntory toki japanese whisky,3,2d575b47-2523-4970-88c2-4801e635f000,Suntory - Toki Japanese Whisky,decided on downstream references (14 vs 5),2,Yes,Yes,3,bay window bar | liquor cage | member lounge,1,1 mapping record(s) across 1 of 3 identity/identities; sibling records=0,Compatible; 1 candidate pack/UOM signature(s); source UOM=lt; source case qty=1,$0.00
917679,jefferson s reserve twin oak bourbon,2,728e6bb4-1f2f-444d-a338-39536d930199,Jefferson's - Reserve Twin Oak Bourbon,decided on downstream references (10 vs 4),1,Yes,Yes,2,liquor cage | mens locker room,0,1 mapping record(s) across 1 of 2 identity/identities; sibling records=0,Compatible; 1 candidate pack/UOM signature(s); source UOM=not supplied; source case qty=not supplied,$0.00
9177799,woodford rsv brbn pet 10 12pk 50ml,2,074d86cb-2a9c-4e9f-b015-41341abe1cc7,WOODFORD RSV BRBN PET 10/12PK 50ML,decided on downstream references (10 vs 4),1,Yes,Yes,2,beverage carts | liquor cage,0,1 mapping record(s) across 1 of 2 identity/identities; sibling records=0,Compatible; 1 candidate pack/UOM signature(s); source UOM=ea; source case qty=10,$0.00
9183127,maestro dobel silver,3,f36f497c-766b-4065-bfec-32663ed82dcc,Maestro Dobel - Silver,decided on downstream references (16 vs 5),2,Yes,Yes,3,liquor cage | member lounge | mens locker room,2,1 mapping record(s) across 1 of 3 identity/identities; sibling records=0,Compatible; 1 candidate pack/UOM signature(s); source UOM=not supplied; source case qty=not supplied,$0.00
9183136,maestro dobel anejo,4,7ca12458-c476-41be-b736-99a010887930,Maestro Dobel - Anejo,decided on downstream references (20 vs 5),3,Yes,Yes,4,bay window bar | liquor cage | mens locker room | pool cafe,3,1 mapping record(s) across 1 of 4 identity/identities; sibling records=0,Compatible; 1 candidate pack/UOM signature(s); source UOM=not supplied; source case qty=not supplied,$0.00
9183531,whistlepig rye 10 yr,3,c9f90d38-0efc-4e16-81ba-7b57b55c374a,Whistlepig - Rye 10 yr,decided on downstream references (13 vs 4),2,Yes,Yes,3,liquor cage | member lounge | mens locker room,0,1 mapping record(s) across 1 of 3 identity/identities; sibling records=0,Compatible; 1 candidate pack/UOM signature(s); source UOM=not supplied; source case qty=not supplied,$0.00
918500,otr mai tai cruzan 40,2,eab3cedb-cb5e-4ed0-8218-17d9706578d1,OTR MAI TAI CRUZAN 40,decided on downstream references (10 vs 4),1,Yes,Yes,2,liquor cage | pool cafe,0,1 mapping record(s) across 1 of 2 identity/identities; sibling records=0,Compatible; 1 candidate pack/UOM signature(s); source UOM=not supplied; source case qty=not supplied,$0.00
9186927,patient cottat p noir gr caillou,3,374faf84-f70c-4401-8c44-ddeafacc5e70,PATIENT COTTAT P NOIR GR CAILLOU,decided on downstream references (16 vs 5),2,Yes,Yes,3,bay window bar | liquor cage | member lounge,2,1 mapping record(s) across 1 of 3 identity/identities; sibling records=0,Compatible; 1 candidate pack/UOM signature(s); source UOM=not supplied; source case qty=not supplied,$0.00
9190021,storybook mt zin mayacamas 750ml,2,2873ed9e-932c-4623-ac13-ed4678b9b769,STORYBOOK MT ZIN MAYACAMAS 750ML,decided on downstream references (10 vs 4),1,Yes,Yes,2,liquor cage | wine cellar,0,1 mapping record(s) across 1 of 2 identity/identities; sibling records=0,Compatible; 1 candidate pack/UOM signature(s); source UOM=not supplied; source case qty=not supplied,$0.00
92007,drambuie,4,a598cfde-0be3-4e01-b341-fdcccab0ceef,Drambuie,decided on downstream references (17 vs 5),3,Yes,Yes,4,bay window bar | liquor cage | member lounge | mens locker room,1,1 mapping record(s) across 1 of 4 identity/identities; sibling records=0,Compatible; 1 candidate pack/UOM signature(s); source UOM=lt; source case qty=1,$0.00
9204978,pasqua chianti docg 750ml,2,4631e6fa-4205-4384-88b1-58feab4e9592,PASQUA CHIANTI DOCG 750ML,decided on downstream references (11 vs 5),1,Yes,Yes,2,liquor cage | wine cellar,1,1 mapping record(s) across 1 of 2 identity/identities; sibling records=0,Compatible; 1 candidate pack/UOM signature(s); source UOM=not supplied; source case qty=not supplied,$0.00
9220188,fireball,3,f2f5e090-d79d-445e-bc36-80994cd2c403,Fireball,decided on downstream references (13 vs 5),2,Yes,Yes,3,beverage carts | halfway house | liquor cage,2,1 mapping record(s) across 1 of 3 identity/identities; sibling records=0,Compatible; 1 candidate pack/UOM signature(s); source UOM=ml; source case qty=120,$0.00
9239993,pasqua r j passimento rosso 6b 750ml,2,e294a014-2c34-4776-82c1-66fdc3b87eab,PASQUA R&J PASSIMENTO ROSSO 6B 750ML,decided on downstream references (12 vs 4),1,Yes,Yes,2,liquor cage | wine cellar,0,1 mapping record(s) across 1 of 2 identity/identities; sibling records=0,Compatible; 1 candidate pack/UOM signature(s); source UOM=not supplied; source case qty=not supplied,$0.00
9244737,woodford reserve double oaked,2,20d1e2fe-e664-4c87-9e2b-b18dea9ab746,Woodford Reserve - Double Oaked,decided on downstream references (13 vs 5),1,Yes,Yes,2,liquor cage | mens locker room,1,1 mapping record(s) across 1 of 2 identity/identities; sibling records=0,Compatible; 1 candidate pack/UOM signature(s); source UOM=lt; source case qty=6,$0.00
9253864,famiglia pasqua bianco r j 6b 750ml,2,7bc76ecc-6a49-473b-b859-dbc10399e486,FAMIGLIA PASQUA BIANCO R&J 6B 750ML,decided on downstream references (11 vs 4),1,Yes,Yes,2,liquor cage | wine cellar,0,1 mapping record(s) across 1 of 2 identity/identities; sibling records=0,Compatible; 1 candidate pack/UOM signature(s); source UOM=not supplied; source case qty=not supplied,$0.00
9256193,disaronno amaretto,3,0c4d08b3-f3cd-47d8-9e1f-af206e703f01,Disaronno - Amaretto,decided on downstream references (15 vs 5),2,Yes,Yes,3,bay window bar | liquor cage | mens locker room,2,1 mapping record(s) across 1 of 3 identity/identities; sibling records=0,Compatible; 1 candidate pack/UOM signature(s); source UOM=lt; source case qty=6,$0.00
9257985,ernesto catena animal malbec 6b 750ml,4,ace57fd0-36d1-42f6-b254-4a567c2156c9,ERNESTO CATENA ANIMAL MALBEC 6B 750ML,decided on downstream references (16 vs 5),3,Yes,Yes,4,bay window bar | liquor cage | member lounge | wine cellar,1,1 mapping record(s) across 1 of 4 identity/identities; sibling records=0,Compatible; 1 candidate pack/UOM signature(s); source UOM=not supplied; source case qty=not supplied,$0.00
9258873,pallini limoncello,4,f52bd302-7fdb-494f-a368-060f47f5452e,Pallini - Limoncello,decided on downstream references (16 vs 4),3,Yes,Yes,4,liquor cage | member lounge | pastry shop | pool cafe,0,1 mapping record(s) across 1 of 4 identity/identities; sibling records=0,Compatible; 1 candidate pack/UOM signature(s); source UOM=lt; source case qty=6,$0.00
9265603,proverb cabernet sauvignon california with stelvin closure,2,3c9ba92e-f72e-4da3-9a65-042973c06e19,PROVERB CABERNET SAUVIGNON CALIFORNIA WITH STELVIN CLOSURE,decided on downstream references (12 vs 4),1,Yes,Yes,2,liquor cage | member lounge,0,1 mapping record(s) across 1 of 2 identity/identities; sibling records=0,Compatible; 1 candidate pack/UOM signature(s); source UOM=not supplied; source case qty=not supplied,$0.00
930029,absolut,5,e8d00a18-19f2-4139-b773-9b3f0ea50f37,Absolut,decided on downstream references (22 vs 5),4,Yes,Yes,5,bay window bar | grill room | liquor cage | member lounge | mens locker room,1,1 mapping record(s) across 1 of 5 identity/identities; sibling records=0,Compatible; 1 candidate pack/UOM signature(s); source UOM=lt; source case qty=6,$0.00
930569,crown royal peach,3,f0008b11-71f7-4c74-90f3-34f50dde0508,Crown Royal - Peach,decided on downstream references (17 vs 5),2,Yes,Yes,3,bay window bar | liquor cage | mens locker room,2,1 mapping record(s) across 1 of 3 identity/identities; sibling records=0,Compatible; 1 candidate pack/UOM signature(s); source UOM=not supplied; source case qty=not supplied,$0.00
93165,kahlua,7,3db9f2fe-8e10-4e89-8f3e-1ae2f17b189c,Kahlua,decided on downstream references (30 vs 5),6,Yes,Yes,7,bay window bar | grill room | liquor cage | member lounge | mens locker room | pastry shop | pool cafe,4,1 mapping record(s) across 1 of 7 identity/identities; sibling records=0,Compatible; 1 candidate pack/UOM signature(s); source UOM=lt; source case qty=12,$0.00
9360343,dows port tawny 10yr 6b 750ml,2,c3058f93-a09e-45dc-9945-693195a0652a,DOWS PORT TAWNY 10YR 6B 750ML,decided on downstream references (10 vs 4),1,Yes,Yes,2,liquor cage | member lounge,0,1 mapping record(s) across 1 of 2 identity/identities; sibling records=0,Compatible; 1 candidate pack/UOM signature(s); source UOM=case; source case qty=1,$0.00
9360344,dows port tawny 20yr 6b 750ml,2,c30afc61-79d0-4146-b8ba-8ef2468a7c37,DOWS PORT TAWNY 20YR 6B 750ML,decided on downstream references (10 vs 4),1,Yes,Yes,2,liquor cage | member lounge,0,1 mapping record(s) across 1 of 2 identity/identities; sibling records=0,Compatible; 1 candidate pack/UOM signature(s); source UOM=not supplied; source case qty=not supplied,$0.00
9367376,high noon cktl pineapl can 6 4pk 355ml,9,4a79eda4-7be0-4be2-be2d-4aed7464aae8,HIGH NOON CKTL PINEAPL CAN 6/4PK 355ML *,decided on downstream references (31 vs 4),8,Yes,Yes,9,bay window bar | beer cage | beverage carts | grill room | halfway house | liquor cage | member lounge | mens locker room | pool cafe,0,1 mapping record(s) across 1 of 9 identity/identities; sibling records=0,Compatible; 1 candidate pack/UOM signature(s); source UOM=ea; source case qty=1,$0.00
941952,frito s,3,3d215b7d-e892-475c-9010-798f52a8c455,Frito`s,decided on downstream references (16 vs 5),2,Yes,Yes,3,beverage carts | dry storeroom | halfway house,1,1 mapping record(s) across 1 of 3 identity/identities; sibling records=0,Compatible; 1 candidate pack/UOM signature(s); source UOM=oz; source case qty=64,$0.00
9423437,high noon cktl lime can 6 4pk 355ml,9,d695dda7-9834-4ec2-89a4-69db9a7a3c9a,HIGH NOON CKTL LIME CAN 6/4PK 355ML *,decided on downstream references (33 vs 5),8,Yes,Yes,9,bay window bar | beer cage | beverage carts | grill room | halfway house | liquor cage | member lounge | mens locker room | pool cafe,5,1 mapping record(s) across 1 of 9 identity/identities; sibling records=0,Compatible; 1 candidate pack/UOM signature(s); source UOM=ea; source case qty=1,$0.00
9442138,edamame shelled,3,4d7b80a9-3e79-433e-83dc-1dba8eae4781,Edamame - Shelled,decided on downstream references (16 vs 5),2,Yes,Yes,3,cafe | front reach in freezer | main freezer,1,1 mapping record(s) across 1 of 3 identity/identities; sibling records=0,Compatible; 1 candidate pack/UOM signature(s); source UOM=lb; source case qty=6,$0.00
945829,barossa vly shiraz e e black,2,532f8378-066c-49c7-8c5f-b9fdab0d2b43,BAROSSA VLY SHIRAZ E&E BLACK,decided on downstream references (11 vs 5),1,Yes,Yes,2,liquor cage | wine cellar,1,1 mapping record(s) across 1 of 2 identity/identities; sibling records=0,Compatible; 1 candidate pack/UOM signature(s); source UOM=not supplied; source case qty=not supplied,$0.00
9503632,beef slider 120 ct,4,d61ff0b3-74b8-4d10-9772-91a22a433522,Beef slider 120 ct,decided on downstream references (20 vs 5),3,Yes,Yes,4,bay window | cafe | main freezer | main kitchen,3,1 mapping record(s) across 1 of 4 identity/identities; sibling records=0,Compatible; 1 candidate pack/UOM signature(s); source UOM=ea; source case qty=1,$0.00
950719,basil hayden dark rye,4,afb2cfa5-5e59-49a5-aa61-cbc4084784fc,Basil Hayden - Dark Rye,decided on downstream references (19 vs 5),3,Yes,Yes,4,bay window bar | liquor cage | member lounge | mens locker room,3,1 mapping record(s) across 1 of 4 identity/identities; sibling records=0,Compatible; 1 candidate pack/UOM signature(s); source UOM=not supplied; source case qty=not supplied,$0.00
953275,benvolio prosecco 2267057,3,887fe722-af6d-4d5f-be71-38da6dd9f386,BENVOLIO PROSECCO - 2267057,decided on downstream references (13 vs 4),2,Yes,Yes,3,beverage carts | halfway house | liquor cage,0,1 mapping record(s) across 1 of 3 identity/identities; sibling records=0,Compatible; 1 candidate pack/UOM signature(s); source UOM=ml; source case qty=24,$0.00
9563404,ice cream drumstck van,2,9a11bb0d-95be-4a1d-bbf7-5adaabd3576d,ICE CREAM DRUMSTCK VAN,decided on downstream references (11 vs 5),1,Yes,Yes,2,cafe | pool cafe,1,1 mapping record(s) across 1 of 2 identity/identities; sibling records=0,Compatible; 1 candidate pack/UOM signature(s); source UOM=ea; source case qty=24,$0.00
960001,the glenlivet glenlivet malt 18yr,4,c4502fca-4cd2-4b39-9411-75cf0c98ac19,The Glenlivet - Glenlivet Malt 18yr,decided on downstream references (16 vs 4),3,Yes,Yes,4,bay window bar | member lounge | mens locker room | wine cellar,0,1 mapping record(s) across 1 of 4 identity/identities; sibling records=0,Compatible; 1 candidate pack/UOM signature(s); source UOM=not supplied; source case qty=not supplied,$0.00
9616247,l martini cab sauv napa sel 6b 750ml,2,3b5a6197-ecda-412e-bf01-697958f8e708,L MARTINI CAB SAUV NAPA SEL 6B 750ML,decided on downstream references (10 vs 4),1,Yes,Yes,2,liquor cage | wine cellar,0,1 mapping record(s) across 1 of 2 identity/identities; sibling records=0,Compatible; 1 candidate pack/UOM signature(s); source UOM=not supplied; source case qty=not supplied,$0.00
9621079,beringer cab sauv priv rsv 17 6b 750ml,2,ad954e41-294f-42ef-b484-0531ace8704e,BERINGER CAB SAUV PRIV RSV 17 6B 750ML,decided on downstream references (11 vs 5),1,Yes,Yes,2,liquor cage | wine cellar,1,1 mapping record(s) across 1 of 2 identity/identities; sibling records=0,Compatible; 1 candidate pack/UOM signature(s); source UOM=not supplied; source case qty=not supplied,$0.00
9622719,waterbrook clean chard 750ml,4,8ae30882-1c49-4c47-8c92-34e3b817b902,WATERBROOK CLEAN CHARD 750ML,decided on downstream references (19 vs 5),3,Yes,Yes,4,bay window bar | grill room | liquor cage | pool cafe,2,1 mapping record(s) across 1 of 4 identity/identities; sibling records=0,Compatible; 1 candidate pack/UOM signature(s); source UOM=not supplied; source case qty=not supplied,$0.00
9622746,waterbrook clean cab sauv 750ml,3,29406910-6c1a-4e2c-93bc-867df6a983ec,WATERBROOK CLEAN CAB SAUV 750ML,decided on downstream references (16 vs 5),2,Yes,Yes,3,bay window bar | liquor cage | pool cafe,2,1 mapping record(s) across 1 of 3 identity/identities; sibling records=0,Compatible; 1 candidate pack/UOM signature(s); source UOM=not supplied; source case qty=not supplied,$0.00
9634862,matthew fritz cab sauv n cst 750ml,3,5c10c2f0-05db-458e-b5b0-9b9d4dbfa312,MATTHEW FRITZ CAB SAUV N CST 750ML,decided on downstream references (13 vs 4),2,Yes,Yes,3,grill room | liquor cage | member lounge,0,1 mapping record(s) across 1 of 3 identity/identities; sibling records=0,Compatible; 1 candidate pack/UOM signature(s); source UOM=not supplied; source case qty=not supplied,$0.00
9634918,matthew fritz p noir 750ml,6,3b66339f-4403-4b07-8b0f-2b2534cefcbf,MATTHEW FRITZ P NOIR 750ML,decided on downstream references (22 vs 4),5,Yes,Yes,6,bay window bar | grill room | liquor cage | member lounge | mens locker room | pool cafe,0,1 mapping record(s) across 1 of 6 identity/identities; sibling records=0,Compatible; 1 candidate pack/UOM signature(s); source UOM=not supplied; source case qty=not supplied,$0.00
9635344,matthew fritz chard 750ml,6,15594e95-043d-4fe8-b3c8-8c7ad9c2d3f3,MATTHEW FRITZ CHARD 750ML,decided on downstream references (22 vs 4),5,Yes,Yes,6,bay window bar | grill room | liquor cage | member lounge | mens locker room | pool cafe,0,1 mapping record(s) across 1 of 6 identity/identities; sibling records=0,Compatible; 1 candidate pack/UOM signature(s); source UOM=not supplied; source case qty=not supplied,$0.00
9636319,ch montelena cab sauv napa 19 750ml,2,09d51bef-c52e-4d41-a80f-57d5d1758e0c,CH MONTELENA CAB SAUV NAPA 19 750ML,decided on downstream references (11 vs 5),1,Yes,Yes,2,liquor cage | wine cellar,1,1 mapping record(s) across 1 of 2 identity/identities; sibling records=0,Compatible; 1 candidate pack/UOM signature(s); source UOM=not supplied; source case qty=not supplied,$0.00
964027,adobe road redline 18,2,a81f0e53-8354-4507-bf2e-8be054b2da01,ADOBE ROAD REDLINE 18,decided on downstream references (11 vs 5),1,Yes,Yes,2,liquor cage | wine cellar,1,1 mapping record(s) across 1 of 2 identity/identities; sibling records=0,Compatible; 1 candidate pack/UOM signature(s); source UOM=not supplied; source case qty=not supplied,$0.00
964280,suntory vodka haku vodka,2,66416f3e-419f-4944-aeca-1f1cb1b7e980,Suntory Vodka - Haku Vodka,decided on downstream references (11 vs 5),1,Yes,Yes,2,liquor cage | mens locker room,1,1 mapping record(s) across 1 of 2 identity/identities; sibling records=0,Compatible; 1 candidate pack/UOM signature(s); source UOM=lt; source case qty=1,$0.00
9644124,eisele altagracia 19 6b 750ml,2,f7bde279-e963-4e7a-9ed5-fa0088a5f579,EISELE ALTAGRACIA 19 6B 750ML,decided on downstream references (10 vs 4),1,Yes,Yes,2,liquor cage | wine cellar,0,1 mapping record(s) across 1 of 2 identity/identities; sibling records=0,Compatible; 1 candidate pack/UOM signature(s); source UOM=not supplied; source case qty=not supplied,$0.00
9665629,knuttel petite sirah rafanelli 17 750ml,2,2223807d-56e1-4645-b86d-d4fa40610bae,KNUTTEL PETITE SIRAH RAFANELLI 17 750ML,decided on downstream references (10 vs 4),1,Yes,Yes,2,liquor cage | wine cellar,0,1 mapping record(s) across 1 of 2 identity/identities; sibling records=0,Compatible; 1 candidate pack/UOM signature(s); source UOM=not supplied; source case qty=not supplied,$0.00
966901,cincoro reposado,4,712fa570-d14b-45bb-9a65-935c0cf71493,Cincoro - Reposado,decided on downstream references (16 vs 4),3,Yes,Yes,4,bay window bar | liquor cage | member lounge | mens locker room,0,1 mapping record(s) across 1 of 4 identity/identities; sibling records=0,Compatible; 1 candidate pack/UOM signature(s); source UOM=not supplied; source case qty=not supplied,$0.00
9684722,chambord,5,591e9649-c92c-4ff1-b243-4d32433784ae,Chambord,decided on downstream references (23 vs 5),4,Yes,Yes,5,bay window bar | liquor cage | member lounge | mens locker room | pool cafe,3,1 mapping record(s) across 1 of 5 identity/identities; sibling records=0,Compatible; 1 candidate pack/UOM signature(s); source UOM=ml; source case qty=6,$0.00
9687744,jayson cab sauv 6b 750ml,3,f8cb58f0-8711-4c6f-a525-2dc645dedc5e,JAYSON CAB SAUV 6B 750ML,decided on downstream references (16 vs 5),2,Yes,Yes,3,cafe | liquor cage | wine cellar,1,1 mapping record(s) across 1 of 3 identity/identities; sibling records=0,Compatible; 1 candidate pack/UOM signature(s); source UOM=not supplied; source case qty=not supplied,$0.00
9688178,immortal estate cabernet sauvignon slope 2018,2,f99d861a-49e5-4ec4-a76a-cd465db5b358,IMMORTAL ESTATE CABERNET SAUVIGNON SLOPE 2018,decided on downstream references (11 vs 5),1,Yes,Yes,2,liquor cage | wine cellar,1,1 mapping record(s) across 1 of 2 identity/identities; sibling records=0,Compatible; 1 candidate pack/UOM signature(s); source UOM=not supplied; source case qty=not supplied,$0.00
9699246,bodyguard red 21 6b 750ml,2,c3551d53-e77e-47c0-92ad-a0da897c3a99,BODYGUARD RED 21 6B 750ML,decided on downstream references (10 vs 4),1,Yes,Yes,2,liquor cage | wine cellar,0,1 mapping record(s) across 1 of 2 identity/identities; sibling records=0,Compatible; 1 candidate pack/UOM signature(s); source UOM=not supplied; source case qty=not supplied,$0.00
9701930,duckhorn vineyards napa valley cabernet sauvignon 2021,2,a4fe5d41-75fb-4df4-b21b-0c8f65b85a7b,DUCKHORN VINEYARDS NAPA VALLEY CABERNET SAUVIGNON 2021,decided on downstream references (11 vs 5),1,Yes,Yes,2,liquor cage | wine cellar,1,1 mapping record(s) across 1 of 2 identity/identities; sibling records=0,Compatible; 1 candidate pack/UOM signature(s); source UOM=not supplied; source case qty=not supplied,$0.00
9702846,sequentis merlot rsv 21 6b 750ml,2,e9fb710a-126a-494e-bcab-aef5ba346207,SEQUENTIS MERLOT RSV 21 6B 750ML,decided on downstream references (13 vs 5),1,Yes,Yes,2,liquor cage | wine cellar,1,1 mapping record(s) across 1 of 2 identity/identities; sibling records=0,Compatible; 1 candidate pack/UOM signature(s); source UOM=not supplied; source case qty=not supplied,$0.00
972007,zing zang bloody mary mix,9,2b12d05d-2e7d-4adf-ab57-7e4d3133c2f5,Zing Zang - Bloody Mary Mix,decided on downstream references (10 vs 7),8,Yes,No,9,bay window bar | beer cage | beverage carts | grill room | halfway house | liquor cage | member lounge | mens locker room | pool cafe,1,2 mapping record(s) across 1 of 9 identity/identities; sibling records=0,Compatible; 1 candidate pack/UOM signature(s); source UOM=oz; source case qty=12,$0.00
9732082,paraduxx proprietary red 21 750ml,2,fecb2933-122a-4b66-9913-4b3cadac6a80,PARADUXX PROPRIETARY RED 21 750ML,decided on downstream references (11 vs 5),1,Yes,Yes,2,liquor cage | wine cellar,1,1 mapping record(s) across 1 of 2 identity/identities; sibling records=0,Compatible; 1 candidate pack/UOM signature(s); source UOM=not supplied; source case qty=not supplied,$0.00
9738720,bodyguard red 22 6b 750ml,2,0ed14928-02c0-4199-865f-4eb34f91cad2,BODYGUARD RED 22 6B 750ML,decided on downstream references (11 vs 5),1,Yes,Yes,2,liquor cage | wine cellar,1,1 mapping record(s) across 1 of 2 identity/identities; sibling records=0,Compatible; 1 candidate pack/UOM signature(s); source UOM=not supplied; source case qty=not supplied,$0.00
97438,white wine,4,7bf7c748-a53b-4f1d-afe6-7df4b91131ab,White Wine,decided on downstream references (17 vs 5),3,Yes,Yes,4,cafe | dry storeroom | liquor cage | main kitchen,1,1 mapping record(s) across 1 of 4 identity/identities; sibling records=0,Compatible; 1 candidate pack/UOM signature(s); source UOM=lt; source case qty=6,$0.00
9744521,duckhorn merlot napa vly 22 75,2,7e3efd75-7698-4008-a325-6fddc48a8d49,DUCKHORN MERLOT NAPA VLY 22 75,decided on downstream references (13 vs 5),1,Yes,Yes,2,liquor cage | wine cellar,1,1 mapping record(s) across 1 of 2 identity/identities; sibling records=0,Compatible; 1 candidate pack/UOM signature(s); source UOM=case; source case qty=1,$0.00
974536,titos handmade,8,3d40aed2-0643-4076-939c-c887134b81fc,Titos Handmade,decided on downstream references (29 vs 5),7,Yes,Yes,8,bay window bar | beverage carts | grill room | halfway house | liquor cage | member lounge | mens locker room | pool cafe,1,1 mapping record(s) across 1 of 8 identity/identities; sibling records=0,Compatible; 1 candidate pack/UOM signature(s); source UOM=ml; source case qty=60,$0.00
9755505,decoy cab sauv calif 22 750ml,2,ad2bbda0-fc78-49de-80c8-b7aaa9fa517e,DECOY CAB SAUV CALIF 22 750ML,decided on downstream references (11 vs 5),1,Yes,Yes,2,liquor cage | mens locker room,1,1 mapping record(s) across 1 of 2 identity/identities; sibling records=0,Compatible; 1 candidate pack/UOM signature(s); source UOM=not supplied; source case qty=not supplied,$0.00
975690,jim beam,7,9e05382b-4476-4ed0-86d3-fbcf8353f641,Jim Beam,decided on downstream references (30 vs 5),6,Yes,Yes,7,bay window bar | grill room | liquor cage | member lounge | mens locker room | pastry shop | pool cafe,4,1 mapping record(s) across 1 of 7 identity/identities; sibling records=0,Compatible; 1 candidate pack/UOM signature(s); source UOM=lt; source case qty=12,$0.00
9757560,lion tamer cab sauv 22 6b 750ml,2,08558c32-757b-403d-bd5f-6a6801d47328,LION TAMER CAB SAUV 22 6B 750ML,decided on downstream references (13 vs 5),1,Yes,Yes,2,liquor cage | wine cellar,1,1 mapping record(s) across 1 of 2 identity/identities; sibling records=0,Compatible; 1 candidate pack/UOM signature(s); source UOM=not supplied; source case qty=not supplied,$0.00
9760085,lion tamer crab sauv wt box op 22 750ml,2,c5b87eaf-c084-4d13-981d-da8308ead9c5,LION TAMER CRAB SAUV WT BOX OP 22 750ML,decided on downstream references (10 vs 4),1,Yes,Yes,2,liquor cage | wine cellar,0,1 mapping record(s) across 1 of 2 identity/identities; sibling records=0,Compatible; 1 candidate pack/UOM signature(s); source UOM=not supplied; source case qty=not supplied,$0.00
97617,ketel one citroen,6,1db36cd3-dbb1-4007-ab81-53c7c72312af,Ketel One - Citroen,decided on downstream references (27 vs 5),5,Yes,Yes,6,bay window bar | grill room | liquor cage | member lounge | mens locker room | pool cafe,4,1 mapping record(s) across 1 of 6 identity/identities; sibling records=0,Compatible; 1 candidate pack/UOM signature(s); source UOM=lt; source case qty=12,$0.00
9765561,seasoning bbq mesqt,4,19d4ac20-839c-4349-a07c-6bafb104248f,SEASONING BBQ MESQT,decided on downstream references (21 vs 5),3,Yes,Yes,4,bay window | cafe | dry storeroom | main kitchen,3,1 mapping record(s) across 1 of 4 identity/identities; sibling records=0,Compatible; 1 candidate pack/UOM signature(s); source UOM=oz; source case qty=1,$0.00
980105,ordinaire absinthe,2,6efa9f84-c642-40fb-9629-e3c975638745,Ordinaire - Absinthe,decided on downstream references (11 vs 5),1,Yes,Yes,2,bay window bar | liquor cage,1,1 mapping record(s) across 1 of 2 identity/identities; sibling records=0,Compatible; 1 candidate pack/UOM signature(s); source UOM=not supplied; source case qty=not supplied,$0.00
9806423,red pepper flakes,6,dda1b214-ec58-45f3-bf7a-15a7b2c257fe,Red Pepper Flakes,decided on downstream references (26 vs 5),5,Yes,Yes,6,bay window | cafe | dry storeroom | grill room | main kitchen | pool cafe,4,1 mapping record(s) across 1 of 6 identity/identities; sibling records=0,Compatible; 1 candidate pack/UOM signature(s); source UOM=oz; source case qty=1,$0.00
9806498,chili powder,3,2c3e483c-6806-4069-a84c-80d93cf9e427,Chili Powder,decided on downstream references (17 vs 5),2,Yes,Yes,3,bay window | dry storeroom | main kitchen,2,1 mapping record(s) across 1 of 3 identity/identities; sibling records=0,Compatible; 1 candidate pack/UOM signature(s); source UOM=oz; source case qty=1,$0.00
984248,zing zang bloody mary mix,9,2b12d05d-2e7d-4adf-ab57-7e4d3133c2f5,Zing Zang - Bloody Mary Mix,decided on downstream references (10 vs 7),8,No,Yes,9,bay window bar | beer cage | beverage carts | grill room | halfway house | liquor cage | member lounge | mens locker room | pool cafe,1,2 mapping record(s) across 1 of 9 identity/identities; sibling records=0,Compatible; 1 candidate pack/UOM signature(s); source UOM=oz; source case qty=6,$0.00
9910057,eggs medium,2,0a4ba575-4294-494d-ac7e-3bc2ad723437,Eggs - Medium,decided on downstream references (10 vs 5),1,Yes,Yes,2,main kitchen | main walk in,1,1 mapping record(s) across 1 of 2 identity/identities; sibling records=0,Compatible; 1 candidate pack/UOM signature(s); source UOM=dz; source case qty=1,$0.00
9911132,pork ham,2,0e7ff690-add1-422c-be79-b6646b69a202,Pork - Ham,decided on downstream references (13 vs 5),1,Yes,Yes,2,cafe | main walk in,1,1 mapping record(s) across 1 of 2 identity/identities; sibling records=0,Compatible; 1 candidate pack/UOM signature(s); source UOM=lb; source case qty=1,$0.00
991348,grand marnier,7,8c95072f-e082-44bd-a1c4-7fdcab87d52b,Grand Marnier,decided on downstream references (30 vs 5),6,Yes,Yes,7,bay window bar | grill room | liquor cage | member lounge | mens locker room | pastry shop | pool cafe,4,1 mapping record(s) across 1 of 7 identity/identities; sibling records=0,Compatible; 1 candidate pack/UOM signature(s); source UOM=lt; source case qty=6,$0.00
993101,zing zang sweet sour,2,bbb9ac91-bfcc-4b12-862c-ad5f6b4f1bf1,Zing Zang - Sweet & Sour,decided on downstream references (10 vs 4),1,Yes,Yes,2,halfway house | liquor cage,0,1 mapping record(s) across 1 of 2 identity/identities; sibling records=0,Compatible; 1 candidate pack/UOM signature(s); source UOM=oz; source case qty=6,$0.00
994140,chandon brut sc,4,9ee805d9-b66c-4497-9f0e-3d40667bae51,CHANDON BRUT(SC),decided on downstream references (17 vs 5),3,Yes,Yes,4,bay window bar | beverage carts | halfway house | liquor cage,1,1 mapping record(s) across 1 of 4 identity/identities; sibling records=0,Compatible; 1 candidate pack/UOM signature(s); source UOM=ml; source case qty=24,$0.00
994141,chandon brut 2043076,2,2b3c5a89-bb38-40f0-9bd7-65151d3feecf,CHANDON BRUT - 2043076,decided on downstream references (12 vs 4),1,Yes,Yes,2,liquor cage | pool cafe,0,1 mapping record(s) across 1 of 2 identity/identities; sibling records=0,Compatible; 1 candidate pack/UOM signature(s); source UOM=not supplied; source case qty=not supplied,$0.00
99682,stella artois bottled,9,c8041a7d-7264-42b2-a4e8-4ddf13a27f8e,Stella Artois - Bottled,decided on downstream references (10 vs 8),8,Yes,No,9,bay window bar | beer cage | beverage carts | grill room | halfway house | liquor cage | member lounge | mens locker room | pool cafe,13,2 mapping record(s) across 1 of 9 identity/identities; sibling records=0,Compatible; 1 candidate pack/UOM signature(s); source UOM=ea; source case qty=1,$0.00
99753,stella artois bottled,9,c8041a7d-7264-42b2-a4e8-4ddf13a27f8e,Stella Artois - Bottled,decided on downstream references (10 vs 8),8,No,Yes,9,bay window bar | beer cage | beverage carts | grill room | halfway house | liquor cage | member lounge | mens locker room | pool cafe,13,2 mapping record(s) across 1 of 9 identity/identities; sibling records=0,Compatible; 1 candidate pack/UOM signature(s); source UOM=ea; source case qty=2,$0.00
9998,makers mark,8,e78cbf62-f5c0-4019-99c0-64bdff27b580,Makers Mark,decided on downstream references (31 vs 5),7,Yes,Yes,8,bay window bar | beverage carts | grill room | halfway house | liquor cage | member lounge | mens locker room | pool cafe,4,1 mapping record(s) across 1 of 8 identity/identities; sibling records=0,Compatible; 1 candidate pack/UOM signature(s); source UOM=lt; source case qty=1,$0.00
APPGS88HF,apples granny smith,2,2e3d2998-1f0e-492a-8852-4e2751a2e207,Apples - Granny Smith,decided on downstream references (13 vs 5),1,Yes,Yes,2,cafe | produce walk in,1,1 mapping record(s) across 1 of 2 identity/identities; sibling records=0,Compatible; 1 candidate pack/UOM signature(s); source UOM=ea; source case qty=1,$0.00
APPRD88HF,apples red delicious,3,20d9d5ff-55bb-4250-b60b-9d41162e514c,Apples - Red Delicious,decided on downstream references (10 vs 8),2,Yes,No,3,cafe | halfway house | produce walk in,4,2 mapping record(s) across 1 of 3 identity/identities; sibling records=0,Compatible; 1 candidate pack/UOM signature(s); source UOM=ea; source case qty=1,$0.00
ASP11LG,asparagus,2,dbd6974a-1ac2-4dc9-b635-23c4a1bb1629,Asparagus,decided on downstream references (10 vs 8),1,No,Yes,2,bay window | produce walk in,2,2 mapping record(s) across 1 of 2 identity/identities; sibling records=0,Compatible; 1 candidate pack/UOM signature(s); source UOM=lb; source case qty=1,$0.00
B000GG5IXM,bigelow tea earl grey black tea caffeinated tea 20 count box pack of 6 120 total tea bags,2,815c8803-2fce-47a2-8c30-b4a2daaef165,"BIGELOW TEA EARL GREY BLACK TEA, CAFFEINATED TEA, 20 COUNT BOX (PACK OF 6), 120 TOTAL TEA BAGS",decided on downstream references (11 vs 5),1,Yes,Yes,2,dry storeroom | mens locker room,1,1 mapping record(s) across 1 of 2 identity/identities; sibling records=0,Compatible; 1 candidate pack/UOM signature(s); source UOM=ea; source case qty=1,$0.00
BA-250,apple balsamic vinegar 250ml 8 8 oz,2,923f8ac4-b281-47cc-a169-e0d2323a6c3c,APPLE BALSAMIC VINEGAR 250ML (8.8 OZ),decided on downstream references (12 vs 4),1,Yes,Yes,2,dry storeroom | main kitchen,0,1 mapping record(s) across 1 of 2 identity/identities; sibling records=0,Compatible; 1 candidate pack/UOM signature(s); source UOM=ml; source case qty=1,$0.00
BAN1,banana,4,e350f08d-b6b5-48df-a96b-4b09d4184e82,Banana,decided on downstream references (10 vs 8),3,No,Yes,4,bay window | halfway house | main kitchen | produce walk in,5,2 mapping record(s) across 1 of 4 identity/identities; sibling records=0,Compatible; 1 candidate pack/UOM signature(s); source UOM=lb; source case qty=1,$0.00
BB-250,white balsamic vinegar 250 ml 8 5 oz,2,387cd66e-d51e-40f2-a1c1-a7f224dffe0e,WHITE BALSAMIC VINEGAR - 250 ML (8.5 OZ),decided on downstream references (12 vs 4),1,Yes,Yes,2,dry storeroom | main kitchen,0,1 mapping record(s) across 1 of 2 identity/identities; sibling records=0,Compatible; 1 candidate pack/UOM signature(s); source UOM=ea; source case qty=12,$0.00
BB-5L,white balsamic vinegar 5l 1 32 gal,2,e191df92-d668-49f5-b4f5-c22046db3f01,WHITE BALSAMIC VINEGAR - 5L (1.32 GAL),decided on downstream references (10 vs 4),1,Yes,Yes,2,main kitchen | main walk in,0,1 mapping record(s) across 1 of 2 identity/identities; sibling records=0,Compatible; 1 candidate pack/UOM signature(s); source UOM=gal; source case qty=1,$0.00
BEANGRSN,beans green,2,60d5913f-e9a8-4db1-98d6-99748dc72a03,Beans - Green,decided on downstream references (13 vs 5),1,Yes,Yes,2,bay window | produce walk in,1,1 mapping record(s) across 1 of 2 identity/identities; sibling records=0,Compatible; 1 candidate pack/UOM signature(s); source UOM=lb; source case qty=2,$0.00
BERBB,blueberries,2,cbd464c1-d8ff-4fd6-a741-f39e2e89630b,Blueberries,decided on downstream references (10 vs 8),1,No,Yes,2,cafe | produce walk in,2,2 mapping record(s) across 1 of 2 identity/identities; sibling records=0,Compatible; 1 candidate pack/UOM signature(s); source UOM=ea; source case qty=1,$0.00
BERRB,raspberries,2,cb417852-50d8-4b9a-9a13-c2bbd2b4f3e9,Raspberries,decided on downstream references (10 vs 8),1,No,Yes,2,bay window | produce walk in,2,2 mapping record(s) across 1 of 2 identity/identities; sibling records=0,Compatible; 1 candidate pack/UOM signature(s); source UOM=ea; source case qty=1,$0.00
BERSBD,strawberries,3,8b1ce2f6-26b0-4c79-83a7-c7e6095d8373,Strawberries,decided on downstream references (17 vs 5),2,Yes,Yes,3,bay window | cafe | produce walk in,2,1 mapping record(s) across 1 of 3 identity/identities; sibling records=0,Compatible; 1 candidate pack/UOM signature(s); source UOM=lb; source case qty=8,$0.00
BKST W/W OA 5/8,oat wheat,3,cd67a1e9-70e1-4be9-904a-2acfb7976e70,Oat Wheat,decided on downstream references (15 vs 4),2,Yes,Yes,3,bread reach in | cafe | main kitchen,0,1 mapping record(s) across 1 of 3 identity/identities; sibling records=0,Compatible; 1 candidate pack/UOM signature(s); source UOM=case; source case qty=1,$0.00
BLACK GROUPER FILLETS PBO SKIN OFF,grouper fillet,5,6899692d-95b8-46cf-9bdd-25a761ac210e,Grouper - Fillet,decided on downstream references (10 vs 8),4,Yes,No,5,bay window | cafe | fish file | front reach in freezer | main freezer,7,2 mapping record(s) across 1 of 5 identity/identities; sibling records=0,Compatible; 1 candidate pack/UOM signature(s); source UOM=lb; source case qty=1,$0.00
BROCR,broccoli crowns,3,1feaa1df-a649-4fd8-9a92-fe87085fee48,Broccoli - Crowns,decided on downstream references (10 vs 8),2,No,Yes,3,bay window | cafe | produce walk in,4,2 mapping record(s) across 1 of 3 identity/identities; sibling records=0,Compatible; 1 candidate pack/UOM signature(s); source UOM=lb; source case qty=1,$0.00
BROLINIHF,broccolini,2,ec48363f-8b2e-44d4-82e3-b5fb3eb9a9d3,Broccolini,decided on downstream references (13 vs 5),1,Yes,Yes,2,bay window | produce walk in,1,1 mapping record(s) across 1 of 2 identity/identities; sibling records=0,Compatible; 1 candidate pack/UOM signature(s); source UOM=ea; source case qty=1,$0.00
BRONZINO FILLET UN-SIZED SKIN-ON PBO,branzino,2,f856af37-1bb8-4f89-ae4d-08d3015640ed,Branzino,decided on downstream references (10 vs 4),1,Yes,Yes,2,bay window bar | fish file,0,1 mapping record(s) across 1 of 2 identity/identities; sibling records=0,Compatible; 1 candidate pack/UOM signature(s); source UOM=lb; source case qty=1,$0.00
BSKT MARBLE 5/8,bskt marble 5 8,2,ce803a37-2ed1-40a6-8e6c-26fe8bf9d595,BSKT MARBLE 5/8,decided on downstream references (11 vs 5),1,Yes,Yes,2,bread reach in | main freezer,1,1 mapping record(s) across 1 of 2 identity/identities; sibling records=0,Compatible; 1 candidate pack/UOM signature(s); source UOM=ea; source case qty=1,$0.00
BSKT SOUR 5/8,sourdough,6,e0909ae2-1bc4-4159-9cda-5415e7c1c5c5,Sourdough,decided on downstream references (25 vs 5),5,Yes,Yes,6,bay window | bread reach in | cafe | front reach in freezer | main freezer | main kitchen,3,1 mapping record(s) across 1 of 6 identity/identities; sibling records=0,Compatible; 1 candidate pack/UOM signature(s); source UOM=ea; source case qty=1,$0.00
BSKT W/W Oat 5/8,bskt w w oat 5 8,5,102b90e3-4e4a-49da-b90a-699f45fca106,BSKT W/W OAT 5/8,decided on downstream references (22 vs 5),4,Yes,Yes,5,bread reach in | cafe | grill room | main freezer | main kitchen,2,1 mapping record(s) across 1 of 5 identity/identities; sibling records=0,Compatible; 1 candidate pack/UOM signature(s); source UOM=ea; source case qty=1,$0.00
BV CAB SAUV LATOUR PRIV RSV 21 6B 750ML,bv cab sauv latour priv rsv 21 6b 750ml,2,93cf65a5-79c0-46e6-b6ac-32e33cf0aefb,BV CAB SAUV LATOUR PRIV RSV 21 6B 750ML,decided on downstream references (11 vs 5),1,Yes,Yes,2,liquor cage | wine cellar,1,1 mapping record(s) across 1 of 2 identity/identities; sibling records=0,Compatible; 1 candidate pack/UOM signature(s); source UOM=not supplied; source case qty=not supplied,$0.00
"Baja Precious - High Oleic Sunflower Oil, 1 Gallon Jug - Expeller Pressed, Wonderful in the Kitchen, Amazing on Your Skin and a Million Other Uses, Bottled in the USA",oil sunflower,2,b54b06d1-a683-417c-a01e-31c4736a25d5,Oil - Sunflower,decided on downstream references (12 vs 4),1,Yes,Yes,2,dry storeroom | pastry shop,0,1 mapping record(s) across 1 of 2 identity/identities; sibling records=0,Compatible; 1 candidate pack/UOM signature(s); source UOM=gal; source case qty=1,$0.00
CABRDEA,cabbage red,2,7421c77c-6e2d-4350-8579-21a12bcc82fa,Cabbage - Red,decided on downstream references (10 vs 8),1,No,Yes,2,cafe | produce walk in,2,2 mapping record(s) across 1 of 2 identity/identities; sibling records=0,Compatible; 1 candidate pack/UOM signature(s); source UOM=lb; source case qty=1,$0.00
CAR50,carrots,4,bb8a3da3-10de-4d1c-9667-649b10096032,Carrots,decided on downstream references (20 vs 5),3,Yes,Yes,4,bay window | cafe | main kitchen | produce walk in,3,1 mapping record(s) across 1 of 4 identity/identities; sibling records=0,Compatible; 1 candidate pack/UOM signature(s); source UOM=lb; source case qty=1,$0.00
CORNYHF,corn yellow,2,2e5238a9-8445-4fa0-bc62-41c9c5983799,Corn - Yellow,decided on downstream references (12 vs 4),1,Yes,Yes,2,main kitchen | produce walk in,0,1 mapping record(s) across 1 of 2 identity/identities; sibling records=0,Compatible; 1 candidate pack/UOM signature(s); source UOM=lb; source case qty=1,$0.00
CUCE,cucumbers,3,09db30d4-01d1-4f16-bf76-6116144f1c77,Cucumbers,decided on downstream references (17 vs 5),2,Yes,Yes,3,bay window | cafe | produce walk in,2,1 mapping record(s) across 1 of 3 identity/identities; sibling records=0,Compatible; 1 candidate pack/UOM signature(s); source UOM=ea; source case qty=1,$0.00
FL-500,lemon olive oil,2,de99fcaf-c5cc-4a9d-9f6f-25089a0a468a,LEMON OLIVE OIL,decided on downstream references (12 vs 4),1,Yes,Yes,2,dry storeroom | main kitchen,0,1 mapping record(s) across 1 of 2 identity/identities; sibling records=0,Compatible; 1 candidate pack/UOM signature(s); source UOM=ml; source case qty=1,$0.00
FP-1G,extra virgin olive oil 3 78l 1 gal,2,2281f32f-b652-496e-a648-7f8b194a66e1,EXTRA VIRGIN OLIVE OIL - 3.78L (1 GAL),decided on downstream references (13 vs 5),1,Yes,Yes,2,dry storeroom | main kitchen,1,1 mapping record(s) across 1 of 2 identity/identities; sibling records=0,Compatible; 1 candidate pack/UOM signature(s); source UOM=gal; source case qty=1,$0.00
FP-250,olive oil extra virgin,2,da62ae63-68ff-4a08-a967-05e3b0ec4e7f,Olive Oil - Extra Virgin,decided on downstream references (8 vs 6),1,Yes,No,2,dry storeroom | main kitchen,0,2 mapping record(s) across 1 of 2 identity/identities; sibling records=0,Compatible; 1 candidate pack/UOM signature(s); source UOM=ml; source case qty=1,$0.00
"Great River Organic Milling, Specialty Flour, Wheat Bran, Stone Ground, Organic, 40-Pounds (Pack of 1)",whole wheat flour,2,e6f971c1-2c3d-4083-b4d0-e9bed569a680,Whole Wheat - Flour,decided on downstream references (11 vs 4),1,Yes,Yes,2,dry storeroom | pastry shop,0,1 mapping record(s) across 1 of 2 identity/identities; sibling records=0,Compatible; 1 candidate pack/UOM signature(s); source UOM=lb; source case qty=1,$0.00
HERBARR15,arugula,2,437f1100-e0ef-486a-91ed-fd0e40b3e3d5,Arugula,decided on downstream references (10 vs 7),1,No,Yes,2,cafe | produce walk in,1,2 mapping record(s) across 1 of 2 identity/identities; sibling records=0,Compatible; 1 candidate pack/UOM signature(s); source UOM=lb; source case qty=1,$0.00
HIGH NOON CKTL PEACH LOOSE CAN 24PK 355M,high noon peach,9,06d37f9f-e601-4071-88ad-c6d440aadbc5,High Noon - Peach,decided on downstream references (32 vs 5),8,Yes,Yes,9,bay window bar | beer cage | beverage carts | grill room | halfway house | liquor cage | member lounge | mens locker room | pool cafe,2,1 mapping record(s) across 1 of 9 identity/identities; sibling records=0,Compatible; 1 candidate pack/UOM signature(s); source UOM=ea; source case qty=1,$0.00
"Hapi Hot Wasabi Peas, 9.9 Ounce Tins (Pack of 4)",hapi hot wasabi peas 9 9 ounce tins pack of 4,2,85c879d6-fce1-419f-80c6-8606c347b29a,"HAPI HOT WASABI PEAS, 9.9 OUNCE TINS (PACK OF 4)",decided on downstream references (13 vs 5),1,Yes,Yes,2,cafe | dry storeroom,1,1 mapping record(s) across 1 of 2 identity/identities; sibling records=0,Compatible; 1 candidate pack/UOM signature(s); source UOM=ea; source case qty=1,$0.00
IC14-STWB-08-CS4,strawberry super premium ice cream 5 gallon tub case of 4,2,02bad072-438d-4363-877e-061efc977c6d,STRAWBERRY SUPER PREMIUM ICE CREAM .5 GALLON TUB - CASE OF 4,decided on downstream references (10 vs 4),1,Yes,Yes,2,bay window | main freezer,0,1 mapping record(s) across 1 of 2 identity/identities; sibling records=0,Compatible; 1 candidate pack/UOM signature(s); source UOM=gal; source case qty=4,$0.00
JAIL ISLAND PC SK/OFF 4-5,salmon fillet,4,2c6053aa-f5cc-4bdb-8978-40d6cfc9a8fd,Salmon - Fillet,decided on downstream references (21 vs 5),3,Yes,Yes,4,bay window | cafe | fish file | main freezer,2,1 mapping record(s) across 1 of 4 identity/identities; sibling records=0,Compatible; 1 candidate pack/UOM signature(s); source UOM=lb; source case qty=1,$0.00
JUILIMQT,juice lime fresh,2,52e80cf9-d6f6-4c83-9d8d-a5a2a158cba6,Juice - Lime Fresh,decided on downstream references (12 vs 4),1,Yes,Yes,2,dry storeroom | produce walk in,0,1 mapping record(s) across 1 of 2 identity/identities; sibling records=0,Compatible; 1 candidate pack/UOM signature(s); source UOM=qt; source case qty=1,$0.00
LEM200HF,lemons,5,1f1318bd-5c93-4311-986c-f014a5b9236f,Lemons,decided on downstream references (10 vs 8),4,No,Yes,5,bay window | cafe | halfway house | main kitchen | produce walk in,6,2 mapping record(s) across 1 of 5 identity/identities; sibling records=0,Compatible; 1 candidate pack/UOM signature(s); source UOM=ea; source case qty=1,$0.00
LEMON OLIVE OIL - 500ML (16.5 Oz),olive oil extra virgin,2,da62ae63-68ff-4a08-a967-05e3b0ec4e7f,Olive Oil - Extra Virgin,decided on downstream references (8 vs 6),1,No,Yes,2,dry storeroom | main kitchen,0,2 mapping record(s) across 1 of 2 identity/identities; sibling records=0,Compatible; 1 candidate pack/UOM signature(s); source UOM=ml; source case qty=1,$0.00
LETCSREA,swiss chard,2,84ec0b09-6846-4dd4-874d-a58250b71bb9,Swiss Chard,decided on downstream references (12 vs 4),1,Yes,Yes,2,bay window | produce walk in,0,1 mapping record(s) across 1 of 2 identity/identities; sibling records=0,Compatible; 1 candidate pack/UOM signature(s); source UOM=ea; source case qty=1,$0.00
LETLF,leaf lettuce,2,99515108-23e0-4a05-a109-978230a9eecd,Leaf Lettuce,decided on downstream references (10 vs 8),1,No,Yes,2,cafe | produce walk in,2,2 mapping record(s) across 1 of 2 identity/identities; sibling records=0,Compatible; 1 candidate pack/UOM signature(s); source UOM=ea; source case qty=1,$0.00
LIME200,limes,5,2ae65abc-48ca-429f-8da5-86932f936c6b,Limes,decided on downstream references (10 vs 8),4,Yes,No,5,bay window | cafe | halfway house | main walk in | produce walk in,6,2 mapping record(s) across 1 of 5 identity/identities; sibling records=0,Compatible; 1 candidate pack/UOM signature(s); source UOM=ea; source case qty=1,$0.00
LIME200HF,limes,5,2ae65abc-48ca-429f-8da5-86932f936c6b,Limes,decided on downstream references (10 vs 8),4,No,Yes,5,bay window | cafe | halfway house | main walk in | produce walk in,6,2 mapping record(s) across 1 of 5 identity/identities; sibling records=0,Compatible; 1 candidate pack/UOM signature(s); source UOM=ea; source case qty=1,$0.00
MAHI MAHI FILLET SKIN/OFF,mahi mahi fillet,3,2b4b7a84-d1d4-449b-b968-2f6456eb1603,Mahi Mahi - Fillet,decided on downstream references (8 vs 7),2,No,Yes,3,fish file | front reach in freezer | main freezer,1,2 mapping record(s) across 1 of 3 identity/identities; sibling records=0,Compatible; 1 candidate pack/UOM signature(s); source UOM=lb; source case qty=1,$0.00
MANDARIN OLIVE OIL - 250ML (8.5 Oz),mandarin olive oil 250ml 8 5 oz,2,45087bdf-3a4b-41ed-a7f4-34b4607eb031,MANDARIN OLIVE OIL - 250ML (8.5 OZ),decided on downstream references (12 vs 4),1,Yes,Yes,2,dry storeroom | main kitchen,0,1 mapping record(s) across 1 of 2 identity/identities; sibling records=0,Compatible; 1 candidate pack/UOM signature(s); source UOM=oz; source case qty=1,$0.00
MELCL,cantaloupe,2,10438252-ffdb-46d9-a357-6322741e73bd,Cantaloupe,decided on downstream references (13 vs 5),1,Yes,Yes,2,cafe | produce walk in,1,1 mapping record(s) across 1 of 2 identity/identities; sibling records=0,Compatible; 1 candidate pack/UOM signature(s); source UOM=ea; source case qty=12,$0.00
MELHD6,honeydew,2,e39df57b-3bec-435a-ab72-22bc7fe111fd,Honeydew,decided on downstream references (10 vs 8),1,No,Yes,2,cafe | produce walk in,2,2 mapping record(s) across 1 of 2 identity/identities; sibling records=0,Compatible; 1 candidate pack/UOM signature(s); source UOM=ea; source case qty=1,$0.00
MELWMS,watermelon,3,60471e09-5984-485a-a803-6039651acec0,Watermelon,decided on downstream references (16 vs 5),2,Yes,Yes,3,bay window | cafe | produce walk in,1,1 mapping record(s) across 1 of 3 identity/identities; sibling records=0,Compatible; 1 candidate pack/UOM signature(s); source UOM=ea; source case qty=1,$0.00
MONTHELIE DOUH PORCH MEIX GARNI 20 750ML,monthelie douh porch meix garni 20 750ml,2,37c895d9-2322-45f5-8f9b-f061d01dc764,MONTHELIE DOUH PORCH MEIX GARNI 20 750ML,decided on downstream references (11 vs 4),1,Yes,Yes,2,liquor cage | wine cellar,0,1 mapping record(s) across 1 of 2 identity/identities; sibling records=0,Compatible; 1 candidate pack/UOM signature(s); source UOM=not supplied; source case qty=not supplied,$0.00
ORA88,oranges,5,129b60a4-cfe1-4a50-90d3-e0ff1b9c2566,Oranges,decided on downstream references (23 vs 5),4,Yes,Yes,5,bay window | cafe | halfway house | mens locker room | produce walk in,4,1 mapping record(s) across 1 of 5 identity/identities; sibling records=0,Compatible; 1 candidate pack/UOM signature(s); source UOM=ea; source case qty=1,$0.00
OYSTERS 1/2 SHELL 144CT SALTY SEA TRAY PK 12/12CT,oysters 1 2 shell 144ct salty sea tray pk 12 12ct,2,997795c1-705c-47f2-b4a3-d8811508f363,OYSTERS 1/2 SHELL 144CT SALTY SEA TRAY PK 12/12CT,decided on downstream references (10 vs 4),1,Yes,Yes,2,bay window | main freezer,0,1 mapping record(s) across 1 of 2 identity/identities; sibling records=0,Compatible; 1 candidate pack/UOM signature(s); source UOM=ea; source case qty=1,$0.00
PEPJPLB,peppers jalapeno,3,2736057d-b6b3-42cc-95c6-208745ff3bf4,Peppers - Jalapeno,decided on downstream references (17 vs 5),2,Yes,Yes,3,bay window | cafe | produce walk in,2,1 mapping record(s) across 1 of 3 identity/identities; sibling records=0,Compatible; 1 candidate pack/UOM signature(s); source UOM=lb; source case qty=1,$0.00
PEPRD,red bliss,2,6ad7f2ff-c26f-4c2c-a31a-fb6bfaf82072,Red bliss,decided on downstream references (12 vs 4),1,Yes,Yes,2,main walk in | produce walk in,0,1 mapping record(s) across 1 of 2 identity/identities; sibling records=0,Compatible; 1 candidate pack/UOM signature(s); source UOM=lb; source case qty=1,$0.00
PEPRDLB,peppers red,3,c34e3743-548c-4696-abbb-19dd65721d00,Peppers - Red,decided on downstream references (17 vs 5),2,Yes,Yes,3,bay window | cafe | produce walk in,2,1 mapping record(s) across 1 of 3 identity/identities; sibling records=0,Compatible; 1 candidate pack/UOM signature(s); source UOM=lb; source case qty=1,$0.00
PICSP,pickles,2,beab7749-b63a-46d2-8ec4-d70b45755f85,Pickles,decided on downstream references (13 vs 5),1,Yes,Yes,2,cafe | produce walk in,1,1 mapping record(s) across 1 of 2 identity/identities; sibling records=0,Compatible; 1 candidate pack/UOM signature(s); source UOM=gal; source case qty=1,$0.00
PINEGRP,pineapples,2,d07a0289-5a83-48df-b9ff-cfbcb2a57ce1,Pineapples,decided on downstream references (13 vs 5),1,Yes,Yes,2,cafe | produce walk in,1,1 mapping record(s) across 1 of 2 identity/identities; sibling records=0,Compatible; 1 candidate pack/UOM signature(s); source UOM=ea; source case qty=6,$0.00
PORHER011,pork belly,2,9868cf97-363c-481f-a666-cf2cf5b8d7b6,Pork - Belly,decided on downstream references (10 vs 4),1,Yes,Yes,2,main freezer | main walk in,0,1 mapping record(s) across 1 of 2 identity/identities; sibling records=0,Compatible; 1 candidate pack/UOM signature(s); source UOM=lb; source case qty=1,$0.00
POTFIN10,potatoes fingerling,3,b77b610a-1ee5-416a-a2bd-c480ba034f0f,Potatoes - Fingerling,decided on downstream references (15 vs 5),2,Yes,Yes,3,bay window | main kitchen | produce walk in,1,1 mapping record(s) across 1 of 3 identity/identities; sibling records=0,Compatible; 1 candidate pack/UOM signature(s); source UOM=lb; source case qty=1,$0.00
POTSW10,potatoes sweet,3,edd21afe-3e61-4b12-8741-34a920de147a,Potatoes - Sweet,decided on downstream references (10 vs 8),2,No,Yes,3,bay window | main kitchen | produce walk in,2,2 mapping record(s) across 1 of 3 identity/identities; sibling records=0,Compatible; 1 candidate pack/UOM signature(s); source UOM=lb; source case qty=1,$0.00
POTSWDI,potatoes sweet,3,edd21afe-3e61-4b12-8741-34a920de147a,Potatoes - Sweet,decided on downstream references (10 vs 8),2,Yes,No,3,bay window | main kitchen | produce walk in,2,2 mapping record(s) across 1 of 3 identity/identities; sibling records=0,Compatible; 1 candidate pack/UOM signature(s); source UOM=lb; source case qty=1,$0.00
POTYUKB,potatoes yukon,2,f212f997-a2c5-4c68-bc5d-82dc37d5b234,Potatoes - Yukon,decided on downstream references (12 vs 4),1,Yes,Yes,2,main kitchen | produce walk in,0,1 mapping record(s) across 1 of 2 identity/identities; sibling records=0,Compatible; 1 candidate pack/UOM signature(s); source UOM=lb; source case qty=1,$0.00
PROVERB CAB SAUV CA STLV 750ML,proverb cab sauv ca stlv 750ml,3,62356898-06bb-45e9-ab91-aedbb5ef881e,PROVERB CAB SAUV CA STLV 750ML,decided on downstream references (15 vs 5),2,Yes,Yes,3,bay window bar | liquor cage | mens locker room,2,1 mapping record(s) across 1 of 3 identity/identities; sibling records=0,Compatible; 1 candidate pack/UOM signature(s); source UOM=not supplied; source case qty=not supplied,$0.00
"Pasta : Rigatoni egg , extruded",pasta rigatoni,2,ed818e11-5423-4991-a4ef-ac316b09f8ed,Pasta - Rigatoni,decided on downstream references (10 vs 8),1,Yes,No,2,bay window | main freezer,2,2 mapping record(s) across 1 of 2 identity/identities; sibling records=0,Compatible; 1 candidate pack/UOM signature(s); source UOM=oz; source case qty=1,$0.00
RAD14LB,radish,2,efa53341-d4a9-4027-95ae-5085acffbec1,Radish,decided on downstream references (11 vs 5),1,Yes,Yes,2,cafe | produce walk in,1,1 mapping record(s) across 1 of 2 identity/identities; sibling records=0,Compatible; 1 candidate pack/UOM signature(s); source UOM=lb; source case qty=1,$0.00
SHRIMP U/12 NATURAL WHITE GULF PRINCESS EZ PEEL 20#,shrimp,2,19a24d1e-77ac-4d4a-911e-828f90581b2d,Shrimp,decided on downstream references (10 vs 4),1,Yes,Yes,2,fish file | main walk in,0,1 mapping record(s) across 1 of 2 identity/identities; sibling records=0,Compatible; 1 candidate pack/UOM signature(s); source UOM=lb; source case qty=1,$0.00
SPRBR5,brussels sprouts,2,b923d94a-1515-42d7-879b-e60238e50fe7,Brussels Sprouts,decided on downstream references (13 vs 5),1,Yes,Yes,2,bay window | produce walk in,1,1 mapping record(s) across 1 of 2 identity/identities; sibling records=0,Compatible; 1 candidate pack/UOM signature(s); source UOM=lb; source case qty=1,$0.00
SWORD SINGL EYE BLO S/OFF TENDERLOIN FILT MIGNON,swordfish,2,4701d05d-48fe-4e78-9b1d-f6ed711d5aa1,Swordfish,decided on downstream references (10 vs 4),1,Yes,Yes,2,bay window bar | fish file,0,1 mapping record(s) across 1 of 2 identity/identities; sibling records=0,Compatible; 1 candidate pack/UOM signature(s); source UOM=lb; source case qty=1,$0.00
VN240145,cocoa powder x brut x red,2,7821212d-33b9-44d1-9570-5afd5556693e,COCOA POWDER X BRUT X RED,decided on downstream references (13 vs 5),1,Yes,Yes,2,dry storeroom | pastry shop,1,1 mapping record(s) across 1 of 2 identity/identities; sibling records=0,Compatible; 1 candidate pack/UOM signature(s); source UOM=lb; source case qty=6,$0.00
WAHOO LOIN FRESH HAND-CUT SK/OFF,wahoo,2,62bca02b-162a-4040-b845-582987fa3a66,Wahoo,decided on downstream references (10 vs 4),1,Yes,Yes,2,bay window | main walk in,0,1 mapping record(s) across 1 of 2 identity/identities; sibling records=0,Compatible; 1 candidate pack/UOM signature(s); source UOM=lb; source case qty=1,$0.00
"WS - MIXED VARIETY, 5#",fungi 2 8 assorted gourmet mushroom varieties primo grade 5lbs,2,d62663cc-bc60-405e-b456-44e5e4b20749,"Fungi 2-8 ASSORTED GOURMET MUSHROOM VARIETIES, PRIMO GRADE - 5LBS",decided on downstream references (13 vs 5),1,Yes,Yes,2,bay window | produce walk in,1,1 mapping record(s) across 1 of 2 identity/identities; sibling records=0,Compatible; 1 candidate pack/UOM signature(s); source UOM=lb; source case qty=1,$0.00
[JL] Jerky Bags 3.25 OZ,beef jerky jack links,4,ad1d76e4-3354-45e4-8b6a-120bb5db7d14,Beef - Jerky jack links,decided on downstream references (17 vs 5),3,Yes,Yes,4,beverage carts | dry storeroom | halfway house | pool cafe,1,1 mapping record(s) across 1 of 4 identity/identities; sibling records=0,Compatible; 1 candidate pack/UOM signature(s); source UOM=ea; source case qty=1,$0.00
avo48,avocado,2,e082e92b-9e43-4526-906d-563d9be349d1,Avocado,decided on downstream references (10 vs 8),1,No,Yes,2,bay window | produce walk in,2,2 mapping record(s) across 1 of 2 identity/identities; sibling records=0,Compatible; 1 candidate pack/UOM signature(s); source UOM=ea; source case qty=1,$0.00
b0dyfcxnj1,star anise,2,3e007fc7-4212-4b23-8fba-bf8a6011d789,Star Anise,decided on downstream references (12 vs 4),1,Yes,Yes,2,dry storeroom | pastry shop,0,1 mapping record(s) across 1 of 2 identity/identities; sibling records=0,Compatible; 1 candidate pack/UOM signature(s); source UOM=gr; source case qty=1,$0.00
black grouper fillets,grouper fillet,5,6899692d-95b8-46cf-9bdd-25a761ac210e,Grouper - Fillet,decided on downstream references (10 vs 8),4,No,Yes,5,bay window | cafe | fish file | front reach in freezer | main freezer,7,2 mapping record(s) across 1 of 5 identity/identities; sibling records=0,Compatible; 1 candidate pack/UOM signature(s); source UOM=lb; source case qty=1,$0.00
cel36,celery,3,6f3ea1a0-b454-480c-93d4-040e294632b8,Celery,decided on downstream references (9 vs 8),2,Yes,No,3,bay window | mens locker room | produce walk in,4,2 mapping record(s) across 1 of 3 identity/identities; sibling records=0,Compatible; 1 candidate pack/UOM signature(s); source UOM=ea; source case qty=1,$0.00
crawfsh tail mt 150-200ct wild mediteranean caught,crawfish,2,8ae953a2-0ad9-4234-80f5-03e7ce0744fb,Crawfish,decided on downstream references (12 vs 4),1,Yes,Yes,2,bay window | main freezer,0,1 mapping record(s) across 1 of 2 identity/identities; sibling records=0,Compatible; 1 candidate pack/UOM signature(s); source UOM=lb; source case qty=1,$0.00
guinness 4pk,guinness 4pk,2,17c01a25-ce56-4b1b-ba01-f108bab9d7b6,GUINNESS 4PK,decided on downstream references (10 vs 4),1,Yes,Yes,2,bay window bar | liquor cage,0,1 mapping record(s) across 1 of 2 identity/identities; sibling records=0,Compatible; 1 candidate pack/UOM signature(s); source UOM=case; source case qty=1,$0.00
halibut fillet s/on east east coast/canadian wild,halibut fillet,3,a1a2946c-bde5-4f63-a174-32fa3364bbc6,Halibut - Fillet,decided on downstream references (13 vs 4),2,Yes,Yes,3,bay window | fish file | main freezer,0,1 mapping record(s) across 1 of 3 identity/identities; sibling records=0,Compatible; 1 candidate pack/UOM signature(s); source UOM=lb; source case qty=1,$0.00
herbbas,herbs basil,2,658bd055-af0d-4cd6-a2c0-254bad920584,Herbs - Basil,decided on downstream references (10 vs 7),1,No,Yes,2,main kitchen | produce walk in,1,2 mapping record(s) across 1 of 2 identity/identities; sibling records=0,Compatible; 1 candidate pack/UOM signature(s); source UOM=lb; source case qty=1,$0.00
letgsm,mixed greens,5,0411e78f-551f-4b5c-aa3e-4c3ae5874e69,Mixed Greens,decided on downstream references (23 vs 5),4,Yes,Yes,5,bay window | cafe | main kitchen | main walk in | produce walk in,2,1 mapping record(s) across 1 of 5 identity/identities; sibling records=0,Compatible; 1 candidate pack/UOM signature(s); source UOM=lb; source case qty=1,$0.00
letromhrt,lettuce romaine,4,643c9848-581e-415d-adbf-2243f82e89b1,Lettuce - Romaine,decided on downstream references (20 vs 5),3,Yes,Yes,4,bay window | cafe | main walk in | produce walk in,2,1 mapping record(s) across 1 of 4 identity/identities; sibling records=0,Compatible; 1 candidate pack/UOM signature(s); source UOM=ea; source case qty=1,$0.00
mahi mahi fillet skin/off wild caught-[sushi] pbo,mahi mahi fillet,3,2b4b7a84-d1d4-449b-b968-2f6456eb1603,Mahi Mahi - Fillet,decided on downstream references (8 vs 7),2,Yes,No,3,fish file | front reach in freezer | main freezer,1,2 mapping record(s) across 1 of 3 identity/identities; sibling records=0,Compatible; 1 candidate pack/UOM signature(s); source UOM=lb; source case qty=1,$0.00
mango,mango fresh,2,70dbe6fc-ede4-4409-ae6f-69f05b423263,MANGO fresh,decided on downstream references (10 vs 4),1,Yes,Yes,2,cafe | produce walk in,0,1 mapping record(s) across 1 of 2 identity/identities; sibling records=0,Compatible; 1 candidate pack/UOM signature(s); source UOM=ea; source case qty=1,$0.00
oni jum,onions yellow,2,18452813-1dc0-455a-b158-5330c83e2d8a,Onions - Yellow,decided on downstream references (10 vs 8),1,No,Yes,2,cafe | produce walk in,2,2 mapping record(s) across 1 of 2 identity/identities; sibling records=0,Compatible; 1 candidate pack/UOM signature(s); source UOM=lb; source case qty=1,$0.00
onird,onions red,2,1dd55e2a-b024-40b8-b08e-3e0c067bcb09,Onions - Red,decided on downstream references (13 vs 5),1,Yes,Yes,2,cafe | produce walk in,1,1 mapping record(s) across 1 of 2 identity/identities; sibling records=0,Compatible; 1 candidate pack/UOM signature(s); source UOM=lb; source case qty=1,$0.00
"pasta : rigatoni egg, extruded",pasta rigatoni,2,ed818e11-5423-4991-a4ef-ac316b09f8ed,Pasta - Rigatoni,decided on downstream references (10 vs 8),1,No,Yes,2,bay window | main freezer,2,2 mapping record(s) across 1 of 2 identity/identities; sibling records=0,Compatible; 1 candidate pack/UOM signature(s); source UOM=lb; source case qty=1,$0.00
pepgrlb,peppers green,3,fe007757-c441-4110-babb-40106ef59c63,Peppers - Green,decided on downstream references (17 vs 5),2,Yes,Yes,3,bay window | cafe | produce walk in,2,1 mapping record(s) across 1 of 3 identity/identities; sibling records=0,Compatible; 1 candidate pack/UOM signature(s); source UOM=lb; source case qty=1,$0.00
potblbhf,potato bliss b,3,9762f0e8-4d9b-402b-861d-ab1b26b78f9b,POTATO BLISS B,decided on downstream references (14 vs 5),2,Yes,Yes,3,bay window | main kitchen | produce walk in,1,1 mapping record(s) across 1 of 3 identity/identities; sibling records=0,Compatible; 1 candidate pack/UOM signature(s); source UOM=lb; source case qty=10,$0.00
santa fe spice,santa fe spiced grille room mix single serve bulk case box of 144,3,8e06690b-1dea-47dd-a930-0b205ecbd2a5,SANTA FE SPICED GRILLE ROOM MIX SINGLE SERVE BULK CASE (BOX OF 144),decided on downstream references (13 vs 4),2,Yes,Yes,3,beverage carts | dry storeroom | halfway house,0,1 mapping record(s) across 1 of 3 identity/identities; sibling records=0,Compatible; 1 candidate pack/UOM signature(s); source UOM=ea; source case qty=1,$0.00
"scallops u/10 gallon 8# tub, bill by lb.",scallops u 10,2,ddd0f035-7243-474d-a796-f4e8d0bd33b1,Scallops - U-10,decided on downstream references (11 vs 4),1,Yes,Yes,2,fish file | main walk in,0,1 mapping record(s) across 1 of 2 identity/identities; sibling records=0,Compatible; 1 candidate pack/UOM signature(s); source UOM=lb; source case qty=1,$0.00
snapper american fillets,snapper fillet,2,e085c29a-60d6-4847-a395-1fa3c5e99be9,Snapper - Fillet,decided on existing historical use (2 vs 0),1,No,Yes,2,fish file | main walk in,0,2 mapping record(s) across 1 of 2 identity/identities; sibling records=2,Compatible; 1 candidate pack/UOM signature(s); source UOM=lb; source case qty=1,$0.00
snapper american fillets use 6up sk/off pbo,snapper fillet,2,e085c29a-60d6-4847-a395-1fa3c5e99be9,Snapper - Fillet,decided on existing historical use (2 vs 0),1,Yes,No,2,fish file | main walk in,0,2 mapping record(s) across 1 of 2 identity/identities; sibling records=2,Compatible; 1 candidate pack/UOM signature(s); source UOM=lb; source case qty=1,$0.00
spinbaby,spinach baby,3,088331a3-8522-4644-a4a2-773ab1300ade,Spinach - Baby,decided on downstream references (10 vs 8),2,No,Yes,3,bay window | cafe | produce walk in,4,2 mapping record(s) across 1 of 3 identity/identities; sibling records=0,Compatible; 1 candidate pack/UOM signature(s); source UOM=lb; source case qty=1,$0.00
sweet & salty,sweet salty grille room mix single serve bulk case box of 144,3,26773f16-237e-488f-aec8-573b375458e6,SWEET & SALTY GRILLE ROOM MIX SINGLE SERVE BULK CASE (BOX OF 144),decided on downstream references (15 vs 4),2,Yes,Yes,3,beverage carts | dry storeroom | halfway house,0,1 mapping record(s) across 1 of 3 identity/identities; sibling records=0,Compatible; 1 candidate pack/UOM signature(s); source UOM=ea; source case qty=1,$0.00
tom4540,tomatoes,3,ef2ffdee-0279-41c0-b493-12f9c306ca7a,Tomatoes,decided on downstream references (17 vs 5),2,Yes,Yes,3,bay window | cafe | produce walk in,2,1 mapping record(s) across 1 of 3 identity/identities; sibling records=0,Compatible; 1 candidate pack/UOM signature(s); source UOM=ea; source case qty=1,$0.00
tomtoy,tomatoes heirloom baby,3,827df858-252e-475b-b3e4-dd6dd75ab84e,Tomatoes - Heirloom Baby,decided on downstream references (17 vs 5),2,Yes,Yes,3,bay window | cafe | produce walk in,2,1 mapping record(s) across 1 of 3 identity/identities; sibling records=0,Compatible; 1 candidate pack/UOM signature(s); source UOM=lb; source case qty=12,$0.00
tuna saku style cut 6-8oz aqua blu 10lb case,tuna,3,8a4705ca-2bf2-44ff-a318-b67b39e4d797,Tuna,decided on downstream references (10 vs 6),2,No,Yes,3,cafe | main freezer | main kitchen,0,2 mapping record(s) across 1 of 3 identity/identities; sibling records=0,Compatible; 1 candidate pack/UOM signature(s); source UOM=lb; source case qty=1,$0.00
"wandering bear straight black organic cold brew coffee on tap, iced coffee drink - extra strong, bold, smooth, no sugar added, shelf-stable, ready to drink, 100% organic - 128 fl oz (1 gallon)",cold brew,7,6be3916a-bb00-48c1-a9f0-81eeab09ee4b,Cold Brew,decided on downstream references (27 vs 5),6,Yes,Yes,7,bay window | bay window bar | dry storeroom | grill room | halfway house | main kitchen | member lounge,2,1 mapping record(s) across 1 of 7 identity/identities; sibling records=0,Compatible; 1 candidate pack/UOM signature(s); source UOM=gal; source case qty=1,$0.00
wild striped bass fillets sk/on fillet from 8+ fish,striped bass fillet,2,48189462-1ee5-4f90-93b5-2ba12e91f812,Striped Bass - Fillet,decided on downstream references (10 vs 4),1,Yes,Yes,2,fish file | main walk in,0,1 mapping record(s) across 1 of 2 identity/identities; sibling records=0,Compatible; 1 candidate pack/UOM signature(s); source UOM=lb; source case qty=1,$0.00
