period,batch_id,source_row_id,row_index,item_id,item_name,source_item_code,resolved_identity,exact_code_pack_mapping_id,matching_pack_mapping_ids,source_location,raw_description,source_pack_raw,parsed_case_quantity,parsed_inner_pack_quantity,parsed_base_unit_quantity,parsed_base_unit,source_tier_1,source_count_1,source_tier_2,source_count_2,source_tier_3,source_count_3,raw_total_units,parsed_total_units,geometry_implied_total,raw_extended_value,parsed_total_cost,saved_session_id,saved_line_id,saved_location,saved_unit_id,saved_unit,saved_qty,saved_case_qty,saved_container_qty,saved_loose_units,saved_unit_cost,saved_extended_value_calculated,group_source_row_count,source_minus_saved_qty,source_minus_saved_value,source_minus_saved_case_parts,source_minus_saved_container_parts,source_minus_saved_loose_parts,numerical_continuity,unit_meaning,disposition,evidence_and_safe_next_action,current_canonical_unit,current_case_size,current_container_size,current_case_pkg_count
2026-05-31,e2b10b8f-96b3-4bf5-82e4-49b337e9dc5f,16c55472-6411-439b-9eb3-b5b228d94d70,68,6f29f473-0934-4677-8dd9-10a601367897,Bacardi Mini,,persisted resolved_inventory_item_id,,8513bef9-b61f-411b-8598-ce14e4dff571,Liquor Cage,Bacardi Mini  12 / 0 Case,12/10 Case,12,10,1,EA,Case,0,Pack,0, Case,0,0,0,0,0,0,,,,,,,,,,,,,,,,,,not comparable,not assessed: no May/June saved session,no_saved_session,Retain dated source evidence; no saved line exists for this batch. Do not infer one from July or August.,ea,120,,
2026-05-31,e2b10b8f-96b3-4bf5-82e4-49b337e9dc5f,fdc6ca24-17cc-4051-8434-99e6ab35fcfd,99,1ae6fc37-653d-4096-af72-0379a68c58ad,BIALE ZINFANDEL BLACK CHICKEN,30336484,persisted resolved_inventory_item_id,c67efe42-0199-4779-8158-8113ed1b6736,c67efe42-0199-4779-8158-8113ed1b6736;f79deeac-3d7e-40ee-8853-29f7f470e703,Liquor Cage,BIALE ZINFANDEL BLACK CHICKEN Winebow 1 / 0 Case,1/1 Case,1,1,,CASE,Case,0,Pack,0, Case,0.25,0.25,0.25,0.25,116.76,116.76,,,,,,,,,,,,,,,,,,not comparable,not assessed: no May/June saved session,no_saved_session,Retain dated source evidence; no saved line exists for this batch. Do not infer one from July or August.,ea,1,,
2026-05-31,e2b10b8f-96b3-4bf5-82e4-49b337e9dc5f,f723d4d5-e957-441b-8482-43e51d2daf36,175,03177798-b8f5-49ef-93d9-ee2adb89d53c,CAMILLE DE LABRIE 2020 (6PK) 91-93JS,2703,persisted resolved_inventory_item_id,1afd5076-594d-49f3-ac1e-cc03f1e0420c,1afd5076-594d-49f3-ac1e-cc03f1e0420c;b78bf122-1a59-42b0-8d58-ca36fb112daa,Liquor Cage,CAMILLE DE LABRIE 2020 (6PK) 91-93JS Terroir Selections 6 / 0 750ML,6/1 750ML,6,1,750,ML,Case,0,Pack,0, 750ML,10,10,10,7500,140,140,,,,,,,,,,,,,,,,,,not comparable,not assessed: no May/June saved session,no_saved_session,Retain dated source evidence; no saved line exists for this batch. Do not infer one from July or August.,ml,4500,,
2026-05-31,e2b10b8f-96b3-4bf5-82e4-49b337e9dc5f,406bd7ed-1aa8-4d78-b3f0-b85e05b4d3cb,187,e7619430-991a-46b2-947e-5ce6e4721998,Captain Morgan Mini,,persisted resolved_inventory_item_id,,1236aaef-285e-4699-bb93-845253cf7677,Liquor Cage,Captain Morgan Mini  12 / 0 Case,12/10 Case,12,10,1,EA,Case,0,Pack,0, Case,0,0,0,0,0,0,,,,,,,,,,,,,,,,,,not comparable,not assessed: no May/June saved session,no_saved_session,Retain dated source evidence; no saved line exists for this batch. Do not infer one from July or August.,ea,120,,
2026-05-31,e2b10b8f-96b3-4bf5-82e4-49b337e9dc5f,bb0ba112-ecec-4fa9-a254-e44ce3bc40fd,199,676086e8-3368-4692-a429-a240c5284efd,Casamigos Mini,,persisted resolved_inventory_item_id,,c638af45-d090-40f7-bf10-490cae5c386c,Liquor Cage,Casamigos Mini  5 / 0 Case,5/12 Case,5,12,1,EA,Case,0,Pack,0, Case,0,0,0,0,0,0,,,,,,,,,,,,,,,,,,not comparable,not assessed: no May/June saved session,no_saved_session,Retain dated source evidence; no saved line exists for this batch. Do not infer one from July or August.,ea,60,,
2026-05-31,e2b10b8f-96b3-4bf5-82e4-49b337e9dc5f,d6f17e04-93a3-44c9-a8ab-1a24e44ff9fe,400,a332725a-a831-4621-a1bb-fddc8dea7b96,DUCKHORN MERLOT NAPA VLY 22 75,9744521,persisted resolved_inventory_item_id,026a29d2-4e56-497d-a4a0-d1e2faa1f28a,026a29d2-4e56-497d-a4a0-d1e2faa1f28a;985502b7-4fb6-4cb4-89f1-26df531c4019,Liquor Cage,DUCKHORN MERLOT NAPA VLY 22 75 Breakthru Beverage 1 / 0 Case,1/1 Case,1,1,,CASE,Case,0,Pack,0, Case,0.58,0.58,0.58,0.58,174,174,,,,,,,,,,,,,,,,,,not comparable,not assessed: no May/June saved session,no_saved_session,Retain dated source evidence; no saved line exists for this batch. Do not infer one from July or August.,ea,1,,
2026-05-31,e2b10b8f-96b3-4bf5-82e4-49b337e9dc5f,bc63254b-40f9-4cbc-af26-d93b587a0568,417,dfecf9b8-f6f9-4008-950f-9ab35c7eb404,FAIRBANKS SHERRY - 2005687,106811,persisted resolved_inventory_item_id,e62f59a7-e501-40cf-b389-3712cf144ef3,10b9d633-1afc-429e-ae1a-e602f363da9d;e62f59a7-e501-40cf-b389-3712cf144ef3,Liquor Cage,FAIRBANKS SHERRY - 2005687 Southern Glazer's 6 / 0 Case,6/1 Case,6,1,1,EA,Case,0,Pack,0, Case,0,0,0,0,0,0,,,,,,,,,,,,,,,,,,not comparable,not assessed: no May/June saved session,no_saved_session,Retain dated source evidence; no saved line exists for this batch. Do not infer one from July or August.,ea,6,,
2026-05-31,e2b10b8f-96b3-4bf5-82e4-49b337e9dc5f,1f7cb3e7-f689-4f5f-b16c-25479166397f,619,0fa142f0-784c-4fb7-8876-2250bc12645a,JIL COLOMBO COTE RHONE ABEILL,,persisted resolved_inventory_item_id,,d8dcafec-caf3-46f7-9bf1-ef82f6bd3eb5,Liquor Cage,JIL COLOMBO COTE RHONE ABEILL,0/0 750ML,,,,,Case,0,Pack,0, 750ML,0,0,0,0,0,0,,,,,,,,,,,,,,,,,,not comparable,not assessed: no May/June saved session,no_saved_session,Retain dated source evidence; no saved line exists for this batch. Do not infer one from July or August.,ea,1,,
2026-05-31,e2b10b8f-96b3-4bf5-82e4-49b337e9dc5f,42ccb07f-5df3-4d82-b6d7-d6d05c75b6aa,628,b85c4d77-e7d5-4585-ad40-f9e9752a572c,Johnnie Walker Mini,,persisted resolved_inventory_item_id,,9dcc716b-e9a9-4beb-967b-d0ac395a23c3,Liquor Cage,Johnnie Walker Mini  10 / 0 Case,10/12 Case,10,12,1,EA,Case,0,Pack,0, Case,0,0,0,0,0,0,,,,,,,,,,,,,,,,,,not comparable,not assessed: no May/June saved session,no_saved_session,Retain dated source evidence; no saved line exists for this batch. Do not infer one from July or August.,ea,120,,
2026-05-31,e2b10b8f-96b3-4bf5-82e4-49b337e9dc5f,436a4b13-4413-4f3d-b2a7-4d78e9c82daa,660,37a8aa7c-92d1-4366-8f4a-3e6150803c3c,Ketel One Mini,,persisted resolved_inventory_item_id,,4bded394-5ec4-4568-a6aa-5b198dc966b3,Liquor Cage,Ketel One Mini  10 / 0 Case,10/12 Case,10,12,1,EA,Case,0,Pack,0, Case,0,0,0,0,0,0,,,,,,,,,,,,,,,,,,not comparable,not assessed: no May/June saved session,no_saved_session,Retain dated source evidence; no saved line exists for this batch. Do not infer one from July or August.,ea,120,,
2026-05-31,e2b10b8f-96b3-4bf5-82e4-49b337e9dc5f,46eed338-b51b-4364-85b8-3d75815782ac,697,f25a4152-1878-4339-9cb3-762ce7cc29ec,"LA MASSA IGT TUSCAN RED 2021 (94V, 94RP)",2366,persisted resolved_inventory_item_id,5a369839-91c3-49a6-afee-773d9aa5b098,5a369839-91c3-49a6-afee-773d9aa5b098;6164ea0c-174d-4741-84a6-7d12b48cf6e7,Liquor Cage,"LA MASSA IGT TUSCAN RED 2021 (94V, 94RP) Terroir Selections 1 / 0 Case",1/1 Case,1,1,,CASE,Case,0,Pack,0, Case,0,0,0,0,0,0,,,,,,,,,,,,,,,,,,not comparable,not assessed: no May/June saved session,no_saved_session,Retain dated source evidence; no saved line exists for this batch. Do not infer one from July or August.,ea,1,,
2026-05-31,e2b10b8f-96b3-4bf5-82e4-49b337e9dc5f,be1ab4bd-4a1f-48e5-bc7a-1fa3ca18b86a,742,16db1e74-95a4-4ce9-b810-273493de3a9d,Maker's Mark,,persisted resolved_inventory_item_id,,9e06985c-0ad8-480a-88d7-f962cfd45483,Liquor Cage,Maker's Mark,0/0 LT,,,,,Case,7.7,Pack,0, LT,0,7.7,7.7,7.7,284.9,284.9,,,,,,,,,,,,,,,,,,not comparable,not assessed: no May/June saved session,no_saved_session,Retain dated source evidence; no saved line exists for this batch. Do not infer one from July or August.,ea,1,,
2026-05-31,e2b10b8f-96b3-4bf5-82e4-49b337e9dc5f,028adb7d-055b-45d6-939c-535c2e06403c,1017,9b43bfaa-8666-4a2e-bd6e-93bd80c2ac96,Stella Artois - Bottled,99682,persisted resolved_inventory_item_id,c604f5fa-2a19-46be-89af-2dc949b7546c,0f89e3ae-21da-4ef4-9975-656743392f12;c604f5fa-2a19-46be-89af-2dc949b7546c,Liquor Cage,Stella Artois - Bottled City Beverages 1 / 0 EA,1/24 EA,1,24,1,EA,Case,0,Pack,0, EA,20,20,20,20,29.03,29.03,,,,,,,,,,,,,,,,,,not comparable,not assessed: no May/June saved session,no_saved_session,Retain dated source evidence; no saved line exists for this batch. Do not infer one from July or August.,ea,24,,
2026-05-31,e2b10b8f-96b3-4bf5-82e4-49b337e9dc5f,2b5b62d6-bccc-4545-9b6d-9c0884e22ce7,1060,114eec06-b2b0-4bcb-8b28-e29361d167af,Tanqueray Mini,,persisted resolved_inventory_item_id,,c9a3aad1-dfe1-41d6-bd8e-0f020cece45b,Liquor Cage,Tanqueray Mini  12 / 0 Case,12/10 Case,12,10,1,EA,Case,0,Pack,0, Case,0,0,0,0,0,0,,,,,,,,,,,,,,,,,,not comparable,not assessed: no May/June saved session,no_saved_session,Retain dated source evidence; no saved line exists for this batch. Do not infer one from July or August.,ea,120,,
2026-05-31,e2b10b8f-96b3-4bf5-82e4-49b337e9dc5f,8c3eb990-e522-4b2d-aa51-ff850059608c,1102,b1bfe3e9-5ca7-42a8-84e3-3574e155359b,Titos,,persisted resolved_inventory_item_id,,39bd400d-ed5b-4f2f-bbdf-1bf1cc69499f,Liquor Cage,Titos,0/0 LT,,,,,Case,34,Pack,0, LT,0,34,34,34,867,867,,,,,,,,,,,,,,,,,,not comparable,not assessed: no May/June saved session,no_saved_session,Retain dated source evidence; no saved line exists for this batch. Do not infer one from July or August.,ea,1,,
2026-05-31,e2b10b8f-96b3-4bf5-82e4-49b337e9dc5f,f0edb389-0894-4d10-a1f0-120a052e96be,1104,c4b9b2ab-02e3-4640-8569-75e8f080101d,Titos Mini,,persisted resolved_inventory_item_id,,1d4acbe0-e1d9-4b00-bea9-ae2870e12710,Liquor Cage,Titos Mini  12 / 0 Case,12/5 Case,12,5,1,EA,Case,0,Pack,0, Case,0,0,0,0,0,0,,,,,,,,,,,,,,,,,,not comparable,not assessed: no May/June saved session,no_saved_session,Retain dated source evidence; no saved line exists for this batch. Do not infer one from July or August.,ea,60,,
2026-05-31,e2b10b8f-96b3-4bf5-82e4-49b337e9dc5f,f1d83327-9fff-495a-b7ad-fa295a794325,1217,03177798-b8f5-49ef-93d9-ee2adb89d53c,CAMILLE DE LABRIE 2020 (6PK) 91-93JS,2703,persisted resolved_inventory_item_id,1afd5076-594d-49f3-ac1e-cc03f1e0420c,1afd5076-594d-49f3-ac1e-cc03f1e0420c;b78bf122-1a59-42b0-8d58-ca36fb112daa,Wine Cellar,CAMILLE DE LABRIE 2020 (6PK) 91-93JS Terroir Selections 6 / 0 750ML,6/1 750ML,6,1,750,ML,Case,0,Pack,0, 750ML,2,2,2,1500,28,28,,,,,,,,,,,,,,,,,,not comparable,not assessed: no May/June saved session,no_saved_session,Retain dated source evidence; no saved line exists for this batch. Do not infer one from July or August.,ml,4500,,
2026-05-31,e2b10b8f-96b3-4bf5-82e4-49b337e9dc5f,083b17c7-331c-4cff-a464-cc1d2acf2bcc,1293,a332725a-a831-4621-a1bb-fddc8dea7b96,DUCKHORN MERLOT NAPA VLY 22 75,9744521,persisted resolved_inventory_item_id,026a29d2-4e56-497d-a4a0-d1e2faa1f28a,026a29d2-4e56-497d-a4a0-d1e2faa1f28a;985502b7-4fb6-4cb4-89f1-26df531c4019,Wine Cellar,DUCKHORN MERLOT NAPA VLY 22 75 Breakthru Beverage 1 / 0 Case,1/1 Case,1,1,,CASE,Case,0,Pack,0, Case,0.16,0.16,0.16,0.16,48,48,,,,,,,,,,,,,,,,,,not comparable,not assessed: no May/June saved session,no_saved_session,Retain dated source evidence; no saved line exists for this batch. Do not infer one from July or August.,ea,1,,
2026-05-31,e2b10b8f-96b3-4bf5-82e4-49b337e9dc5f,f9cdaf7f-7a65-4bec-bbc0-e50bd3b6b2e7,1384,f25a4152-1878-4339-9cb3-762ce7cc29ec,"LA MASSA IGT TUSCAN RED 2021 (94V, 94RP)",2366,persisted resolved_inventory_item_id,5a369839-91c3-49a6-afee-773d9aa5b098,5a369839-91c3-49a6-afee-773d9aa5b098;6164ea0c-174d-4741-84a6-7d12b48cf6e7,Wine Cellar,"LA MASSA IGT TUSCAN RED 2021 (94V, 94RP) Terroir Selections 1 / 0 Case",1/1 Case,1,1,,CASE,Case,0,Pack,0, Case,0.08,0.08,0.08,0.08,24,24,,,,,,,,,,,,,,,,,,not comparable,not assessed: no May/June saved session,no_saved_session,Retain dated source evidence; no saved line exists for this batch. Do not infer one from July or August.,ea,1,,
2026-05-31,e2b10b8f-96b3-4bf5-82e4-49b337e9dc5f,3129d256-a839-4cdc-b2fb-71f9b5d49165,1570,03177798-b8f5-49ef-93d9-ee2adb89d53c,CAMILLE DE LABRIE 2020 (6PK) 91-93JS,2703,persisted resolved_inventory_item_id,1afd5076-594d-49f3-ac1e-cc03f1e0420c,1afd5076-594d-49f3-ac1e-cc03f1e0420c;b78bf122-1a59-42b0-8d58-ca36fb112daa,Bay Window Bar,CAMILLE DE LABRIE 2020 (6PK) 91-93JS Terroir Selections 6 / 0 750ML,6/1 750ML,6,1,750,ML,Case,0,Pack,0, 750ML,1.7,1.7,1.7,1275,23.8,23.8,,,,,,,,,,,,,,,,,,not comparable,not assessed: no May/June saved session,no_saved_session,Retain dated source evidence; no saved line exists for this batch. Do not infer one from July or August.,ml,4500,,
2026-05-31,e2b10b8f-96b3-4bf5-82e4-49b337e9dc5f,7d272bcd-973f-47de-b12a-cae7a7cddd43,1591,aeb4321b-58b5-4b40-ab92-3639d9f63beb,Corona - Light - Bottled,10163,persisted resolved_inventory_item_id,289d17bf-485d-407d-a658-7b27b742a01c,0e19d40b-5420-453b-a874-ce7fb9ba9b76;289d17bf-485d-407d-a658-7b27b742a01c,Bay Window Bar,Corona - Light - Bottled Reyes Beer Division (PA) 24 / 0 EA,24/1 EA,24,1,1,EA,Case,0,Pack,0, EA,0,0,0,0,0,0,,,,,,,,,,,,,,,,,,not comparable,not assessed: no May/June saved session,no_saved_session,Retain dated source evidence; no saved line exists for this batch. Do not infer one from July or August.,ea,24,,
2026-05-31,e2b10b8f-96b3-4bf5-82e4-49b337e9dc5f,93bb3e99-200c-4755-bb43-8d5611a8c1bd,1620,09f21d3a-2dd9-4904-b944-6db46bf851fd,Grapefruit juice white,10137744,persisted resolved_inventory_item_id,699c26ca-340e-4ccf-9411-d0f1f38c8d9d,699c26ca-340e-4ccf-9411-d0f1f38c8d9d;a3a4bbc6-dd93-4c78-996e-aed13d2410fc,Bay Window Bar,Grapefruit juice white Cheney Brothers 1 / 0 Case,1/24 Case,1,24,1,EA,Case,0,Pack,0, Case,0,0,0,0,0,0,,,,,,,,,,,,,,,,,,not comparable,not assessed: no May/June saved session,no_saved_session,Retain dated source evidence; no saved line exists for this batch. Do not infer one from July or August.,ea,24,,
2026-05-31,e2b10b8f-96b3-4bf5-82e4-49b337e9dc5f,66481b16-e388-4e3f-802d-c1ca4ae0b88a,1624,4a041460-67e5-47c1-9a71-1b5fc1496331,guinness zero,,persisted resolved_inventory_item_id,,565f4e18-1086-4d22-9291-49c029f67e79,Bay Window Bar,guinness zero,0/0 EA,,,,,Case,0,Pack,0, EA,0,0,0,0,0,0,,,,,,,,,,,,,,,,,,not comparable,not assessed: no May/June saved session,no_saved_session,Retain dated source evidence; no saved line exists for this batch. Do not infer one from July or August.,ea,1,,
2026-05-31,e2b10b8f-96b3-4bf5-82e4-49b337e9dc5f,5d74a7c6-b844-4adb-b317-5541435f691c,1655,16db1e74-95a4-4ce9-b810-273493de3a9d,Maker's Mark,,persisted resolved_inventory_item_id,,9e06985c-0ad8-480a-88d7-f962cfd45483,Bay Window Bar,Maker's Mark,0/0 LT,,,,,Case,0,Pack,0, LT,0,0,0,0,0,0,,,,,,,,,,,,,,,,,,not comparable,not assessed: no May/June saved session,no_saved_session,Retain dated source evidence; no saved line exists for this batch. Do not infer one from July or August.,ea,1,,
2026-05-31,e2b10b8f-96b3-4bf5-82e4-49b337e9dc5f,82eda887-3730-414d-9993-74e7718a40e7,1703,9b43bfaa-8666-4a2e-bd6e-93bd80c2ac96,Stella Artois - Bottled,99682,persisted resolved_inventory_item_id,c604f5fa-2a19-46be-89af-2dc949b7546c,0f89e3ae-21da-4ef4-9975-656743392f12;c604f5fa-2a19-46be-89af-2dc949b7546c,Bay Window Bar,Stella Artois - Bottled City Beverages 1 / 0 EA,1/24 EA,1,24,1,EA,Case,0,Pack,0, EA,11,11,11,11,15.97,15.97,,,,,,,,,,,,,,,,,,not comparable,not assessed: no May/June saved session,no_saved_session,Retain dated source evidence; no saved line exists for this batch. Do not infer one from July or August.,ea,24,,
2026-05-31,e2b10b8f-96b3-4bf5-82e4-49b337e9dc5f,bf646e97-fc4a-417d-adb4-621747933c26,1719,b1bfe3e9-5ca7-42a8-84e3-3574e155359b,Titos,,persisted resolved_inventory_item_id,,39bd400d-ed5b-4f2f-bbdf-1bf1cc69499f,Bay Window Bar,Titos,0/0 LT,,,,,Case,2,Pack,0, LT,0,2,2,2,51,51,,,,,,,,,,,,,,,,,,not comparable,not assessed: no May/June saved session,no_saved_session,Retain dated source evidence; no saved line exists for this batch. Do not infer one from July or August.,ea,1,,
2026-05-31,e2b10b8f-96b3-4bf5-82e4-49b337e9dc5f,d7e85a68-f48f-4ac7-9a9d-96ad0952435b,1764,ebc6688b-fe9b-4f2e-b12f-7ef33b6c5a3e,CAPPUCCINO CREAMER Busy bean,30001,persisted resolved_inventory_item_id,afae66e7-bfaa-4b05-9ba3-c867dcc1ba91,287ba8ef-e5f4-4c5b-8fa7-80ea681756f3;afae66e7-bfaa-4b05-9ba3-c867dcc1ba91,Mens Locker Room,CAPPUCCINO CREAMER Busy bean Busy Bean Coffee 1 / 0 Case,1/1 Case,1,1,,CASE,Case,0,Pack,0, Case,0,0,0,0,0,0,,,,,,,,,,,,,,,,,,not comparable,not assessed: no May/June saved session,no_saved_session,Retain dated source evidence; no saved line exists for this batch. Do not infer one from July or August.,ea,1,,
2026-05-31,e2b10b8f-96b3-4bf5-82e4-49b337e9dc5f,56430ca7-6eef-4e5a-94c9-e2b95df43a32,1771,b7d1e7af-ebb1-410f-96da-f2e7e9b52d6c,Celery,cel36,persisted resolved_inventory_item_id,,e16497fc-9aa7-45f0-98b8-7fd0c6a375c9,Mens Locker Room,"Celery Harvill's Produce Co., Inc. 1 / 0 EA",1/36 EA,1,36,1,EA,Case,0,Pack,0, EA,0,0,0,0,0,0,,,,,,,,,,,,,,,,,,not comparable,not assessed: no May/June saved session,no_saved_session,Retain dated source evidence; no saved line exists for this batch. Do not infer one from July or August.,ea,36,,
2026-05-31,e2b10b8f-96b3-4bf5-82e4-49b337e9dc5f,dfa4ab52-bf6d-47d2-b316-38993557d102,1789,aeb4321b-58b5-4b40-ab92-3639d9f63beb,Corona - Light - Bottled,10163,persisted resolved_inventory_item_id,289d17bf-485d-407d-a658-7b27b742a01c,0e19d40b-5420-453b-a874-ce7fb9ba9b76;289d17bf-485d-407d-a658-7b27b742a01c,Mens Locker Room,Corona - Light - Bottled Reyes Beer Division (PA) 24 / 0 EA,24/1 EA,24,1,1,EA,Case,0,Pack,0, EA,0,0,0,0,0,0,,,,,,,,,,,,,,,,,,not comparable,not assessed: no May/June saved session,no_saved_session,Retain dated source evidence; no saved line exists for this batch. Do not infer one from July or August.,ea,24,,
2026-05-31,e2b10b8f-96b3-4bf5-82e4-49b337e9dc5f,22523b74-f4e1-4751-a252-cc279b61ef6e,1835,09f21d3a-2dd9-4904-b944-6db46bf851fd,Grapefruit juice white,10137744,persisted resolved_inventory_item_id,699c26ca-340e-4ccf-9411-d0f1f38c8d9d,699c26ca-340e-4ccf-9411-d0f1f38c8d9d;a3a4bbc6-dd93-4c78-996e-aed13d2410fc,Mens Locker Room,Grapefruit juice white Cheney Brothers 1 / 0 Case,1/24 Case,1,24,1,EA,Case,0,Pack,0, Case,0,0,0,0,0,0,,,,,,,,,,,,,,,,,,not comparable,not assessed: no May/June saved session,no_saved_session,Retain dated source evidence; no saved line exists for this batch. Do not infer one from July or August.,ea,24,,
2026-05-31,e2b10b8f-96b3-4bf5-82e4-49b337e9dc5f,798233d9-d284-4346-85b1-0293a1db423b,1944,9b43bfaa-8666-4a2e-bd6e-93bd80c2ac96,Stella Artois - Bottled,99682,persisted resolved_inventory_item_id,c604f5fa-2a19-46be-89af-2dc949b7546c,0f89e3ae-21da-4ef4-9975-656743392f12;c604f5fa-2a19-46be-89af-2dc949b7546c,Mens Locker Room,Stella Artois - Bottled City Beverages 1 / 0 EA,1/24 EA,1,24,1,EA,Case,0,Pack,0, EA,14,14,14,14,20.32,20.32,,,,,,,,,,,,,,,,,,not comparable,not assessed: no May/June saved session,no_saved_session,Retain dated source evidence; no saved line exists for this batch. Do not infer one from July or August.,ea,24,,
2026-05-31,e2b10b8f-96b3-4bf5-82e4-49b337e9dc5f,df42e373-a37b-41bc-9922-8036e1abc6e7,1954,816f766a-c8cb-4786-8dae-f08b8223e588,TEA TWININGS ENGLISH BRKFST 6/,27032,persisted resolved_inventory_item_id,2d8e7bae-c368-47e9-b91e-af2cbee6938c,2322a356-6633-4bae-acd7-aaf5ac5feda6;2d8e7bae-c368-47e9-b91e-af2cbee6938c,Mens Locker Room,TEA TWININGS ENGLISH BRKFST 6/ Community Coffee 1 / 0 Case,1/1 Case,1,1,,CASE,Case,0,Pack,0, Case,0,0,0,0,0,0,,,,,,,,,,,,,,,,,,not comparable,not assessed: no May/June saved session,no_saved_session,Retain dated source evidence; no saved line exists for this batch. Do not infer one from July or August.,ea,1,,
2026-05-31,e2b10b8f-96b3-4bf5-82e4-49b337e9dc5f,36c420d4-d7d4-4a8e-8177-57d6f343771f,1959,b1bfe3e9-5ca7-42a8-84e3-3574e155359b,Titos,,persisted resolved_inventory_item_id,,39bd400d-ed5b-4f2f-bbdf-1bf1cc69499f,Mens Locker Room,Titos,0/0 LT,,,,,Case,7.5,Pack,0, LT,0,7.5,7.5,7.5,191.25,191.25,,,,,,,,,,,,,,,,,,not comparable,not assessed: no May/June saved session,no_saved_session,Retain dated source evidence; no saved line exists for this batch. Do not infer one from July or August.,ea,1,,
2026-05-31,e2b10b8f-96b3-4bf5-82e4-49b337e9dc5f,201492f0-fd60-4a49-b836-7796eb919a5c,2016,03177798-b8f5-49ef-93d9-ee2adb89d53c,CAMILLE DE LABRIE 2020 (6PK) 91-93JS,2703,persisted resolved_inventory_item_id,1afd5076-594d-49f3-ac1e-cc03f1e0420c,1afd5076-594d-49f3-ac1e-cc03f1e0420c;b78bf122-1a59-42b0-8d58-ca36fb112daa,Member Lounge,CAMILLE DE LABRIE 2020 (6PK) 91-93JS Terroir Selections 6 / 0 750ML,6/1 750ML,6,1,750,ML,Case,0,Pack,0, 750ML,0,0,0,0,0,0,,,,,,,,,,,,,,,,,,not comparable,not assessed: no May/June saved session,no_saved_session,Retain dated source evidence; no saved line exists for this batch. Do not infer one from July or August.,ml,4500,,
2026-05-31,e2b10b8f-96b3-4bf5-82e4-49b337e9dc5f,848e4a5c-39c6-413a-b2c8-2c38fe82e2af,2040,aeb4321b-58b5-4b40-ab92-3639d9f63beb,Corona - Light - Bottled,10163,persisted resolved_inventory_item_id,289d17bf-485d-407d-a658-7b27b742a01c,0e19d40b-5420-453b-a874-ce7fb9ba9b76;289d17bf-485d-407d-a658-7b27b742a01c,Member Lounge,Corona - Light - Bottled Reyes Beer Division (PA) 24 / 0 EA,24/1 EA,24,1,1,EA,Case,0,Pack,0, EA,0,0,0,0,0,0,,,,,,,,,,,,,,,,,,not comparable,not assessed: no May/June saved session,no_saved_session,Retain dated source evidence; no saved line exists for this batch. Do not infer one from July or August.,ea,24,,
2026-05-31,e2b10b8f-96b3-4bf5-82e4-49b337e9dc5f,1baab08c-3ec9-4431-ac26-97fc1906e488,2095,09f21d3a-2dd9-4904-b944-6db46bf851fd,Grapefruit juice white,10137744,persisted resolved_inventory_item_id,699c26ca-340e-4ccf-9411-d0f1f38c8d9d,699c26ca-340e-4ccf-9411-d0f1f38c8d9d;a3a4bbc6-dd93-4c78-996e-aed13d2410fc,Member Lounge,Grapefruit juice white Cheney Brothers 1 / 0 Case,1/24 Case,1,24,1,EA,Case,0,Pack,0, Case,0,0,0,0,0,0,,,,,,,,,,,,,,,,,,not comparable,not assessed: no May/June saved session,no_saved_session,Retain dated source evidence; no saved line exists for this batch. Do not infer one from July or August.,ea,24,,
2026-05-31,e2b10b8f-96b3-4bf5-82e4-49b337e9dc5f,24fe3e3e-944b-4622-8c2c-2c8cbf6ae3ce,2151,16db1e74-95a4-4ce9-b810-273493de3a9d,Maker's Mark,,persisted resolved_inventory_item_id,,9e06985c-0ad8-480a-88d7-f962cfd45483,Member Lounge,Maker's Mark,0/0 LT,,,,,Case,0,Pack,0, LT,0,0,0,0,0,0,,,,,,,,,,,,,,,,,,not comparable,not assessed: no May/June saved session,no_saved_session,Retain dated source evidence; no saved line exists for this batch. Do not infer one from July or August.,ea,1,,
2026-05-31,e2b10b8f-96b3-4bf5-82e4-49b337e9dc5f,021063a3-b6f8-45c7-b99a-698c8e7db1a3,2217,9b43bfaa-8666-4a2e-bd6e-93bd80c2ac96,Stella Artois - Bottled,99682,persisted resolved_inventory_item_id,c604f5fa-2a19-46be-89af-2dc949b7546c,0f89e3ae-21da-4ef4-9975-656743392f12;c604f5fa-2a19-46be-89af-2dc949b7546c,Member Lounge,Stella Artois - Bottled City Beverages 1 / 0 EA,1/24 EA,1,24,1,EA,Case,0,Pack,0, EA,12,12,12,12,17.42,17.42,,,,,,,,,,,,,,,,,,not comparable,not assessed: no May/June saved session,no_saved_session,Retain dated source evidence; no saved line exists for this batch. Do not infer one from July or August.,ea,24,,
2026-05-31,e2b10b8f-96b3-4bf5-82e4-49b337e9dc5f,2658503d-2dcc-42fe-b4f8-c2127fa7fdc3,2233,b1bfe3e9-5ca7-42a8-84e3-3574e155359b,Titos,,persisted resolved_inventory_item_id,,39bd400d-ed5b-4f2f-bbdf-1bf1cc69499f,Member Lounge,Titos,0/0 LT,,,,,Case,0.9,Pack,0, LT,0,0.9,0.9,0.9,22.95,22.95,,,,,,,,,,,,,,,,,,not comparable,not assessed: no May/June saved session,no_saved_session,Retain dated source evidence; no saved line exists for this batch. Do not infer one from July or August.,ea,1,,
2026-05-31,e2b10b8f-96b3-4bf5-82e4-49b337e9dc5f,eb62cfc4-9819-448c-a819-c9374ffd0d09,2254,e5e23d06-d348-43bd-af0d-1f74b255424d,Asst Lays Chips,6586721,persisted resolved_inventory_item_id,3879c62b-62e2-4f31-98cd-f3b32d1b0cab,3879c62b-62e2-4f31-98cd-f3b32d1b0cab;77185373-c871-473d-9fd5-68f0819e6647,Pool Cafe,Asst Lays Chips Sysco 1 / 0 EA,1/60 EA,1,60,1,EA,Case,0,Pack,0, EA,0,0,0,0,0,0,,,,,,,,,,,,,,,,,,not comparable,not assessed: no May/June saved session,no_saved_session,Retain dated source evidence; no saved line exists for this batch. Do not infer one from July or August.,ea,60,1,60
2026-05-31,e2b10b8f-96b3-4bf5-82e4-49b337e9dc5f,c464fa11-1e20-440d-8f80-572916ca60ed,2322,09f21d3a-2dd9-4904-b944-6db46bf851fd,Grapefruit juice white,10137744,persisted resolved_inventory_item_id,699c26ca-340e-4ccf-9411-d0f1f38c8d9d,699c26ca-340e-4ccf-9411-d0f1f38c8d9d;a3a4bbc6-dd93-4c78-996e-aed13d2410fc,Pool Cafe,Grapefruit juice white Cheney Brothers 1 / 0 Case,1/24 Case,1,24,1,EA,Case,0,Pack,0, Case,0,0,0,0,0,0,,,,,,,,,,,,,,,,,,not comparable,not assessed: no May/June saved session,no_saved_session,Retain dated source evidence; no saved line exists for this batch. Do not infer one from July or August.,ea,24,,
2026-05-31,e2b10b8f-96b3-4bf5-82e4-49b337e9dc5f,b8052c46-4f9f-43a0-bd26-290a676458e5,2325,4a041460-67e5-47c1-9a71-1b5fc1496331,guinness zero,,persisted resolved_inventory_item_id,,565f4e18-1086-4d22-9291-49c029f67e79,Pool Cafe,guinness zero,0/0 EA,,,,,Case,0,Pack,0, EA,0,0,0,0,0,0,,,,,,,,,,,,,,,,,,not comparable,not assessed: no May/June saved session,no_saved_session,Retain dated source evidence; no saved line exists for this batch. Do not infer one from July or August.,ea,1,,
2026-05-31,e2b10b8f-96b3-4bf5-82e4-49b337e9dc5f,f7a0736f-807b-4f9d-beeb-777e0ac9c7dc,2363,16db1e74-95a4-4ce9-b810-273493de3a9d,Maker's Mark,,persisted resolved_inventory_item_id,,9e06985c-0ad8-480a-88d7-f962cfd45483,Pool Cafe,Maker's Mark,0/0 LT,,,,,Case,0,Pack,0, LT,0,0,0,0,0,0,,,,,,,,,,,,,,,,,,not comparable,not assessed: no May/June saved session,no_saved_session,Retain dated source evidence; no saved line exists for this batch. Do not infer one from July or August.,ea,1,,
2026-05-31,e2b10b8f-96b3-4bf5-82e4-49b337e9dc5f,02eb4b36-346a-450e-9954-1317b7d4a470,2377,407fb1d4-ba99-4657-9f30-554419d96c02,Muffin,322052,persisted resolved_inventory_item_id,fb8c0960-1cf8-4b1e-b48b-fb24fe70417d,7e52f365-d163-4c96-a589-ff6dfddbc865;fb8c0960-1cf8-4b1e-b48b-fb24fe70417d,Pool Cafe,Muffin Cheney Brothers 24 / 0 OZ,24/4 OZ,24,4,1,OZ,Case,0,Pack,0, OZ,0,0,0,0,0,0,,,,,,,,,,,,,,,,,,not comparable,not assessed: no May/June saved session,no_saved_session,Retain dated source evidence; no saved line exists for this batch. Do not infer one from July or August.,oz,96,,
2026-05-31,e2b10b8f-96b3-4bf5-82e4-49b337e9dc5f,a06192f3-9d35-45fb-94c9-95d96ebc037b,2422,9b43bfaa-8666-4a2e-bd6e-93bd80c2ac96,Stella Artois - Bottled,99682,persisted resolved_inventory_item_id,c604f5fa-2a19-46be-89af-2dc949b7546c,0f89e3ae-21da-4ef4-9975-656743392f12;c604f5fa-2a19-46be-89af-2dc949b7546c,Pool Cafe,Stella Artois - Bottled City Beverages 1 / 0 EA,1/24 EA,1,24,1,EA,Case,0,Pack,0, EA,17,17,17,17,24.68,24.68,,,,,,,,,,,,,,,,,,not comparable,not assessed: no May/June saved session,no_saved_session,Retain dated source evidence; no saved line exists for this batch. Do not infer one from July or August.,ea,24,,
2026-05-31,e2b10b8f-96b3-4bf5-82e4-49b337e9dc5f,8d00c230-5cf3-4d49-96eb-91d72153ce7d,2431,b1bfe3e9-5ca7-42a8-84e3-3574e155359b,Titos,,persisted resolved_inventory_item_id,,39bd400d-ed5b-4f2f-bbdf-1bf1cc69499f,Pool Cafe,Titos,0/0 LT,,,,,Case,0.9,Pack,0, LT,0,0.9,0.9,0.9,22.95,22.95,,,,,,,,,,,,,,,,,,not comparable,not assessed: no May/June saved session,no_saved_session,Retain dated source evidence; no saved line exists for this batch. Do not infer one from July or August.,ea,1,,
2026-05-31,e2b10b8f-96b3-4bf5-82e4-49b337e9dc5f,acbf89be-c9f0-4b30-a16f-58e19748b598,2447,832f40cc-032b-44ff-a0b6-52e66eaf344c,Apples - Red Delicious,APPRD88HF,persisted resolved_inventory_item_id,e01a19b3-9d23-43b0-aab6-5680d30e8ebc,103efd00-089d-4599-b9bb-938267dac6f0;e01a19b3-9d23-43b0-aab6-5680d30e8ebc,Halfway House,"Apples - Red Delicious Harvill's Produce Co., Inc. 1 / 0 EA",1/40 EA,1,40,1,EA,Case,0.15,Pack,0, EA,0,6,6,6,2.94,2.94,,,,,,,,,,,,,,,,,,not comparable,not assessed: no May/June saved session,no_saved_session,Retain dated source evidence; no saved line exists for this batch. Do not infer one from July or August.,ea,40,,
2026-05-31,e2b10b8f-96b3-4bf5-82e4-49b337e9dc5f,3874c8d0-da17-446b-bc00-bfbf21cc18ef,2449,e5e23d06-d348-43bd-af0d-1f74b255424d,Asst Lays Chips,6586721,persisted resolved_inventory_item_id,3879c62b-62e2-4f31-98cd-f3b32d1b0cab,3879c62b-62e2-4f31-98cd-f3b32d1b0cab;77185373-c871-473d-9fd5-68f0819e6647,Halfway House,Asst Lays Chips Sysco 1 / 0 EA,1/60 EA,1,60,1,EA,Case,1,Pack,0, EA,0,60,60,60,40.96,40.96,,,,,,,,,,,,,,,,,,not comparable,not assessed: no May/June saved session,no_saved_session,Retain dated source evidence; no saved line exists for this batch. Do not infer one from July or August.,ea,60,1,60
2026-05-31,e2b10b8f-96b3-4bf5-82e4-49b337e9dc5f,b3b962be-ac53-41aa-b155-299409a745ea,2450,6f29f473-0934-4677-8dd9-10a601367897,Bacardi Mini,,persisted resolved_inventory_item_id,,8513bef9-b61f-411b-8598-ce14e4dff571,Halfway House,Bacardi Mini  12 / 0 Case,12/10 Case,12,10,1,EA,Case,0,Pack,0, Case,50,50,50,50,51,51,,,,,,,,,,,,,,,,,,not comparable,not assessed: no May/June saved session,no_saved_session,Retain dated source evidence; no saved line exists for this batch. Do not infer one from July or August.,ea,120,,
2026-05-31,e2b10b8f-96b3-4bf5-82e4-49b337e9dc5f,933c1a74-72aa-48e2-96ee-6840948a0736,2464,e7619430-991a-46b2-947e-5ce6e4721998,Captain Morgan Mini,,persisted resolved_inventory_item_id,,1236aaef-285e-4699-bb93-845253cf7677,Halfway House,Captain Morgan Mini  12 / 0 Case,12/10 Case,12,10,1,EA,Case,0,Pack,0, Case,88,88,88,88,86.24,86.24,,,,,,,,,,,,,,,,,,not comparable,not assessed: no May/June saved session,no_saved_session,Retain dated source evidence; no saved line exists for this batch. Do not infer one from July or August.,ea,120,,
2026-05-31,e2b10b8f-96b3-4bf5-82e4-49b337e9dc5f,1e17c5dc-d77d-4504-a3f0-093fdc86d82d,2466,676086e8-3368-4692-a429-a240c5284efd,Casamigos Mini,,persisted resolved_inventory_item_id,,c638af45-d090-40f7-bf10-490cae5c386c,Halfway House,Casamigos Mini  5 / 0 Case,5/12 Case,5,12,1,EA,Case,0,Pack,0, Case,129,129,129,129,539.65,539.65,,,,,,,,,,,,,,,,,,not comparable,not assessed: no May/June saved session,no_saved_session,Retain dated source evidence; no saved line exists for this batch. Do not infer one from July or August.,ea,60,,
2026-05-31,e2b10b8f-96b3-4bf5-82e4-49b337e9dc5f,82a25b32-9068-413b-ac30-49e3e3f8be63,2470,1a774f54-8a64-4594-9477-45379b58a87b,Chocolate Chip Cookie Dough,308130,persisted resolved_inventory_item_id,0ba8d615-c812-4e95-b365-e145620e1cb2,0ba8d615-c812-4e95-b365-e145620e1cb2;24c31a09-45b4-445a-9c54-cd32c166b290,Halfway House,Chocolate Chip Cookie Dough Cheney Brothers 80 / 0 OZ,80/4.5 OZ,80,4.5,1,OZ,Case,0,Pack,0, OZ,6,6,6,6,1.65,1.65,,,,,,,,,,,,,,,,,,not comparable,not assessed: no May/June saved session,no_saved_session,Retain dated source evidence; no saved line exists for this batch. Do not infer one from July or August.,oz,360,,
2026-05-31,e2b10b8f-96b3-4bf5-82e4-49b337e9dc5f,bb1cee5b-3c6f-4b10-a0fb-a46da8b24a21,2512,09f21d3a-2dd9-4904-b944-6db46bf851fd,Grapefruit juice white,10137744,persisted resolved_inventory_item_id,699c26ca-340e-4ccf-9411-d0f1f38c8d9d,699c26ca-340e-4ccf-9411-d0f1f38c8d9d;a3a4bbc6-dd93-4c78-996e-aed13d2410fc,Halfway House,Grapefruit juice white Cheney Brothers 1 / 0 Case,1/24 Case,1,24,1,EA,Case,0,Pack,0, Case,0,0,0,0,0,0,,,,,,,,,,,,,,,,,,not comparable,not assessed: no May/June saved session,no_saved_session,Retain dated source evidence; no saved line exists for this batch. Do not infer one from July or August.,ea,24,,
2026-05-31,e2b10b8f-96b3-4bf5-82e4-49b337e9dc5f,94cc526d-d280-4b3a-8f6e-5a4b4167a3f0,2514,4a041460-67e5-47c1-9a71-1b5fc1496331,guinness zero,,persisted resolved_inventory_item_id,,565f4e18-1086-4d22-9291-49c029f67e79,Halfway House,guinness zero,0/0 EA,,,,,Case,0,Pack,0, EA,0,0,0,0,0,0,,,,,,,,,,,,,,,,,,not comparable,not assessed: no May/June saved session,no_saved_session,Retain dated source evidence; no saved line exists for this batch. Do not infer one from July or August.,ea,1,,
2026-05-31,e2b10b8f-96b3-4bf5-82e4-49b337e9dc5f,8a225b8d-2a4b-4137-b3b2-9421434d530a,2531,b85c4d77-e7d5-4585-ad40-f9e9752a572c,Johnnie Walker Mini,,persisted resolved_inventory_item_id,,9dcc716b-e9a9-4beb-967b-d0ac395a23c3,Halfway House,Johnnie Walker Mini  10 / 0 Case,10/12 Case,10,12,1,EA,Case,0,Pack,0, Case,0,0,0,0,0,0,,,,,,,,,,,,,,,,,,not comparable,not assessed: no May/June saved session,no_saved_session,Retain dated source evidence; no saved line exists for this batch. Do not infer one from July or August.,ea,120,,
2026-05-31,e2b10b8f-96b3-4bf5-82e4-49b337e9dc5f,b1463634-632c-490e-be17-36e704731af4,2536,37a8aa7c-92d1-4366-8f4a-3e6150803c3c,Ketel One Mini,,persisted resolved_inventory_item_id,,4bded394-5ec4-4568-a6aa-5b198dc966b3,Halfway House,Ketel One Mini  10 / 0 Case,10/12 Case,10,12,1,EA,Case,0,Pack,0, Case,261,261,261,261,652.5,652.5,,,,,,,,,,,,,,,,,,not comparable,not assessed: no May/June saved session,no_saved_session,Retain dated source evidence; no saved line exists for this batch. Do not infer one from July or August.,ea,120,,
2026-05-31,e2b10b8f-96b3-4bf5-82e4-49b337e9dc5f,0ad178da-3a4d-467a-bee4-f00741c22890,2547,2082515d-2b87-4407-b413-1362165c524f,Milk - Whole,10174634,persisted resolved_inventory_item_id,db6d748f-7428-433f-b1f3-a8f339886cf0,db6d748f-7428-433f-b1f3-a8f339886cf0;e29b86d4-b302-4e02-99fa-a95e2d170086,Halfway House,Milk - Whole Cheney Brothers 4 / 0 GAL,4/1 GAL,4,1,1,GAL,Case,0.25,Pack,0, GAL,0,1,1,1,6.77,6.77,,,,,,,,,,,,,,,,,,not comparable,not assessed: no May/June saved session,no_saved_session,Retain dated source evidence; no saved line exists for this batch. Do not infer one from July or August.,ml,15141.64,,
2026-05-31,e2b10b8f-96b3-4bf5-82e4-49b337e9dc5f,8c228659-9986-4ccc-ab9a-1d1ca1a95aee,2550,407fb1d4-ba99-4657-9f30-554419d96c02,Muffin,322052,persisted resolved_inventory_item_id,fb8c0960-1cf8-4b1e-b48b-fb24fe70417d,7e52f365-d163-4c96-a589-ff6dfddbc865;fb8c0960-1cf8-4b1e-b48b-fb24fe70417d,Halfway House,Muffin Cheney Brothers 24 / 0 OZ,24/4 OZ,24,4,1,OZ,Case,0.15,Pack,0, OZ,0,3.6,3.6,14.4,4.52,4.52,,,,,,,,,,,,,,,,,,not comparable,not assessed: no May/June saved session,no_saved_session,Retain dated source evidence; no saved line exists for this batch. Do not infer one from July or August.,oz,96,,
2026-05-31,e2b10b8f-96b3-4bf5-82e4-49b337e9dc5f,ced04c3e-ff72-48eb-afe8-21a917f40ba0,2585,9b43bfaa-8666-4a2e-bd6e-93bd80c2ac96,Stella Artois - Bottled,99682,persisted resolved_inventory_item_id,c604f5fa-2a19-46be-89af-2dc949b7546c,0f89e3ae-21da-4ef4-9975-656743392f12;c604f5fa-2a19-46be-89af-2dc949b7546c,Halfway House,Stella Artois - Bottled City Beverages 1 / 0 EA,1/24 EA,1,24,1,EA,Case,0,Pack,0, EA,53,53,53,53,76.94,76.94,,,,,,,,,,,,,,,,,,not comparable,not assessed: no May/June saved session,no_saved_session,Retain dated source evidence; no saved line exists for this batch. Do not infer one from July or August.,ea,24,,
2026-05-31,e2b10b8f-96b3-4bf5-82e4-49b337e9dc5f,5e30ffb1-9352-49de-9a33-9359a2dbd5b8,2593,114eec06-b2b0-4bcb-8b28-e29361d167af,Tanqueray Mini,,persisted resolved_inventory_item_id,,c9a3aad1-dfe1-41d6-bd8e-0f020cece45b,Halfway House,Tanqueray Mini  12 / 0 Case,12/10 Case,12,10,1,EA,Case,0,Pack,0, Case,117,117,117,117,195.39,195.39,,,,,,,,,,,,,,,,,,not comparable,not assessed: no May/June saved session,no_saved_session,Retain dated source evidence; no saved line exists for this batch. Do not infer one from July or August.,ea,120,,
2026-05-31,e2b10b8f-96b3-4bf5-82e4-49b337e9dc5f,b151038f-8043-4ce3-8d6f-0de7d50a862f,2596,c4b9b2ab-02e3-4640-8569-75e8f080101d,Titos Mini,,persisted resolved_inventory_item_id,,1d4acbe0-e1d9-4b00-bea9-ae2870e12710,Halfway House,Titos Mini  12 / 0 Case,12/5 Case,12,5,1,EA,Case,0,Pack,0, Case,0,0,0,0,0,0,,,,,,,,,,,,,,,,,,not comparable,not assessed: no May/June saved session,no_saved_session,Retain dated source evidence; no saved line exists for this batch. Do not infer one from July or August.,ea,60,,
2026-05-31,e2b10b8f-96b3-4bf5-82e4-49b337e9dc5f,9adf0778-901d-4101-8ab9-b7000e63d76f,2649,aeb4321b-58b5-4b40-ab92-3639d9f63beb,Corona - Light - Bottled,10163,persisted resolved_inventory_item_id,289d17bf-485d-407d-a658-7b27b742a01c,0e19d40b-5420-453b-a874-ce7fb9ba9b76;289d17bf-485d-407d-a658-7b27b742a01c,Grill Room,Corona - Light - Bottled Reyes Beer Division (PA) 24 / 0 EA,24/1 EA,24,1,1,EA,Case,0,Pack,0, EA,0,0,0,0,0,0,,,,,,,,,,,,,,,,,,not comparable,not assessed: no May/June saved session,no_saved_session,Retain dated source evidence; no saved line exists for this batch. Do not infer one from July or August.,ea,24,,
2026-05-31,e2b10b8f-96b3-4bf5-82e4-49b337e9dc5f,2675bc96-83a3-484e-ba06-a8b4560dc2c9,2674,4a041460-67e5-47c1-9a71-1b5fc1496331,guinness zero,,persisted resolved_inventory_item_id,,565f4e18-1086-4d22-9291-49c029f67e79,Grill Room,guinness zero,0/0 EA,,,,,Case,0,Pack,0, EA,0,0,0,0,0,0,,,,,,,,,,,,,,,,,,not comparable,not assessed: no May/June saved session,no_saved_session,Retain dated source evidence; no saved line exists for this batch. Do not infer one from July or August.,ea,1,,
2026-05-31,e2b10b8f-96b3-4bf5-82e4-49b337e9dc5f,0da66644-a362-44cb-8fa8-a742744d1762,2732,9b43bfaa-8666-4a2e-bd6e-93bd80c2ac96,Stella Artois - Bottled,99682,persisted resolved_inventory_item_id,c604f5fa-2a19-46be-89af-2dc949b7546c,0f89e3ae-21da-4ef4-9975-656743392f12;c604f5fa-2a19-46be-89af-2dc949b7546c,Grill Room,Stella Artois - Bottled City Beverages 1 / 0 EA,1/24 EA,1,24,1,EA,Case,0,Pack,0, EA,0,0,0,0,0,0,,,,,,,,,,,,,,,,,,not comparable,not assessed: no May/June saved session,no_saved_session,Retain dated source evidence; no saved line exists for this batch. Do not infer one from July or August.,ea,24,,
2026-05-31,e2b10b8f-96b3-4bf5-82e4-49b337e9dc5f,1a6979b2-cafd-47d8-a684-0ad27f6e21a2,2739,b1bfe3e9-5ca7-42a8-84e3-3574e155359b,Titos,,persisted resolved_inventory_item_id,,39bd400d-ed5b-4f2f-bbdf-1bf1cc69499f,Grill Room,Titos,0/0 LT,,,,,Case,0,Pack,0, LT,0,0,0,0,0,0,,,,,,,,,,,,,,,,,,not comparable,not assessed: no May/June saved session,no_saved_session,Retain dated source evidence; no saved line exists for this batch. Do not infer one from July or August.,ea,1,,
2026-05-31,e2b10b8f-96b3-4bf5-82e4-49b337e9dc5f,2e380c3b-a3ca-4061-aeb3-afae8b7199bb,2764,aeb4321b-58b5-4b40-ab92-3639d9f63beb,Corona - Light - Bottled,10163,persisted resolved_inventory_item_id,289d17bf-485d-407d-a658-7b27b742a01c,0e19d40b-5420-453b-a874-ce7fb9ba9b76;289d17bf-485d-407d-a658-7b27b742a01c,Beer Cage,Corona - Light - Bottled Reyes Beer Division (PA) 24 / 0 EA,24/1 EA,24,1,1,EA,Case,4.5,Pack,0, EA,0,108,108,108,172.71,172.71,,,,,,,,,,,,,,,,,,not comparable,not assessed: no May/June saved session,no_saved_session,Retain dated source evidence; no saved line exists for this batch. Do not infer one from July or August.,ea,24,,
2026-05-31,e2b10b8f-96b3-4bf5-82e4-49b337e9dc5f,37f4500e-7feb-4b6f-974f-c95f1a0a52c7,2782,9b43bfaa-8666-4a2e-bd6e-93bd80c2ac96,Stella Artois - Bottled,99682,persisted resolved_inventory_item_id,c604f5fa-2a19-46be-89af-2dc949b7546c,0f89e3ae-21da-4ef4-9975-656743392f12;c604f5fa-2a19-46be-89af-2dc949b7546c,Beer Cage,Stella Artois - Bottled City Beverages 1 / 0 EA,1/24 EA,1,24,1,EA,Case,6.5,Pack,0, EA,3,159,159,159,230.82,230.82,,,,,,,,,,,,,,,,,,not comparable,not assessed: no May/June saved session,no_saved_session,Retain dated source evidence; no saved line exists for this batch. Do not infer one from July or August.,ea,24,,
2026-05-31,e2b10b8f-96b3-4bf5-82e4-49b337e9dc5f,886a6bcd-5ee9-4daf-945d-37e83ffb6a18,2794,e5e23d06-d348-43bd-af0d-1f74b255424d,Asst Lays Chips,6586721,persisted resolved_inventory_item_id,3879c62b-62e2-4f31-98cd-f3b32d1b0cab,3879c62b-62e2-4f31-98cd-f3b32d1b0cab;77185373-c871-473d-9fd5-68f0819e6647,Beverage Carts,Asst Lays Chips Sysco 1 / 0 EA,1/60 EA,1,60,1,EA,Case,0,Pack,0, EA,0,0,0,0,0,0,,,,,,,,,,,,,,,,,,not comparable,not assessed: no May/June saved session,no_saved_session,Retain dated source evidence; no saved line exists for this batch. Do not infer one from July or August.,ea,60,1,60
2026-05-31,e2b10b8f-96b3-4bf5-82e4-49b337e9dc5f,44aa75df-59b4-4310-a390-5ac9210c4112,2795,6f29f473-0934-4677-8dd9-10a601367897,Bacardi Mini,,persisted resolved_inventory_item_id,,8513bef9-b61f-411b-8598-ce14e4dff571,Beverage Carts,Bacardi Mini  12 / 0 Case,12/10 Case,12,10,1,EA,Case,0,Pack,0, Case,6,6,6,6,6.12,6.12,,,,,,,,,,,,,,,,,,not comparable,not assessed: no May/June saved session,no_saved_session,Retain dated source evidence; no saved line exists for this batch. Do not infer one from July or August.,ea,120,,
2026-05-31,e2b10b8f-96b3-4bf5-82e4-49b337e9dc5f,f2c129e2-58e6-4453-8de1-ec9eb6232bf0,2806,e7619430-991a-46b2-947e-5ce6e4721998,Captain Morgan Mini,,persisted resolved_inventory_item_id,,1236aaef-285e-4699-bb93-845253cf7677,Beverage Carts,Captain Morgan Mini  12 / 0 Case,12/10 Case,12,10,1,EA,Case,0,Pack,0, Case,12,12,12,12,11.76,11.76,,,,,,,,,,,,,,,,,,not comparable,not assessed: no May/June saved session,no_saved_session,Retain dated source evidence; no saved line exists for this batch. Do not infer one from July or August.,ea,120,,
2026-05-31,e2b10b8f-96b3-4bf5-82e4-49b337e9dc5f,3ea5f0eb-ea3b-4f36-ac4b-ba7d9fb3026a,2808,676086e8-3368-4692-a429-a240c5284efd,Casamigos Mini,,persisted resolved_inventory_item_id,,c638af45-d090-40f7-bf10-490cae5c386c,Beverage Carts,Casamigos Mini  5 / 0 Case,5/12 Case,5,12,1,EA,Case,0,Pack,0, Case,13,13,13,13,54.38,54.38,,,,,,,,,,,,,,,,,,not comparable,not assessed: no May/June saved session,no_saved_session,Retain dated source evidence; no saved line exists for this batch. Do not infer one from July or August.,ea,60,,
2026-05-31,e2b10b8f-96b3-4bf5-82e4-49b337e9dc5f,d1d9af93-c165-43b0-ba7b-95b2b74f0cc8,2835,09f21d3a-2dd9-4904-b944-6db46bf851fd,Grapefruit juice white,10137744,persisted resolved_inventory_item_id,699c26ca-340e-4ccf-9411-d0f1f38c8d9d,699c26ca-340e-4ccf-9411-d0f1f38c8d9d;a3a4bbc6-dd93-4c78-996e-aed13d2410fc,Beverage Carts,Grapefruit juice white Cheney Brothers 1 / 0 Case,1/24 Case,1,24,1,EA,Case,0,Pack,0, Case,0,0,0,0,0,0,,,,,,,,,,,,,,,,,,not comparable,not assessed: no May/June saved session,no_saved_session,Retain dated source evidence; no saved line exists for this batch. Do not infer one from July or August.,ea,24,,
2026-05-31,e2b10b8f-96b3-4bf5-82e4-49b337e9dc5f,bc93ade1-80d1-4004-a8ed-dcb474aaa872,2849,b85c4d77-e7d5-4585-ad40-f9e9752a572c,Johnnie Walker Mini,,persisted resolved_inventory_item_id,,9dcc716b-e9a9-4beb-967b-d0ac395a23c3,Beverage Carts,Johnnie Walker Mini  10 / 0 Case,10/12 Case,10,12,1,EA,Case,0,Pack,0, Case,0,0,0,0,0,0,,,,,,,,,,,,,,,,,,not comparable,not assessed: no May/June saved session,no_saved_session,Retain dated source evidence; no saved line exists for this batch. Do not infer one from July or August.,ea,120,,
2026-05-31,e2b10b8f-96b3-4bf5-82e4-49b337e9dc5f,43e88c11-73fa-4d3c-a513-81898837a47a,2852,37a8aa7c-92d1-4366-8f4a-3e6150803c3c,Ketel One Mini,,persisted resolved_inventory_item_id,,4bded394-5ec4-4568-a6aa-5b198dc966b3,Beverage Carts,Ketel One Mini  10 / 0 Case,10/12 Case,10,12,1,EA,Case,0,Pack,0, Case,60,60,60,60,150,150,,,,,,,,,,,,,,,,,,not comparable,not assessed: no May/June saved session,no_saved_session,Retain dated source evidence; no saved line exists for this batch. Do not infer one from July or August.,ea,120,,
2026-05-31,e2b10b8f-96b3-4bf5-82e4-49b337e9dc5f,73abceef-dba4-470b-be2c-0a74152524d0,2861,407fb1d4-ba99-4657-9f30-554419d96c02,Muffin,322052,persisted resolved_inventory_item_id,fb8c0960-1cf8-4b1e-b48b-fb24fe70417d,7e52f365-d163-4c96-a589-ff6dfddbc865;fb8c0960-1cf8-4b1e-b48b-fb24fe70417d,Beverage Carts,Muffin Cheney Brothers 24 / 0 OZ,24/4 OZ,24,4,1,OZ,Case,0,Pack,0, OZ,0,0,0,0,0,0,,,,,,,,,,,,,,,,,,not comparable,not assessed: no May/June saved session,no_saved_session,Retain dated source evidence; no saved line exists for this batch. Do not infer one from July or August.,oz,96,,
2026-05-31,e2b10b8f-96b3-4bf5-82e4-49b337e9dc5f,18d8ddea-520e-4525-9ce6-3b700626a836,2880,9b43bfaa-8666-4a2e-bd6e-93bd80c2ac96,Stella Artois - Bottled,99682,persisted resolved_inventory_item_id,c604f5fa-2a19-46be-89af-2dc949b7546c,0f89e3ae-21da-4ef4-9975-656743392f12;c604f5fa-2a19-46be-89af-2dc949b7546c,Beverage Carts,Stella Artois - Bottled City Beverages 1 / 0 EA,1/24 EA,1,24,1,EA,Case,0,Pack,0, EA,10,10,10,10,14.52,14.52,,,,,,,,,,,,,,,,,,not comparable,not assessed: no May/June saved session,no_saved_session,Retain dated source evidence; no saved line exists for this batch. Do not infer one from July or August.,ea,24,,
2026-05-31,e2b10b8f-96b3-4bf5-82e4-49b337e9dc5f,bcd2d368-274e-4a66-8665-8d10a4bbb24e,2883,114eec06-b2b0-4bcb-8b28-e29361d167af,Tanqueray Mini,,persisted resolved_inventory_item_id,,c9a3aad1-dfe1-41d6-bd8e-0f020cece45b,Beverage Carts,Tanqueray Mini  12 / 0 Case,12/10 Case,12,10,1,EA,Case,0,Pack,0, Case,12,12,12,12,20.04,20.04,,,,,,,,,,,,,,,,,,not comparable,not assessed: no May/June saved session,no_saved_session,Retain dated source evidence; no saved line exists for this batch. Do not infer one from July or August.,ea,120,,
2026-05-31,e2b10b8f-96b3-4bf5-82e4-49b337e9dc5f,1fc4de18-66eb-4586-b958-16fb93590fd6,2886,c4b9b2ab-02e3-4640-8569-75e8f080101d,Titos Mini,,persisted resolved_inventory_item_id,,1d4acbe0-e1d9-4b00-bea9-ae2870e12710,Beverage Carts,Titos Mini  12 / 0 Case,12/5 Case,12,5,1,EA,Case,0,Pack,0, Case,48,48,48,48,94.24,94.24,,,,,,,,,,,,,,,,,,not comparable,not assessed: no May/June saved session,no_saved_session,Retain dated source evidence; no saved line exists for this batch. Do not infer one from July or August.,ea,60,,
2026-05-31,e2b10b8f-96b3-4bf5-82e4-49b337e9dc5f,42e2a0bd-cc28-4c68-a22b-1fbc1d0a5d7a,2898,3ca92b83-df13-4dc6-8096-9f0debbddf29,Demi-Glace,,persisted resolved_inventory_item_id,,0efae3f9-efd3-4294-8045-c5735860897e,Main freezer,Demi-Glace  1 / 0 QT,1/26 QT,1,26,1,QT,Case,0,Pack,0, QT,0,0,0,0,0,0,,,,,,,,,,,,,,,,,,not comparable,not assessed: no May/June saved session,no_saved_session,Retain dated source evidence; no saved line exists for this batch. Do not infer one from July or August.,ml,24605.178,,
2026-05-31,e2b10b8f-96b3-4bf5-82e4-49b337e9dc5f,53759a7f-9eb0-4749-84fa-a22845b6a656,2929,10e8921f-bc0c-4634-a71c-aa35f6b37e5a,Goat cheese stuff dates,,persisted resolved_inventory_item_id,,4de30793-a4f4-4a3c-88c5-3bd8b9f9d164,Main freezer,Goat cheese stuff dates  1 / 0 Case,1/100 Case,1,100,1,EA,Case,0,Pack,0, Case,0,0,0,0,0,0,,,,,,,,,,,,,,,,,,not comparable,not assessed: no May/June saved session,no_saved_session,Retain dated source evidence; no saved line exists for this batch. Do not infer one from July or August.,ea,100,,
2026-05-31,e2b10b8f-96b3-4bf5-82e4-49b337e9dc5f,b57e4774-8593-4243-8fa6-4cb93f52435a,2951,dfed466a-a1bf-48c0-8888-fbabfa696f2a,Roasted Potatoes,7028548,persisted resolved_inventory_item_id,18be13f2-fc86-4770-be44-f04de11e3cad,18be13f2-fc86-4770-be44-f04de11e3cad;5afb918e-9dde-41ff-b397-c9c67c1ab8bd,Main freezer,Roasted Potatoes Sysco 5 / 0 LB,5/3 LB,5,3,1,LB,Case,3,Pack,0, LB,0,45,45,45,117.3,117.3,,,,,,,,,,,,,,,,,,not comparable,not assessed: no May/June saved session,no_saved_session,Retain dated source evidence; no saved line exists for this batch. Do not infer one from July or August.,oz,240,,
2026-05-31,e2b10b8f-96b3-4bf5-82e4-49b337e9dc5f,f1a7c9d9-252f-4d9b-8ec2-38581fc65821,3033,1a774f54-8a64-4594-9477-45379b58a87b,Chocolate Chip Cookie Dough,308130,persisted resolved_inventory_item_id,0ba8d615-c812-4e95-b365-e145620e1cb2,0ba8d615-c812-4e95-b365-e145620e1cb2;24c31a09-45b4-445a-9c54-cd32c166b290,Main freezer,Chocolate Chip Cookie Dough Cheney Brothers 80 / 0 OZ,80/4.5 OZ,80,4.5,1,OZ,Case,2,Pack,0, OZ,0,160,160,720,198.3,198.3,,,,,,,,,,,,,,,,,,not comparable,not assessed: no May/June saved session,no_saved_session,Retain dated source evidence; no saved line exists for this batch. Do not infer one from July or August.,oz,360,,
2026-05-31,e2b10b8f-96b3-4bf5-82e4-49b337e9dc5f,9449a04a-b9a5-4513-9879-0c57c88291aa,3044,a8be19c6-1d9f-43fe-a49f-570b37e903f1,Pork - Loin Chop,5741535,persisted resolved_inventory_item_id,af4fe31c-b713-4be5-be92-5b98dffff65d,0a5e1dd1-985e-4a65-bb8d-1ec64a2ec8a3;af4fe31c-b713-4be5-be92-5b98dffff65d,Main freezer,Pork - Loin Chop Sysco 20 / 0 OZ,20/8 OZ,20,8,1,OZ,Case,0,Pack,0, OZ,0,0,0,0,0,0,,,,,,,,,,,,,,,,,,not comparable,not assessed: no May/June saved session,no_saved_session,Retain dated source evidence; no saved line exists for this batch. Do not infer one from July or August.,oz,160,,
2026-05-31,e2b10b8f-96b3-4bf5-82e4-49b337e9dc5f,46889ace-44a5-4daa-8bbc-72db7d97ac13,3077,9c951339-7cfb-48bb-b147-38e63f856370,Beef - Ground,0566838,persisted resolved_inventory_item_id,39d578b1-621a-45b9-97bb-65148526d2f9,39d578b1-621a-45b9-97bb-65148526d2f9;8bb35aee-4434-44cd-b562-36fe0e789ff7,Main freezer,Beef - Ground Sysco 1 / 0 LB,1/1 LB,1,1,1,LB,Case,0,Pack,0, LB,0,0,0,0,0,0,,,,,,,,,,,,,,,,,,not comparable,not assessed: no May/June saved session,no_saved_session,Retain dated source evidence; no saved line exists for this batch. Do not infer one from July or August.,oz,16,,
2026-05-31,e2b10b8f-96b3-4bf5-82e4-49b337e9dc5f,dcbdb314-3f0d-42cc-9eba-496a8413ce17,3078,9c951339-7cfb-48bb-b147-38e63f856370,Beef - Ground,0566838,persisted resolved_inventory_item_id,39d578b1-621a-45b9-97bb-65148526d2f9,39d578b1-621a-45b9-97bb-65148526d2f9;8bb35aee-4434-44cd-b562-36fe0e789ff7,Main freezer,Beef - Ground Sysco 1 / 0 LB,1/1 LB,1,1,1,LB,Case,0,Pack,0, LB,0,0,0,0,0,0,,,,,,,,,,,,,,,,,,not comparable,not assessed: no May/June saved session,no_saved_session,Retain dated source evidence; no saved line exists for this batch. Do not infer one from July or August.,oz,16,,
2026-05-31,e2b10b8f-96b3-4bf5-82e4-49b337e9dc5f,d60c7238-8573-47a6-b870-aedc6f45926a,3089,d79188a3-8046-4c97-89c9-58c85ba256c1,Vegetable Blends/Medley's,5711951,persisted resolved_inventory_item_id,776a6675-1c90-4a6f-9ef0-4165dd8ffd41,41be314a-65eb-4414-85ca-7bf3dbacb89a;776a6675-1c90-4a6f-9ef0-4165dd8ffd41,Main freezer,Vegetable Blends/Medley's Sysco 12 / 0 OZ,12/32 OZ,12,32,1,OZ,Case,0,Pack,0, OZ,0,0,0,0,0,0,,,,,,,,,,,,,,,,,,not comparable,not assessed: no May/June saved session,no_saved_session,Retain dated source evidence; no saved line exists for this batch. Do not infer one from July or August.,oz,384,,
2026-05-31,e2b10b8f-96b3-4bf5-82e4-49b337e9dc5f,ded96e2c-8b51-4816-88f1-5e3e8beb858b,3090,ed26e500-dd37-40ac-b77f-8538cd12e994,Hoagie Roll,26074-x,persisted resolved_inventory_item_id,,b243ba3c-c3d2-4b10-800c-d68771dd0bab,Main freezer,Hoagie Roll Olde Hearth Bread Company 1 / 0 EA,1/1 EA,1,1,1,EA,Case,0,Pack,0, EA,0,0,0,0,0,0,,,,,,,,,,,,,,,,,,not comparable,not assessed: no May/June saved session,no_saved_session,Retain dated source evidence; no saved line exists for this batch. Do not infer one from July or August.,ea,1,,
2026-05-31,e2b10b8f-96b3-4bf5-82e4-49b337e9dc5f,0d6bcd3e-868b-47fb-83a6-3ca25dc0ab64,3107,512f9b4b-fd6a-4a23-9dcc-481222671d9b,Tofu - Firm,10061871,persisted resolved_inventory_item_id,36882e37-f711-4fb1-9f5b-c22766fd72ee,36882e37-f711-4fb1-9f5b-c22766fd72ee;f4fdcdc7-78a6-4e3d-a8ac-f65f44201f6b,Main freezer,Tofu - Firm Cheney Brothers 12 / 0 OZ,12/19 OZ,12,19,1,OZ,Case,0.5,Pack,0, OZ,0,6,6,114,20.82,20.82,,,,,,,,,,,,,,,,,,not comparable,not assessed: no May/June saved session,no_saved_session,Retain dated source evidence; no saved line exists for this batch. Do not infer one from July or August.,oz,228,,
2026-05-31,e2b10b8f-96b3-4bf5-82e4-49b337e9dc5f,5d06613a-8c2b-40ed-ac69-5cde415db34c,3108,e797a4aa-ab7f-4aa2-9a00-b2ea9771224c,Tomato Fried Green,10015502,persisted resolved_inventory_item_id,5c295aca-7d03-4a02-8164-e025a3ab9070,5c295aca-7d03-4a02-8164-e025a3ab9070;bb9cedcb-4ef1-44c0-825b-a4101f3109d7;c9b88402-6c17-4e47-9a3c-45424fd90929;d3de229b-f676-4fce-8f51-2b63c97d9d12,Main freezer,Tomato Fried Green Cheney Brothers 6 / 0 LB,6/2 LB,6,2,1,LB,Case,0.75,Pack,0, LB,0,9,9,9,58.32,58.32,,,,,,,,,,,,,,,,,,not comparable,not assessed: no May/June saved session,no_saved_session,Retain dated source evidence; no saved line exists for this batch. Do not infer one from July or August.,oz,192,,
2026-05-31,e2b10b8f-96b3-4bf5-82e4-49b337e9dc5f,eeafe122-2cb9-4e30-9e43-cde97ae43e6b,3138,87812bf0-6ecb-4ae6-81d8-25fb701d17d3,Shrimp - 16-20,5107525,persisted resolved_inventory_item_id,796777c9-c833-430e-897d-38e74f13ab2c,796777c9-c833-430e-897d-38e74f13ab2c;7a0a26d2-bf05-40be-afaf-ff1dca6b347c,Main freezer,Shrimp - 16-20 Sysco 4 / 0 LB,4/2.5 LB,4,2.5,1,LB,Case,1.5,Pack,0, LB,0,15,15,15,100.74,100.74,,,,,,,,,,,,,,,,,,not comparable,not assessed: no May/June saved session,no_saved_session,Retain dated source evidence; no saved line exists for this batch. Do not infer one from July or August.,oz,160,,
2026-05-31,e2b10b8f-96b3-4bf5-82e4-49b337e9dc5f,966559fe-5427-46e9-8813-d014ac2d33c4,3140,6ad040da-12f9-4826-9fed-a531bb9fa3dc,Shrimp - 6-8,SHRIMP RAW U/8 IQF TAILON FARM INDONESIA CEN-SEA,persisted resolved_inventory_item_id,,a3a66464-58c6-44c2-9616-733d2b96fcd9,Main freezer,Shrimp - 6-8 Samuels and Son Seafood Company 1 / 0 LB,1/10 LB,1,10,1,LB,Case,0.5,Pack,0, LB,0,5,5,5,9.98,9.98,,,,,,,,,,,,,,,,,,not comparable,not assessed: no May/June saved session,no_saved_session,Retain dated source evidence; no saved line exists for this batch. Do not infer one from July or August.,oz,160,,
2026-05-31,e2b10b8f-96b3-4bf5-82e4-49b337e9dc5f,2dd88fdb-6a7a-4e6b-9e3e-6d2b7c5eb583,3141,84b198a1-8345-448f-8b26-865299153f1b,Shrimp - 70-90,7952310,persisted resolved_inventory_item_id,494f334a-bd22-4978-b986-6813268b503e,494f334a-bd22-4978-b986-6813268b503e;df3dc515-255e-40f0-abfc-592de57a408f,Main freezer,Shrimp - 70-90 Sysco 1 / 0 LB,1/10 LB,1,10,1,LB,Case,1.5,Pack,0, LB,0,15,15,15,82.76,82.76,,,,,,,,,,,,,,,,,,not comparable,not assessed: no May/June saved session,no_saved_session,Retain dated source evidence; no saved line exists for this batch. Do not infer one from July or August.,oz,160,,
2026-05-31,e2b10b8f-96b3-4bf5-82e4-49b337e9dc5f,32c6203b-9559-4545-821e-0e0e21de1e73,3153,9fd6c5d0-35f0-4496-afd7-f6fa1ccc2366,BEEF EMPANADA,6919955,persisted resolved_inventory_item_id,bcf29714-cb4c-4fc0-8bff-3233a2776bf3,3ad2b8d5-0c07-4a2b-ba6c-a13bc1d5c895;bcf29714-cb4c-4fc0-8bff-3233a2776bf3,Main freezer,BEEF EMPANADA Sysco 1 / 0 EA,1/100 EA,1,100,1,EA,Case,1,Pack,0, EA,0,100,100,100,80.4,80.4,,,,,,,,,,,,,,,,,,not comparable,not assessed: no May/June saved session,no_saved_session,Retain dated source evidence; no saved line exists for this batch. Do not infer one from July or August.,ea,100,,
2026-05-31,e2b10b8f-96b3-4bf5-82e4-49b337e9dc5f,1babcec4-62a2-49c9-a995-319f6ae191af,3189,7ad0afd6-6502-481a-aed5-ba80877ef5d3,Garlic Bread,1494343,persisted resolved_inventory_item_id,9a915d40-a266-45c1-8f2b-aba3c3ab1a71,9a915d40-a266-45c1-8f2b-aba3c3ab1a71;ec2d612f-e437-420f-8af2-ade8cd0d872d,Main freezer,Garlic Bread Sysco 12 / 0 EA,12/10 EA,12,10,1,EA,Case,0,Pack,0, EA,0,0,0,0,0,0,,,,,,,,,,,,,,,,,,not comparable,not assessed: no May/June saved session,no_saved_session,Retain dated source evidence; no saved line exists for this batch. Do not infer one from July or August.,ea,120,,
2026-05-31,e2b10b8f-96b3-4bf5-82e4-49b337e9dc5f,b4fb8c2e-a405-4e28-8aaf-39b31884d3e4,3209,3fd5dbe7-46fc-4627-9deb-7e2147960f1f,Lobster - Claw and Knuckle meat,5841648,persisted resolved_inventory_item_id,aba8d248-3818-4c49-9d5d-d704d6d6d491,aba8d248-3818-4c49-9d5d-d704d6d6d491;eac70337-a023-4720-9026-19fe24b2dd22,Main freezer,Lobster - Claw and Knuckle meat Sysco 6 / 0 LB,6/2 LB,6,2,1,LB,Case,0.5,Pack,0, LB,0,6,6,6,262.94,262.94,,,,,,,,,,,,,,,,,,not comparable,not assessed: no May/June saved session,no_saved_session,Retain dated source evidence; no saved line exists for this batch. Do not infer one from July or August.,oz,192,,
2026-05-31,e2b10b8f-96b3-4bf5-82e4-49b337e9dc5f,7622229d-2bab-4dce-a9ce-7f0796a44564,3217,407fb1d4-ba99-4657-9f30-554419d96c02,Muffin,322052,persisted resolved_inventory_item_id,fb8c0960-1cf8-4b1e-b48b-fb24fe70417d,7e52f365-d163-4c96-a589-ff6dfddbc865;fb8c0960-1cf8-4b1e-b48b-fb24fe70417d,Main freezer,Muffin Cheney Brothers 24 / 0 OZ,24/4 OZ,24,4,1,OZ,Case,2,Pack,0, OZ,0,48,48,192,60.2,60.2,,,,,,,,,,,,,,,,,,not comparable,not assessed: no May/June saved session,no_saved_session,Retain dated source evidence; no saved line exists for this batch. Do not infer one from July or August.,oz,96,,
2026-05-31,e2b10b8f-96b3-4bf5-82e4-49b337e9dc5f,d296f611-54bd-4f07-8654-be8c40b9c03d,3259,ab085b7e-968f-489a-8441-5d5267a2378b,Tuna,4434235,persisted resolved_inventory_item_id,faa67824-170c-420d-902c-34a1d9d70a7f,c67b9d79-d184-421b-b535-6d21510a8eb6;faa67824-170c-420d-902c-34a1d9d70a7f,Main freezer,Tuna Sysco 1 / 0 LB,1/10 LB,1,10,1,LB,Case,1,Pack,0, LB,0,10,10,10,119.19,119.19,,,,,,,,,,,,,,,,,,not comparable,not assessed: no May/June saved session,no_saved_session,Retain dated source evidence; no saved line exists for this batch. Do not infer one from July or August.,oz,160,,
2026-05-31,e2b10b8f-96b3-4bf5-82e4-49b337e9dc5f,1ffa4f95-85db-44bb-9252-53bdeb8ac03a,3268,686b2d0b-7852-40fe-ae11-2e7c75945858,Veggie Burger,204032,persisted resolved_inventory_item_id,2e3ac4da-ab4a-4c16-813f-a33603642de8,2e3ac4da-ab4a-4c16-813f-a33603642de8;99e11e7f-c0aa-4fee-ab80-07de34530557,Main freezer,Veggie Burger Cheney Brothers 29 / 0 OZ,29/5.5 OZ,29,5.5,1,OZ,Case,0.5,Pack,0, OZ,0,14.5,14.5,79.75,27.28,27.28,,,,,,,,,,,,,,,,,,not comparable,not assessed: no May/June saved session,no_saved_session,Retain dated source evidence; no saved line exists for this batch. Do not infer one from July or August.,oz,159.5,,
2026-05-31,e2b10b8f-96b3-4bf5-82e4-49b337e9dc5f,53516bac-ea9a-4f1d-9e64-a1d6558ede50,3275,832f40cc-032b-44ff-a0b6-52e66eaf344c,Apples - Red Delicious,APPRD88HF,persisted resolved_inventory_item_id,e01a19b3-9d23-43b0-aab6-5680d30e8ebc,103efd00-089d-4599-b9bb-938267dac6f0;e01a19b3-9d23-43b0-aab6-5680d30e8ebc,Produce Walk-in,"Apples - Red Delicious Harvill's Produce Co., Inc. 1 / 0 EA",1/40 EA,1,40,1,EA,Case,1,Pack,0, EA,0,40,40,40,19.6,19.6,,,,,,,,,,,,,,,,,,not comparable,not assessed: no May/June saved session,no_saved_session,Retain dated source evidence; no saved line exists for this batch. Do not infer one from July or August.,ea,40,,
2026-05-31,e2b10b8f-96b3-4bf5-82e4-49b337e9dc5f,50d5054d-fd29-4aed-b062-4fcc26462c0c,3276,f84cd047-ef9b-4b18-80b6-8f17033f493a,Arugula,21000,persisted resolved_inventory_item_id,a8a79aac-b97e-4583-9a8d-dd2b0eb81772,72dd1cf1-dfda-4400-a694-c2a53391c6f3;a8a79aac-b97e-4583-9a8d-dd2b0eb81772,Produce Walk-in,Arugula Mr. Green's Produce 2 / 0 LB,2/1.5 LB,2,1.5,1,LB,Case,2,Pack,0, LB,0,6,6,6,48.16,48.16,,,,,,,,,,,,,,,,,,not comparable,not assessed: no May/June saved session,no_saved_session,Retain dated source evidence; no saved line exists for this batch. Do not infer one from July or August.,oz,48,,
2026-05-31,e2b10b8f-96b3-4bf5-82e4-49b337e9dc5f,4aba478a-3f52-4843-b199-114a70293f40,3278,8a201862-c42d-41b9-8919-378257e34a5d,Avocado,16005,persisted resolved_inventory_item_id,96961b34-b2e0-49c6-a712-0827694736ed,7f4f5ddb-2686-454d-8ff8-54536de47f62;96961b34-b2e0-49c6-a712-0827694736ed,Produce Walk-in,Avocado Mr. Green's Produce 1 / 0 EA,1/24 EA,1,24,1,EA,Case,2,Pack,0, EA,0,48,48,48,92.48,92.48,,,,,,,,,,,,,,,,,,not comparable,not assessed: no May/June saved session,no_saved_session,Retain dated source evidence; no saved line exists for this batch. Do not infer one from July or August.,ea,24,,
2026-05-31,e2b10b8f-96b3-4bf5-82e4-49b337e9dc5f,62b5bed4-be5c-4634-9715-e564cc12e91a,3299,514726fa-1c16-4dbe-8bb8-c01fc478b739,Bunny Luv BB Carrots,CARCB30HF,persisted resolved_inventory_item_id,ee995c96-adf5-4866-942b-c31d693cf433,23d42abd-3cb7-4fc5-961b-82a80aca18ed;ee995c96-adf5-4866-942b-c31d693cf433,Produce Walk-in,"Bunny Luv BB Carrots Harvill's Produce Co., Inc. 1 / 0 LB",1/15 LB,1,15,1,LB,Case,1,Pack,0, LB,0,15,15,15,25,25,,,,,,,,,,,,,,,,,,not comparable,not assessed: no May/June saved session,no_saved_session,Retain dated source evidence; no saved line exists for this batch. Do not infer one from July or August.,oz,240,,
2026-05-31,e2b10b8f-96b3-4bf5-82e4-49b337e9dc5f,6cd990fb-8cae-4684-8d89-0f669ea61a98,3302,f16087c9-fb87-4d67-a253-621a31611824,Cabbage - Red,20260,persisted resolved_inventory_item_id,20041d7d-de7f-4b82-84c6-ad231f81357d,20041d7d-de7f-4b82-84c6-ad231f81357d;af1552ee-3beb-410b-af13-6c2c180275d2,Produce Walk-in,Cabbage - Red Mr. Green's Produce 1 / 0 LB,1/10 LB,1,10,1,LB,Case,1,Pack,0, LB,0,10,10,10,3.69,3.69,,,,,,,,,,,,,,,,,,not comparable,not assessed: no May/June saved session,no_saved_session,Retain dated source evidence; no saved line exists for this batch. Do not infer one from July or August.,oz,160,,
2026-05-31,e2b10b8f-96b3-4bf5-82e4-49b337e9dc5f,a8d2c2a4-fd12-4148-a0a9-8e4a8aba6072,3314,b7d1e7af-ebb1-410f-96da-f2e7e9b52d6c,Celery,cel36,persisted resolved_inventory_item_id,,e16497fc-9aa7-45f0-98b8-7fd0c6a375c9,Produce Walk-in,"Celery Harvill's Produce Co., Inc. 1 / 0 EA",1/36 EA,1,36,1,EA,Case,1.5,Pack,0, EA,0,54,54,54,76.5,76.5,,,,,,,,,,,,,,,,,,not comparable,not assessed: no May/June saved session,no_saved_session,Retain dated source evidence; no saved line exists for this batch. Do not infer one from July or August.,ea,36,,
2026-05-31,e2b10b8f-96b3-4bf5-82e4-49b337e9dc5f,250b2e65-1c60-4f7c-b091-8385519a1d7e,3319,1508bbda-a482-4d7c-80b3-93572b389e2d,Cheese - American Yellow Sliced,164006,persisted resolved_inventory_item_id,1479bbfe-d0bc-4292-ac42-b9dd3c54d56b,1479bbfe-d0bc-4292-ac42-b9dd3c54d56b;5681f11e-44a6-408a-8bc5-7ab56ad64305,Produce Walk-in,Cheese - American Yellow Sliced Cheney Brothers 4 / 0 LB,4/5 LB,4,5,1,LB,Case,0.5,Pack,0, LB,0,10,10,10,8.45,8.45,,,,,,,,,,,,,,,,,,not comparable,not assessed: no May/June saved session,no_saved_session,Retain dated source evidence; no saved line exists for this batch. Do not infer one from July or August.,oz,320,,
2026-05-31,e2b10b8f-96b3-4bf5-82e4-49b337e9dc5f,2cf91b0d-8a6d-4dcd-9f61-ae55e22f0fc4,3337,530ffe84-5f03-4ebd-b7a0-41c293083fc3,Cheese - Swiss,184018,persisted resolved_inventory_item_id,d8a14cc0-5659-45b7-8a8e-40d1c4d63aa3,d0ac07e0-4451-4799-a212-84bb967967ff;d8a14cc0-5659-45b7-8a8e-40d1c4d63aa3,Produce Walk-in,Cheese - Swiss Cheney Brothers 1 / 0 LB,1/1 LB,1,1,1,LB,Case,12,Pack,0, LB,0,12,12,12,48.48,48.48,,,,,,,,,,,,,,,,,,not comparable,not assessed: no May/June saved session,no_saved_session,Retain dated source evidence; no saved line exists for this batch. Do not infer one from July or August.,oz,16,,
2026-05-31,e2b10b8f-96b3-4bf5-82e4-49b337e9dc5f,36121a4f-146d-4242-a978-69f419169c77,3375,2a4931c5-1bb1-4da3-9d0a-b7dbcf80de1a,Herbs - Oregano,24124,persisted resolved_inventory_item_id,6ee567ef-d57f-42f1-8b90-1d853585ee4c,6ee567ef-d57f-42f1-8b90-1d853585ee4c;e1857c8c-87d8-4d35-b0c8-4fc4d5afb2b4,Produce Walk-in,Herbs - Oregano Mr. Green's Produce 1 / 0 LB,1/4 LB,1,4,1,LB,Case,1,Pack,0, LB,0,4,4,4,6.79,6.79,,,,,,,,,,,,,,,,,,not comparable,not assessed: no May/June saved session,no_saved_session,Retain dated source evidence; no saved line exists for this batch. Do not infer one from July or August.,oz,64,,
2026-05-31,e2b10b8f-96b3-4bf5-82e4-49b337e9dc5f,bfc314fc-ca71-4ade-b40f-5d10ef15f76f,3378,f2101e20-45da-4a03-a934-599158d49499,Herbs - Sage,24146,persisted resolved_inventory_item_id,a46661fa-fc6d-41c2-8fbf-cd91ba3568cb,76a40ada-70ff-4078-9f08-36b131794dd0;a46661fa-fc6d-41c2-8fbf-cd91ba3568cb,Produce Walk-in,Herbs - Sage Mr. Green's Produce 1 / 0 LB,1/0.25 LB,1,0.25,1,LB,Case,0,Pack,0, LB,0,0,0,0,0,0,,,,,,,,,,,,,,,,,,not comparable,not assessed: no May/June saved session,no_saved_session,Retain dated source evidence; no saved line exists for this batch. Do not infer one from July or August.,oz,4,,
2026-05-31,e2b10b8f-96b3-4bf5-82e4-49b337e9dc5f,7457f9cd-e82d-4627-b7ee-0817b5460e33,3416,309f454a-e5da-429c-b9a0-7bdbe558056e,Onions - Green,27025,persisted resolved_inventory_item_id,895f0179-4bb7-4a6a-bc88-f786b10b6a57,27ee20ca-aa76-4123-ba6f-921c55fe1bee;895f0179-4bb7-4a6a-bc88-f786b10b6a57,Produce Walk-in,Onions - Green Mr. Green's Produce 1 / 0 EA,1/24 EA,1,24,1,EA,Case,12,Pack,0, EA,0,288,288,288,10.68,10.68,,,,,,,,,,,,,,,,,,not comparable,not assessed: no May/June saved session,no_saved_session,Retain dated source evidence; no saved line exists for this batch. Do not infer one from July or August.,ea,24,,
2026-05-31,e2b10b8f-96b3-4bf5-82e4-49b337e9dc5f,9dcde4b7-cd59-4908-b6cc-c1432a18e2e1,3419,6dc046ec-1ebe-448b-89c2-9d8dc31644a2,Onions - Yellow,27150,persisted resolved_inventory_item_id,0eef141a-78a2-4317-9824-dc38ead915de,0eef141a-78a2-4317-9824-dc38ead915de;18c17014-4bc7-4e84-b5e8-7f0eb2e8c442,Produce Walk-in,Onions - Yellow Mr. Green's Produce 1 / 0 LB,1/5 LB,1,5,1,LB,Case,1,Pack,0, LB,0,5,5,5,5.37,5.37,,,,,,,,,,,,,,,,,,not comparable,not assessed: no May/June saved session,no_saved_session,Retain dated source evidence; no saved line exists for this batch. Do not infer one from July or August.,oz,80,,
2026-05-31,e2b10b8f-96b3-4bf5-82e4-49b337e9dc5f,d2b186bd-0d35-46ae-a5ee-a476d5882063,3430,9a02c849-8ef8-4cbe-b973-88791f66f13e,Peppers - Green,pepgrlb,persisted resolved_inventory_item_id,,c41cb306-89d3-4759-ac5f-1691d5837111,Produce Walk-in,"Peppers - Green Harvill's Produce Co., Inc. 1 / 0 LB",1/1 LB,1,1,1,LB,Case,10,Pack,0, LB,0,10,10,10,28.04,28.04,,,,,,,,,,,,,,,,,,not comparable,not assessed: no May/June saved session,no_saved_session,Retain dated source evidence; no saved line exists for this batch. Do not infer one from July or August.,oz,16,,
2026-05-31,e2b10b8f-96b3-4bf5-82e4-49b337e9dc5f,cd69d419-6b26-4756-a6fe-3f59d308b078,3450,37b8f91a-2423-4fdd-92b3-e5126da70fc3,Queso Fresco,10162002,persisted resolved_inventory_item_id,62c590c5-f095-437d-8032-d757a5589a49,1baf324a-a3e7-473d-bc82-1f17bbcecefd;62c590c5-f095-437d-8032-d757a5589a49,Produce Walk-in,Queso Fresco Cheney Brothers 2 / 0 LB,2/8 LB,2,8,1,LB,Case,1,Pack,0, LB,0,16,16,16,53.47,53.47,,,,,,,,,,,,,,,,,,not comparable,not assessed: no May/June saved session,no_saved_session,Retain dated source evidence; no saved line exists for this batch. Do not infer one from July or August.,oz,256,,
2026-05-31,e2b10b8f-96b3-4bf5-82e4-49b337e9dc5f,523ceb2d-91c9-496f-bed9-b60645b13107,3461,3431a810-db6b-427b-a2fc-3e6520d3662b,Shallots - Peeled,SHALPLGL,persisted resolved_inventory_item_id,,6e5b96a4-2dbc-4a63-a8b8-8804a3604dba,Produce Walk-in,"Shallots - Peeled Harvill's Produce Co., Inc. 1 / 0 LB",1/5 LB,1,5,1,LB,Case,2,Pack,0, LB,0,10,10,10,32.5,32.5,,,,,,,,,,,,,,,,,,not comparable,not assessed: no May/June saved session,no_saved_session,Retain dated source evidence; no saved line exists for this batch. Do not infer one from July or August.,oz,80,,
2026-05-31,e2b10b8f-96b3-4bf5-82e4-49b337e9dc5f,b967e105-0713-4bc4-83aa-6eee6827bdf2,3467,bc3ba8e7-2614-4e23-97c2-0830b8c46895,Squash - Zucchini,20544,persisted resolved_inventory_item_id,7e0e6cb2-b5e9-474d-a141-a753b917426f,7e0e6cb2-b5e9-474d-a141-a753b917426f;d3864463-a2db-46f1-a0fb-5151e4988969,Produce Walk-in,Squash - Zucchini Mr. Green's Produce 5 / 0 LB,5/1 LB,5,1,1,LB,Case,2,Pack,0, LB,0,10,10,10,17.6,17.6,,,,,,,,,,,,,,,,,,not comparable,not assessed: no May/June saved session,no_saved_session,Retain dated source evidence; no saved line exists for this batch. Do not infer one from July or August.,oz,80,,
2026-05-31,e2b10b8f-96b3-4bf5-82e4-49b337e9dc5f,c23bd425-1ff4-43cb-9bdc-7f4a1c6db982,3501,10583111-5a8e-4e29-a610-70b417cb023d,Banana Peppers,8425001,persisted resolved_inventory_item_id,5f69bc62-d0c3-464f-80f6-4acf2072369c,571aaf70-fb60-4054-aef7-70b03045ea16;5f69bc62-d0c3-464f-80f6-4acf2072369c,Main Walk-in,Banana Peppers Sysco 1 / 0 GAL,1/1 GAL,1,1,1,GAL,Case,1,Pack,0, GAL,0,1,1,1,8.74,8.74,,,,,,,,,,,,,,,,,,not comparable,not assessed: no May/June saved session,no_saved_session,Retain dated source evidence; no saved line exists for this batch. Do not infer one from July or August.,ml,3785.41,,
2026-05-31,e2b10b8f-96b3-4bf5-82e4-49b337e9dc5f,2660a9f1-dd02-41f9-a334-9ba5031d0b2c,3504,22fa2ae0-8e78-481b-9ac8-e31c6fe00795,BBQ KC Masterpeice,056055,persisted resolved_inventory_item_id,e1645e73-2244-497a-8b75-0376119c525c,ce0dc541-6ac0-480d-98db-f9a218475e37;e1645e73-2244-497a-8b75-0376119c525c,Main Walk-in,BBQ KC Masterpeice Cheney Brothers 4 / 0 GAL,4/1 GAL,4,1,1,GAL,Case,0.5,Pack,0, GAL,0,2,2,2,36.79,36.79,,,,,,,,,,,,,,,,,,not comparable,not assessed: no May/June saved session,no_saved_session,Retain dated source evidence; no saved line exists for this batch. Do not infer one from July or August.,ml,15141.64,,
2026-05-31,e2b10b8f-96b3-4bf5-82e4-49b337e9dc5f,500864f5-02a1-4d30-bbc2-cb2bb7ff7735,3507,d03320f3-b085-4fe7-b958-02d0171b9936,Beef - Bratwurst,1044429,persisted resolved_inventory_item_id,ded6f8a9-ee72-4248-b734-2a24cb24bb1e,5b8992d6-3769-4660-a1db-06a575d128b7;ded6f8a9-ee72-4248-b734-2a24cb24bb1e,Main Walk-in,Beef - Bratwurst Sysco 40 / 0 OZ,40/4 OZ,40,4,1,OZ,Case,1,Pack,0, OZ,0,40,40,160,35.92,35.92,,,,,,,,,,,,,,,,,,not comparable,not assessed: no May/June saved session,no_saved_session,Retain dated source evidence; no saved line exists for this batch. Do not infer one from July or August.,oz,160,,
2026-05-31,e2b10b8f-96b3-4bf5-82e4-49b337e9dc5f,21191f3e-da8d-49f0-a0c3-96f490f5fa18,3518,9c951339-7cfb-48bb-b147-38e63f856370,Beef - Ground,0566838,persisted resolved_inventory_item_id,39d578b1-621a-45b9-97bb-65148526d2f9,39d578b1-621a-45b9-97bb-65148526d2f9;8bb35aee-4434-44cd-b562-36fe0e789ff7,Main Walk-in,Beef - Ground Sysco 1 / 0 LB,1/1 LB,1,1,1,LB,Case,120,Pack,0, LB,0,120,120,120,607.2,607.2,,,,,,,,,,,,,,,,,,not comparable,not assessed: no May/June saved session,no_saved_session,Retain dated source evidence; no saved line exists for this batch. Do not infer one from July or August.,oz,16,,
2026-05-31,e2b10b8f-96b3-4bf5-82e4-49b337e9dc5f,e805ae93-76c7-4bd9-ab44-452343d5c37e,3529,813b8141-3b23-4656-93d1-ab2d46eb4e0e,Beef - Skirt Steak,09-21515,persisted resolved_inventory_item_id,96013286-1a09-42b7-a62c-26a78b2fdbd4,698fcb58-fb46-4bd2-8a52-13ba9a623da2;96013286-1a09-42b7-a62c-26a78b2fdbd4,Main Walk-in,Beef - Skirt Steak Halperns 1 / 0 LB,1/1 LB,1,1,1,LB,Case,0,Pack,0, LB,0,0,0,0,0,0,,,,,,,,,,,,,,,,,,not comparable,not assessed: no May/June saved session,no_saved_session,Retain dated source evidence; no saved line exists for this batch. Do not infer one from July or August.,oz,16,,
2026-05-31,e2b10b8f-96b3-4bf5-82e4-49b337e9dc5f,562b6cc5-cc07-4e2f-a92f-37e59f849b17,3561,5413aa19-e7a0-4681-9552-88b9386ee1e8,Cabbage - Slaw Mix,4966146,persisted resolved_inventory_item_id,0f3bb576-74fd-4c2e-96ee-38c43da53051,0f3bb576-74fd-4c2e-96ee-38c43da53051;ec5e3b24-af91-4771-a8eb-b64130cef07b,Main Walk-in,Cabbage - Slaw Mix Sysco 4 / 0 LB,4/2 LB,4,2,1,LB,Case,0,Pack,0, LB,0,0,0,0,0,0,,,,,,,,,,,,,,,,,,not comparable,not assessed: no May/June saved session,no_saved_session,Retain dated source evidence; no saved line exists for this batch. Do not infer one from July or August.,oz,128,,
2026-05-31,e2b10b8f-96b3-4bf5-82e4-49b337e9dc5f,bce35ade-689e-4377-bee3-cc6f82be68c9,3574,fb0c07ba-0e79-4abd-b204-8b4114f8cb5f,Cheese - Cheddar Mild Shredded,4118410,persisted resolved_inventory_item_id,40e70d61-3bbf-4d35-b083-5c03a770eee3,40e70d61-3bbf-4d35-b083-5c03a770eee3;d03d3212-97b8-4c43-8e4b-be988f5f895f,Main Walk-in,Cheese - Cheddar Mild Shredded GFs Store 4 / 0 LB,4/5 LB,4,5,1,LB,Case,0,Pack,0, LB,0,0,0,0,0,0,,,,,,,,,,,,,,,,,,not comparable,not assessed: no May/June saved session,no_saved_session,Retain dated source evidence; no saved line exists for this batch. Do not infer one from July or August.,oz,320,,
2026-05-31,e2b10b8f-96b3-4bf5-82e4-49b337e9dc5f,b71b297b-fc48-40b6-b2f4-cf1e016cc8a6,3579,2299aba4-a13d-48a7-93a7-d4f6c4883433,Cheese - Cream Cheese,170047,persisted resolved_inventory_item_id,6fd1fca3-d658-4148-bab4-b59af8d9eb4e,68762c21-ca7f-4915-bf97-4e45bf203ca8;6fd1fca3-d658-4148-bab4-b59af8d9eb4e,Main Walk-in,Cheese - Cream Cheese Cheney Brothers 100 / 0 OZ,100/1 OZ,100,1,1,OZ,Case,1.5,Pack,0, OZ,0,150,150,150,75.29,75.29,,,,,,,,,,,,,,,,,,not comparable,not assessed: no May/June saved session,no_saved_session,Retain dated source evidence; no saved line exists for this batch. Do not infer one from July or August.,oz,100,,
2026-05-31,e2b10b8f-96b3-4bf5-82e4-49b337e9dc5f,b4d05316-c9d3-4705-bfc5-8d1d2b6a807c,3608,7f4629fb-68f5-4f7a-8f8b-fe4b0b34068d,Chicken - Drumsticks,7114960,persisted resolved_inventory_item_id,ac268318-c0c1-49c0-ab53-dfcd948dc5a3,959e1175-ccdd-4876-8257-65362252d303;ac268318-c0c1-49c0-ab53-dfcd948dc5a3,Main Walk-in,Chicken - Drumsticks Sysco 4 / 0 LB,4/10 LB,4,10,1,LB,Case,0,Pack,0, LB,0,0,0,0,0,0,,,,,,,,,,,,,,,,,,not comparable,not assessed: no May/June saved session,no_saved_session,Retain dated source evidence; no saved line exists for this batch. Do not infer one from July or August.,oz,640,,
2026-05-31,e2b10b8f-96b3-4bf5-82e4-49b337e9dc5f,e9a8f6c1-ad18-4a77-bcd2-c008ae019555,3634,eb396168-a806-4260-ab7f-6aa6d03d7809,Cod - Fillet,7036684,persisted resolved_inventory_item_id,035e2e81-e7f5-4f70-b1e5-26a0990cbaa3,035e2e81-e7f5-4f70-b1e5-26a0990cbaa3;458d9749-ef7f-4400-bf74-229bdbe4a87c;69e32c88-9c67-42ab-bd53-3d5bc40d21eb;9f870292-0f8d-413f-9749-40857d09b260,Main Walk-in,Cod - Fillet Sysco 1 / 0 LB,1/10 LB,1,10,1,LB,Case,0,Pack,0, LB,0,0,0,0,0,0,,,,,,,,,,,,,,,,,,not comparable,not assessed: no May/June saved session,no_saved_session,Retain dated source evidence; no saved line exists for this batch. Do not infer one from July or August.,oz,160,,
2026-05-31,e2b10b8f-96b3-4bf5-82e4-49b337e9dc5f,ece1907e-0fda-4ba0-9e25-43030a102c98,3688,227e66c3-1250-4754-9f48-d44abbb6934a,Juice - Lemon,0138818,persisted resolved_inventory_item_id,f7492623-e463-432e-afb8-981255b59177,402447c5-a856-4850-bf1f-0c68d4c70863;f7492623-e463-432e-afb8-981255b59177,Main Walk-in,Juice - Lemon Sysco 4 / 1 GAL,4/1 GAL,4,1,1,GAL,Case,0,Pack,1, GAL,0,1,1,1,9.65,9.65,,,,,,,,,,,,,,,,,,not comparable,not assessed: no May/June saved session,no_saved_session,Retain dated source evidence; no saved line exists for this batch. Do not infer one from July or August.,ml,15141.64,,
2026-05-31,e2b10b8f-96b3-4bf5-82e4-49b337e9dc5f,fd10312c-a00b-4281-8e08-783de26ec713,3715,2082515d-2b87-4407-b413-1362165c524f,Milk - Whole,10174634,persisted resolved_inventory_item_id,db6d748f-7428-433f-b1f3-a8f339886cf0,db6d748f-7428-433f-b1f3-a8f339886cf0;e29b86d4-b302-4e02-99fa-a95e2d170086,Main Walk-in,Milk - Whole Cheney Brothers 4 / 0 GAL,4/1 GAL,4,1,1,GAL,Case,1,Pack,0, GAL,0,4,4,4,27.07,27.07,,,,,,,,,,,,,,,,,,not comparable,not assessed: no May/June saved session,no_saved_session,Retain dated source evidence; no saved line exists for this batch. Do not infer one from July or August.,ml,15141.64,,
2026-05-31,e2b10b8f-96b3-4bf5-82e4-49b337e9dc5f,0dbe319c-a05d-435f-b023-60ee45e21e0e,3737,e7b411b3-a4fd-4a7b-b23c-603ee64bbcb9,Pepperoni,10019742,persisted resolved_inventory_item_id,9ffa64e4-74e8-4b22-b294-b9ddfd2a8a2c,354c9297-9c72-475c-a0a2-4cf3180480f1;4139588d-387f-4d36-8577-bfed7a410328;8c97bd3c-756f-4112-ac97-400aebc76cc4;9ffa64e4-74e8-4b22-b294-b9ddfd2a8a2c,Main Walk-in,Pepperoni Cheney Brothers 2 / 0 LB,2/5 LB,2,5,1,LB,Case,1,Pack,0, LB,0,10,10,10,48.41,48.41,,,,,,,,,,,,,,,,,,not comparable,not assessed: no May/June saved session,no_saved_session,Retain dated source evidence; no saved line exists for this batch. Do not infer one from July or August.,lb,10,,
2026-05-31,e2b10b8f-96b3-4bf5-82e4-49b337e9dc5f,ae7d2575-f83c-4fe9-a2be-11fad78f3288,3753,a8be19c6-1d9f-43fe-a49f-570b37e903f1,Pork - Loin Chop,5741535,persisted resolved_inventory_item_id,af4fe31c-b713-4be5-be92-5b98dffff65d,0a5e1dd1-985e-4a65-bb8d-1ec64a2ec8a3;af4fe31c-b713-4be5-be92-5b98dffff65d,Main Walk-in,Pork - Loin Chop Sysco 20 / 0 OZ,20/8 OZ,20,8,1,OZ,Case,0,Pack,0, OZ,0,0,0,0,0,0,,,,,,,,,,,,,,,,,,not comparable,not assessed: no May/June saved session,no_saved_session,Retain dated source evidence; no saved line exists for this batch. Do not infer one from July or August.,oz,160,,
2026-05-31,e2b10b8f-96b3-4bf5-82e4-49b337e9dc5f,f8d3f323-cc35-4549-bc85-c43a1cd03ce9,3766,5dbebef5-c668-47e9-8e07-13ca19024e32,raw clams,ipswich clam: fast slack whole belly 8x2 16# case,persisted resolved_inventory_item_id,,4cd10579-efe7-4e65-95d2-f8e94370de35,Main Walk-in,raw clams Samuels and Son Seafood Company 1 / 0 LB,1/1 LB,1,1,1,LB,Case,0,Pack,0, LB,0,0,0,0,0,0,,,,,,,,,,,,,,,,,,not comparable,not assessed: no May/June saved session,no_saved_session,Retain dated source evidence; no saved line exists for this batch. Do not infer one from July or August.,oz,16,,
2026-05-31,e2b10b8f-96b3-4bf5-82e4-49b337e9dc5f,39dbe1dc-e3d8-42d5-ac87-47fe6e705cfa,3784,915adcc5-d198-488b-8e9c-fbe4660e0211,SAUCE CHEESE CHDR SHARP,7410467,persisted resolved_inventory_item_id,87184f06-cd5b-4e97-9b69-d9f9837aad88,87184f06-cd5b-4e97-9b69-d9f9837aad88;c93856e9-c3b8-4f6d-8599-e740f5dd146f,Main Walk-in,SAUCE CHEESE CHDR SHARP Sysco 4 / 0 OZ,4/140 OZ,4,140,1,OZ,Case,0,Pack,0, OZ,0,0,0,0,0,0,,,,,,,,,,,,,,,,,,not comparable,not assessed: no May/June saved session,no_saved_session,Retain dated source evidence; no saved line exists for this batch. Do not infer one from July or August.,oz,560,,
2026-05-31,e2b10b8f-96b3-4bf5-82e4-49b337e9dc5f,a681c0d4-5893-40e2-ac43-935f875fb5c9,3828,2c9f7a4d-3d23-4b74-b9e0-a9b75bea9c2b,Tomato - Canned - Diced,3896446,persisted resolved_inventory_item_id,3b6a20fe-3b7f-4507-80d5-0d8a3280221d,3b6a20fe-3b7f-4507-80d5-0d8a3280221d;9a9cd2c5-0509-4be0-937a-e053ac52c88d,Main Walk-in,Tomato - Canned - Diced Sysco 6 / 0 KG,6/2.9 KG,6,2.9,1,KG,Case,0,Pack,0, KG,0,0,0,0,0,0,,,,,,,,,,,,,,,,,,not comparable,not assessed: no May/June saved session,no_saved_session,Retain dated source evidence; no saved line exists for this batch. Do not infer one from July or August.,oz,613.76697,,
2026-05-31,e2b10b8f-96b3-4bf5-82e4-49b337e9dc5f,68d4b9cc-d2a6-4180-b5b3-65a9ec10ba97,3873,8a201862-c42d-41b9-8919-378257e34a5d,Avocado,16005,persisted resolved_inventory_item_id,96961b34-b2e0-49c6-a712-0827694736ed,7f4f5ddb-2686-454d-8ff8-54536de47f62;96961b34-b2e0-49c6-a712-0827694736ed,Bay Window,Avocado Mr. Green's Produce 1 / 0 EA,1/24 EA,1,24,1,EA,Case,0.25,Pack,0, EA,0,6,6,6,11.56,11.56,,,,,,,,,,,,,,,,,,not comparable,not assessed: no May/June saved session,no_saved_session,Retain dated source evidence; no saved line exists for this batch. Do not infer one from July or August.,ea,24,,
2026-05-31,e2b10b8f-96b3-4bf5-82e4-49b337e9dc5f,5169e314-7ccc-4df9-b4dd-fac7162054ea,3877,10583111-5a8e-4e29-a610-70b417cb023d,Banana Peppers,8425001,persisted resolved_inventory_item_id,5f69bc62-d0c3-464f-80f6-4acf2072369c,571aaf70-fb60-4054-aef7-70b03045ea16;5f69bc62-d0c3-464f-80f6-4acf2072369c,Bay Window,Banana Peppers Sysco 1 / 0 GAL,1/1 GAL,1,1,1,GAL,Case,1,Pack,0, GAL,0,1,1,1,8.74,8.74,,,,,,,,,,,,,,,,,,not comparable,not assessed: no May/June saved session,no_saved_session,Retain dated source evidence; no saved line exists for this batch. Do not infer one from July or August.,ml,3785.41,,
2026-05-31,e2b10b8f-96b3-4bf5-82e4-49b337e9dc5f,05c690ca-d44f-45f1-a531-78d6a5d2a080,3881,22fa2ae0-8e78-481b-9ac8-e31c6fe00795,BBQ KC Masterpeice,056055,persisted resolved_inventory_item_id,e1645e73-2244-497a-8b75-0376119c525c,ce0dc541-6ac0-480d-98db-f9a218475e37;e1645e73-2244-497a-8b75-0376119c525c,Bay Window,BBQ KC Masterpeice Cheney Brothers 4 / 0 GAL,4/1 GAL,4,1,1,GAL,Case,0.25,Pack,0, GAL,0,1,1,1,18.39,18.39,,,,,,,,,,,,,,,,,,not comparable,not assessed: no May/June saved session,no_saved_session,Retain dated source evidence; no saved line exists for this batch. Do not infer one from July or August.,ml,15141.64,,
2026-05-31,e2b10b8f-96b3-4bf5-82e4-49b337e9dc5f,577368c8-f552-4ea2-aafa-d23ef272af99,3900,ebc6688b-fe9b-4f2e-b12f-7ef33b6c5a3e,CAPPUCCINO CREAMER Busy bean,30001,persisted resolved_inventory_item_id,afae66e7-bfaa-4b05-9ba3-c867dcc1ba91,287ba8ef-e5f4-4c5b-8fa7-80ea681756f3;afae66e7-bfaa-4b05-9ba3-c867dcc1ba91,Bay Window,CAPPUCCINO CREAMER Busy bean Busy Bean Coffee 1 / 0 Case,1/1 Case,1,1,,CASE,Case,2,Pack,0, Case,0,2,2,2,207.1,207.1,,,,,,,,,,,,,,,,,,not comparable,not assessed: no May/June saved session,no_saved_session,Retain dated source evidence; no saved line exists for this batch. Do not infer one from July or August.,ea,1,,
2026-05-31,e2b10b8f-96b3-4bf5-82e4-49b337e9dc5f,b3fc4c38-0d8f-4025-9563-0efe56380df6,3903,b7d1e7af-ebb1-410f-96da-f2e7e9b52d6c,Celery,cel36,persisted resolved_inventory_item_id,,e16497fc-9aa7-45f0-98b8-7fd0c6a375c9,Bay Window,"Celery Harvill's Produce Co., Inc. 1 / 0 EA",1/36 EA,1,36,1,EA,Case,0.25,Pack,0, EA,0,9,9,9,12.75,12.75,,,,,,,,,,,,,,,,,,not comparable,not assessed: no May/June saved session,no_saved_session,Retain dated source evidence; no saved line exists for this batch. Do not infer one from July or August.,ea,36,,
2026-05-31,e2b10b8f-96b3-4bf5-82e4-49b337e9dc5f,fe4777e0-6371-4f97-a8ce-98244513d015,3904,1508bbda-a482-4d7c-80b3-93572b389e2d,Cheese - American Yellow Sliced,164006,persisted resolved_inventory_item_id,1479bbfe-d0bc-4292-ac42-b9dd3c54d56b,1479bbfe-d0bc-4292-ac42-b9dd3c54d56b;5681f11e-44a6-408a-8bc5-7ab56ad64305,Bay Window,Cheese - American Yellow Sliced Cheney Brothers 4 / 0 LB,4/5 LB,4,5,1,LB,Case,0.25,Pack,0, LB,0,5,5,5,4.23,4.23,,,,,,,,,,,,,,,,,,not comparable,not assessed: no May/June saved session,no_saved_session,Retain dated source evidence; no saved line exists for this batch. Do not infer one from July or August.,oz,320,,
2026-05-31,e2b10b8f-96b3-4bf5-82e4-49b337e9dc5f,7dd897cb-c870-4772-ba4e-e8fab6f32b58,3913,530ffe84-5f03-4ebd-b7a0-41c293083fc3,Cheese - Swiss,184018,persisted resolved_inventory_item_id,d8a14cc0-5659-45b7-8a8e-40d1c4d63aa3,d0ac07e0-4451-4799-a212-84bb967967ff;d8a14cc0-5659-45b7-8a8e-40d1c4d63aa3,Bay Window,Cheese - Swiss Cheney Brothers 1 / 0 LB,1/1 LB,1,1,1,LB,Case,2,Pack,0, LB,0,2,2,2,8.08,8.08,,,,,,,,,,,,,,,,,,not comparable,not assessed: no May/June saved session,no_saved_session,Retain dated source evidence; no saved line exists for this batch. Do not infer one from July or August.,oz,16,,
2026-05-31,e2b10b8f-96b3-4bf5-82e4-49b337e9dc5f,725724b5-e810-4fd7-8afc-5599f6162f30,3940,3ca92b83-df13-4dc6-8096-9f0debbddf29,Demi-Glace,,persisted resolved_inventory_item_id,,0efae3f9-efd3-4294-8045-c5735860897e,Bay Window,Demi-Glace  1 / 0 QT,1/26 QT,1,26,1,QT,Case,0.2,Pack,0, QT,0,5.2,5.2,5.2,521.98,521.98,,,,,,,,,,,,,,,,,,not comparable,not assessed: no May/June saved session,no_saved_session,Retain dated source evidence; no saved line exists for this batch. Do not infer one from July or August.,ml,24605.178,,
2026-05-31,e2b10b8f-96b3-4bf5-82e4-49b337e9dc5f,85f77295-b1a3-4c2f-8ccd-40f4f6e584dd,3962,09f21d3a-2dd9-4904-b944-6db46bf851fd,Grapefruit juice white,10137744,persisted resolved_inventory_item_id,699c26ca-340e-4ccf-9411-d0f1f38c8d9d,699c26ca-340e-4ccf-9411-d0f1f38c8d9d;a3a4bbc6-dd93-4c78-996e-aed13d2410fc,Bay Window,Grapefruit juice white Cheney Brothers 1 / 0 Case,1/24 Case,1,24,1,EA,Case,0,Pack,0, Case,0,0,0,0,0,0,,,,,,,,,,,,,,,,,,not comparable,not assessed: no May/June saved session,no_saved_session,Retain dated source evidence; no saved line exists for this batch. Do not infer one from July or August.,ea,24,,
2026-05-31,e2b10b8f-96b3-4bf5-82e4-49b337e9dc5f,3118e950-8be0-48bd-bdf4-b2b4f5d1fe76,3973,227e66c3-1250-4754-9f48-d44abbb6934a,Juice - Lemon,0138818,persisted resolved_inventory_item_id,f7492623-e463-432e-afb8-981255b59177,402447c5-a856-4850-bf1f-0c68d4c70863;f7492623-e463-432e-afb8-981255b59177,Bay Window,Juice - Lemon Sysco 4 / 0 GAL,4/1 GAL,4,1,1,GAL,Case,0,Pack,0, GAL,0,0,0,0,0,0,,,,,,,,,,,,,,,,,,not comparable,not assessed: no May/June saved session,no_saved_session,Retain dated source evidence; no saved line exists for this batch. Do not infer one from July or August.,ml,15141.64,,
2026-05-31,e2b10b8f-96b3-4bf5-82e4-49b337e9dc5f,af26ca87-9274-4065-8939-ec5631baa847,3981,3fd5dbe7-46fc-4627-9deb-7e2147960f1f,Lobster - Claw and Knuckle meat,5841648,persisted resolved_inventory_item_id,aba8d248-3818-4c49-9d5d-d704d6d6d491,aba8d248-3818-4c49-9d5d-d704d6d6d491;eac70337-a023-4720-9026-19fe24b2dd22,Bay Window,Lobster - Claw and Knuckle meat Sysco 6 / 0 LB,6/2 LB,6,2,1,LB,Case,0,Pack,0, LB,0,0,0,0,0,0,,,,,,,,,,,,,,,,,,not comparable,not assessed: no May/June saved session,no_saved_session,Retain dated source evidence; no saved line exists for this batch. Do not infer one from July or August.,oz,192,,
2026-05-31,e2b10b8f-96b3-4bf5-82e4-49b337e9dc5f,9f416778-7885-418c-bca3-d13ab0d5ba66,3988,2082515d-2b87-4407-b413-1362165c524f,Milk - Whole,10174634,persisted resolved_inventory_item_id,db6d748f-7428-433f-b1f3-a8f339886cf0,db6d748f-7428-433f-b1f3-a8f339886cf0;e29b86d4-b302-4e02-99fa-a95e2d170086,Bay Window,Milk - Whole Cheney Brothers 4 / 0 GAL,4/1 GAL,4,1,1,GAL,Case,0.25,Pack,0, GAL,0,1,1,1,6.77,6.77,,,,,,,,,,,,,,,,,,not comparable,not assessed: no May/June saved session,no_saved_session,Retain dated source evidence; no saved line exists for this batch. Do not infer one from July or August.,ml,15141.64,,
2026-05-31,e2b10b8f-96b3-4bf5-82e4-49b337e9dc5f,5bbae925-d20b-45db-bc29-80d62b6938e4,4014,e7b411b3-a4fd-4a7b-b23c-603ee64bbcb9,Pepperoni,10019742,persisted resolved_inventory_item_id,9ffa64e4-74e8-4b22-b294-b9ddfd2a8a2c,354c9297-9c72-475c-a0a2-4cf3180480f1;4139588d-387f-4d36-8577-bfed7a410328;8c97bd3c-756f-4112-ac97-400aebc76cc4;9ffa64e4-74e8-4b22-b294-b9ddfd2a8a2c,Bay Window,Pepperoni Cheney Brothers 2 / 0 LB,2/5 LB,2,5,1,LB,Case,0.2,Pack,0, LB,0,2,2,2,9.68,9.68,,,,,,,,,,,,,,,,,,not comparable,not assessed: no May/June saved session,no_saved_session,Retain dated source evidence; no saved line exists for this batch. Do not infer one from July or August.,lb,10,,
2026-05-31,e2b10b8f-96b3-4bf5-82e4-49b337e9dc5f,a93a5ba3-f59f-4182-9ea3-99d033926a34,4015,9a02c849-8ef8-4cbe-b973-88791f66f13e,Peppers - Green,pepgrlb,persisted resolved_inventory_item_id,,c41cb306-89d3-4759-ac5f-1691d5837111,Bay Window,"Peppers - Green Harvill's Produce Co., Inc. 1 / 0 LB",1/1 LB,1,1,1,LB,Case,3,Pack,0, LB,0,3,3,3,8.41,8.41,,,,,,,,,,,,,,,,,,not comparable,not assessed: no May/June saved session,no_saved_session,Retain dated source evidence; no saved line exists for this batch. Do not infer one from July or August.,oz,16,,
2026-05-31,e2b10b8f-96b3-4bf5-82e4-49b337e9dc5f,c4231dcf-f0ed-49ee-b234-7e0694ae5af2,4021,a8be19c6-1d9f-43fe-a49f-570b37e903f1,Pork - Loin Chop,5741535,persisted resolved_inventory_item_id,af4fe31c-b713-4be5-be92-5b98dffff65d,0a5e1dd1-985e-4a65-bb8d-1ec64a2ec8a3;af4fe31c-b713-4be5-be92-5b98dffff65d,Bay Window,Pork - Loin Chop Sysco 20 / 0 OZ,20/8 OZ,20,8,1,OZ,Case,0,Pack,0, OZ,0,0,0,0,0,0,,,,,,,,,,,,,,,,,,not comparable,not assessed: no May/June saved session,no_saved_session,Retain dated source evidence; no saved line exists for this batch. Do not infer one from July or August.,oz,160,,
2026-05-31,e2b10b8f-96b3-4bf5-82e4-49b337e9dc5f,cfe61b97-7c5a-4b54-85bc-f470e72eedc3,4033,052d6fd9-4248-46a8-9fe7-c288e6fdbd92,San Pellegrino,100156,persisted resolved_inventory_item_id,17a1df33-9eb0-49c3-b012-8a0d82adec5c,17a1df33-9eb0-49c3-b012-8a0d82adec5c;34e3da43-4352-41ae-a2f2-bee8658111ff,Bay Window,San Pellegrino Cheney Brothers 15 / 0 750ML,15/1 750ML,15,1,750,ML,Case,0.75,Pack,0, 750ML,0,11.25,11.25,8437.5,30.32,30.32,,,,,,,,,,,,,,,,,,not comparable,not assessed: no May/June saved session,no_saved_session,Retain dated source evidence; no saved line exists for this batch. Do not infer one from July or August.,ml,11250,,
2026-05-31,e2b10b8f-96b3-4bf5-82e4-49b337e9dc5f,124de626-ede5-404c-8379-10986b7b577e,4040,87812bf0-6ecb-4ae6-81d8-25fb701d17d3,Shrimp - 16-20,5107525,persisted resolved_inventory_item_id,796777c9-c833-430e-897d-38e74f13ab2c,796777c9-c833-430e-897d-38e74f13ab2c;7a0a26d2-bf05-40be-afaf-ff1dca6b347c,Bay Window,Shrimp - 16-20 Sysco 4 / 0 LB,4/2.5 LB,4,2.5,1,LB,Case,1,Pack,0, LB,0,10,10,10,67.16,67.16,,,,,,,,,,,,,,,,,,not comparable,not assessed: no May/June saved session,no_saved_session,Retain dated source evidence; no saved line exists for this batch. Do not infer one from July or August.,oz,160,,
2026-05-31,e2b10b8f-96b3-4bf5-82e4-49b337e9dc5f,a15bc3ca-5af0-4829-839e-5c4528f2d36b,4074,832f40cc-032b-44ff-a0b6-52e66eaf344c,Apples - Red Delicious,APPRD88HF,persisted resolved_inventory_item_id,e01a19b3-9d23-43b0-aab6-5680d30e8ebc,103efd00-089d-4599-b9bb-938267dac6f0;e01a19b3-9d23-43b0-aab6-5680d30e8ebc,Cafe,"Apples - Red Delicious Harvill's Produce Co., Inc. 1 / 0 EA",1/40 EA,1,40,1,EA,Case,0.2,Pack,0, EA,0,8,8,8,3.92,3.92,,,,,,,,,,,,,,,,,,not comparable,not assessed: no May/June saved session,no_saved_session,Retain dated source evidence; no saved line exists for this batch. Do not infer one from July or August.,ea,40,,
2026-05-31,e2b10b8f-96b3-4bf5-82e4-49b337e9dc5f,c040fc0a-cf27-4b3a-a78e-3abae81c79ea,4075,f84cd047-ef9b-4b18-80b6-8f17033f493a,Arugula,21000,persisted resolved_inventory_item_id,a8a79aac-b97e-4583-9a8d-dd2b0eb81772,72dd1cf1-dfda-4400-a694-c2a53391c6f3;a8a79aac-b97e-4583-9a8d-dd2b0eb81772,Cafe,Arugula Mr. Green's Produce 2 / 0 LB,2/1.5 LB,2,1.5,1,LB,Case,0,Pack,0, LB,0,0,0,0,0,0,,,,,,,,,,,,,,,,,,not comparable,not assessed: no May/June saved session,no_saved_session,Retain dated source evidence; no saved line exists for this batch. Do not infer one from July or August.,oz,48,,
2026-05-31,e2b10b8f-96b3-4bf5-82e4-49b337e9dc5f,9128794c-4342-4fa6-94c6-3e07d9f80a45,4076,e5e23d06-d348-43bd-af0d-1f74b255424d,Asst Lays Chips,6586721,persisted resolved_inventory_item_id,3879c62b-62e2-4f31-98cd-f3b32d1b0cab,3879c62b-62e2-4f31-98cd-f3b32d1b0cab;77185373-c871-473d-9fd5-68f0819e6647,Cafe,Asst Lays Chips Sysco 1 / 0 EA,1/60 EA,1,60,1,EA,Case,0.75,Pack,0, EA,0,45,45,45,30.72,30.72,,,,,,,,,,,,,,,,,,not comparable,not assessed: no May/June saved session,no_saved_session,Retain dated source evidence; no saved line exists for this batch. Do not infer one from July or August.,ea,60,1,60
2026-05-31,e2b10b8f-96b3-4bf5-82e4-49b337e9dc5f,f04cb113-acd6-42c3-bff4-86443e50e91e,4085,22fa2ae0-8e78-481b-9ac8-e31c6fe00795,BBQ KC Masterpeice,056055,persisted resolved_inventory_item_id,e1645e73-2244-497a-8b75-0376119c525c,ce0dc541-6ac0-480d-98db-f9a218475e37;e1645e73-2244-497a-8b75-0376119c525c,Cafe,BBQ KC Masterpeice Cheney Brothers 4 / 0 GAL,4/1 GAL,4,1,1,GAL,Case,0.25,Pack,0, GAL,0,1,1,1,18.39,18.39,,,,,,,,,,,,,,,,,,not comparable,not assessed: no May/June saved session,no_saved_session,Retain dated source evidence; no saved line exists for this batch. Do not infer one from July or August.,ml,15141.64,,
2026-05-31,e2b10b8f-96b3-4bf5-82e4-49b337e9dc5f,487018af-3d7d-4841-a7ec-009d6195c8ad,4099,f16087c9-fb87-4d67-a253-621a31611824,Cabbage - Red,20260,persisted resolved_inventory_item_id,20041d7d-de7f-4b82-84c6-ad231f81357d,20041d7d-de7f-4b82-84c6-ad231f81357d;af1552ee-3beb-410b-af13-6c2c180275d2,Cafe,Cabbage - Red Mr. Green's Produce 1 / 0 LB,1/10 LB,1,10,1,LB,Case,0.5,Pack,0, LB,0,5,5,5,1.85,1.85,,,,,,,,,,,,,,,,,,not comparable,not assessed: no May/June saved session,no_saved_session,Retain dated source evidence; no saved line exists for this batch. Do not infer one from July or August.,oz,160,,
2026-05-31,e2b10b8f-96b3-4bf5-82e4-49b337e9dc5f,1b5a3f5e-a7a6-4618-a176-126facacd64d,4100,5413aa19-e7a0-4681-9552-88b9386ee1e8,Cabbage - Slaw Mix,4966146,persisted resolved_inventory_item_id,0f3bb576-74fd-4c2e-96ee-38c43da53051,0f3bb576-74fd-4c2e-96ee-38c43da53051;ec5e3b24-af91-4771-a8eb-b64130cef07b,Cafe,Cabbage - Slaw Mix Sysco 4 / 0 LB,4/2 LB,4,2,1,LB,Case,0,Pack,0, LB,0,0,0,0,0,0,,,,,,,,,,,,,,,,,,not comparable,not assessed: no May/June saved session,no_saved_session,Retain dated source evidence; no saved line exists for this batch. Do not infer one from July or August.,oz,128,,
2026-05-31,e2b10b8f-96b3-4bf5-82e4-49b337e9dc5f,ffa8cd95-cab3-43da-bcd9-dee23c144440,4108,1508bbda-a482-4d7c-80b3-93572b389e2d,Cheese - American Yellow Sliced,164006,persisted resolved_inventory_item_id,1479bbfe-d0bc-4292-ac42-b9dd3c54d56b,1479bbfe-d0bc-4292-ac42-b9dd3c54d56b;5681f11e-44a6-408a-8bc5-7ab56ad64305,Cafe,Cheese - American Yellow Sliced Cheney Brothers 4 / 0 LB,4/5 LB,4,5,1,LB,Case,1,Pack,0, LB,0,20,20,20,16.9,16.9,,,,,,,,,,,,,,,,,,not comparable,not assessed: no May/June saved session,no_saved_session,Retain dated source evidence; no saved line exists for this batch. Do not infer one from July or August.,oz,320,,
2026-05-31,e2b10b8f-96b3-4bf5-82e4-49b337e9dc5f,60b91e52-3869-4ddb-b5a7-e31d2f28f173,4113,530ffe84-5f03-4ebd-b7a0-41c293083fc3,Cheese - Swiss,184018,persisted resolved_inventory_item_id,d8a14cc0-5659-45b7-8a8e-40d1c4d63aa3,d0ac07e0-4451-4799-a212-84bb967967ff;d8a14cc0-5659-45b7-8a8e-40d1c4d63aa3,Cafe,Cheese - Swiss Cheney Brothers 1 / 0 LB,1/1 LB,1,1,1,LB,Case,2,Pack,0, LB,0,2,2,2,8.08,8.08,,,,,,,,,,,,,,,,,,not comparable,not assessed: no May/June saved session,no_saved_session,Retain dated source evidence; no saved line exists for this batch. Do not infer one from July or August.,oz,16,,
2026-05-31,e2b10b8f-96b3-4bf5-82e4-49b337e9dc5f,4426903b-d292-4fb2-a54b-be79400d1059,4132,bf7d61ea-6303-4949-9b35-cd37f8ab8521,Dijon PC,,persisted resolved_inventory_item_id,,0c33ee56-17f5-4ce5-aa5a-5540a824954f,Cafe,Dijon PC  1 / 0 Case,1/200 Case,1,200,1,EA,Case,0.25,Pack,0, Case,0,50,50,50,6.01,6.01,,,,,,,,,,,,,,,,,,not comparable,not assessed: no May/June saved session,no_saved_session,Retain dated source evidence; no saved line exists for this batch. Do not infer one from July or August.,ea,200,,
2026-05-31,e2b10b8f-96b3-4bf5-82e4-49b337e9dc5f,576936ab-a579-4094-b604-d1f145dd7a56,4154,09f21d3a-2dd9-4904-b944-6db46bf851fd,Grapefruit juice white,10137744,persisted resolved_inventory_item_id,699c26ca-340e-4ccf-9411-d0f1f38c8d9d,699c26ca-340e-4ccf-9411-d0f1f38c8d9d;a3a4bbc6-dd93-4c78-996e-aed13d2410fc,Cafe,Grapefruit juice white Cheney Brothers 1 / 0 Case,1/24 Case,1,24,1,EA,Case,0,Pack,0, Case,0,0,0,0,0,0,,,,,,,,,,,,,,,,,,not comparable,not assessed: no May/June saved session,no_saved_session,Retain dated source evidence; no saved line exists for this batch. Do not infer one from July or August.,ea,24,,
2026-05-31,e2b10b8f-96b3-4bf5-82e4-49b337e9dc5f,38671322-e68d-4320-b8c4-6fcb2b9b6b35,4159,ed26e500-dd37-40ac-b77f-8538cd12e994,Hoagie Roll,26074-x,persisted resolved_inventory_item_id,,b243ba3c-c3d2-4b10-800c-d68771dd0bab,Cafe,Hoagie Roll Olde Hearth Bread Company 1 / 0 EA,1/1 EA,1,1,1,EA,Case,0,Pack,0, EA,0,0,0,0,0,0,,,,,,,,,,,,,,,,,,not comparable,not assessed: no May/June saved session,no_saved_session,Retain dated source evidence; no saved line exists for this batch. Do not infer one from July or August.,ea,1,,
2026-05-31,e2b10b8f-96b3-4bf5-82e4-49b337e9dc5f,1b850430-88ee-4509-9fc1-aa9ae9ccd252,4172,227e66c3-1250-4754-9f48-d44abbb6934a,Juice - Lemon,0138818,persisted resolved_inventory_item_id,f7492623-e463-432e-afb8-981255b59177,402447c5-a856-4850-bf1f-0c68d4c70863;f7492623-e463-432e-afb8-981255b59177,Cafe,Juice - Lemon Sysco 4 / 0 GAL,4/1 GAL,4,1,1,GAL,Case,0.25,Pack,0, GAL,0,1,1,1,9.65,9.65,,,,,,,,,,,,,,,,,,not comparable,not assessed: no May/June saved session,no_saved_session,Retain dated source evidence; no saved line exists for this batch. Do not infer one from July or August.,ml,15141.64,,
2026-05-31,e2b10b8f-96b3-4bf5-82e4-49b337e9dc5f,09b5d7e7-3721-4db5-9a20-5275ba823b53,4178,50e5d27d-e7bb-420a-85e2-780e2ea9e134,Lemonade,4800807,persisted resolved_inventory_item_id,eeac0578-f44b-44c0-b66a-f252bf1a7bbd,ecbd0e79-1650-42a9-942f-e24781191e36;eeac0578-f44b-44c0-b66a-f252bf1a7bbd,Cafe,Lemonade Sysco 15 / 0 OZ,15/14 OZ,15,14,1,OZ,Case,0,Pack,0, OZ,0,0,0,0,0,0,,,,,,,,,,,,,,,,,,not comparable,not assessed: no May/June saved session,no_saved_session,Retain dated source evidence; no saved line exists for this batch. Do not infer one from July or August.,oz,210,,
2026-05-31,e2b10b8f-96b3-4bf5-82e4-49b337e9dc5f,106fa954-09c8-45be-b1c1-8bb2273f3e83,4192,2082515d-2b87-4407-b413-1362165c524f,Milk - Whole,10174634,persisted resolved_inventory_item_id,db6d748f-7428-433f-b1f3-a8f339886cf0,db6d748f-7428-433f-b1f3-a8f339886cf0;e29b86d4-b302-4e02-99fa-a95e2d170086,Cafe,Milk - Whole Cheney Brothers 4 / 0 GAL,4/1 GAL,4,1,1,GAL,Case,0.25,Pack,0, GAL,0,1,1,1,6.77,6.77,,,,,,,,,,,,,,,,,,not comparable,not assessed: no May/June saved session,no_saved_session,Retain dated source evidence; no saved line exists for this batch. Do not infer one from July or August.,ml,15141.64,,
2026-05-31,e2b10b8f-96b3-4bf5-82e4-49b337e9dc5f,675d2599-4522-469b-88f4-71df4a1517d6,4218,6dc046ec-1ebe-448b-89c2-9d8dc31644a2,Onions - Yellow,27150,persisted resolved_inventory_item_id,0eef141a-78a2-4317-9824-dc38ead915de,0eef141a-78a2-4317-9824-dc38ead915de;18c17014-4bc7-4e84-b5e8-7f0eb2e8c442,Cafe,Onions - Yellow Mr. Green's Produce 1 / 0 LB,1/5 LB,1,5,1,LB,Case,0.2,Pack,0, LB,0,1,1,1,1.07,1.07,,,,,,,,,,,,,,,,,,not comparable,not assessed: no May/June saved session,no_saved_session,Retain dated source evidence; no saved line exists for this batch. Do not infer one from July or August.,oz,80,,
2026-05-31,e2b10b8f-96b3-4bf5-82e4-49b337e9dc5f,1e5008ea-1bf5-486e-b7c3-d69a6ce09c70,4232,e7b411b3-a4fd-4a7b-b23c-603ee64bbcb9,Pepperoni,10019742,persisted resolved_inventory_item_id,9ffa64e4-74e8-4b22-b294-b9ddfd2a8a2c,354c9297-9c72-475c-a0a2-4cf3180480f1;4139588d-387f-4d36-8577-bfed7a410328;8c97bd3c-756f-4112-ac97-400aebc76cc4;9ffa64e4-74e8-4b22-b294-b9ddfd2a8a2c,Cafe,Pepperoni Cheney Brothers 2 / 0 LB,2/5 LB,2,5,1,LB,Case,0,Pack,0, LB,0,0,0,0,0,0,,,,,,,,,,,,,,,,,,not comparable,not assessed: no May/June saved session,no_saved_session,Retain dated source evidence; no saved line exists for this batch. Do not infer one from July or August.,lb,10,,
2026-05-31,e2b10b8f-96b3-4bf5-82e4-49b337e9dc5f,65773668-ce68-4dc0-9bc8-916832d486bb,4233,9a02c849-8ef8-4cbe-b973-88791f66f13e,Peppers - Green,pepgrlb,persisted resolved_inventory_item_id,,c41cb306-89d3-4759-ac5f-1691d5837111,Cafe,"Peppers - Green Harvill's Produce Co., Inc. 1 / 0 LB",1/1 LB,1,1,1,LB,Case,2,Pack,0, LB,0,2,2,2,5.61,5.61,,,,,,,,,,,,,,,,,,not comparable,not assessed: no May/June saved session,no_saved_session,Retain dated source evidence; no saved line exists for this batch. Do not infer one from July or August.,oz,16,,
2026-05-31,e2b10b8f-96b3-4bf5-82e4-49b337e9dc5f,ac9a8483-1a88-44b9-bb23-c695bb274dc4,4262,87812bf0-6ecb-4ae6-81d8-25fb701d17d3,Shrimp - 16-20,5107525,persisted resolved_inventory_item_id,796777c9-c833-430e-897d-38e74f13ab2c,796777c9-c833-430e-897d-38e74f13ab2c;7a0a26d2-bf05-40be-afaf-ff1dca6b347c,Cafe,Shrimp - 16-20 Sysco 4 / 0 LB,4/2.5 LB,4,2.5,1,LB,Case,0,Pack,0, LB,0,0,0,0,0,0,,,,,,,,,,,,,,,,,,not comparable,not assessed: no May/June saved session,no_saved_session,Retain dated source evidence; no saved line exists for this batch. Do not infer one from July or August.,oz,160,,
2026-05-31,e2b10b8f-96b3-4bf5-82e4-49b337e9dc5f,63dc8d96-5281-4a2a-92e4-acdf666943c6,4285,ab085b7e-968f-489a-8441-5d5267a2378b,Tuna,4434235,persisted resolved_inventory_item_id,faa67824-170c-420d-902c-34a1d9d70a7f,c67b9d79-d184-421b-b535-6d21510a8eb6;faa67824-170c-420d-902c-34a1d9d70a7f,Cafe,Tuna Sysco 1 / 0 LB,1/10 LB,1,10,1,LB,Case,0,Pack,0, LB,0,0,0,0,0,0,,,,,,,,,,,,,,,,,,not comparable,not assessed: no May/June saved session,no_saved_session,Retain dated source evidence; no saved line exists for this batch. Do not infer one from July or August.,oz,160,,
2026-05-31,e2b10b8f-96b3-4bf5-82e4-49b337e9dc5f,6f367ad1-b438-4fe2-b5ad-c0e6877611b9,4292,686b2d0b-7852-40fe-ae11-2e7c75945858,Veggie Burger,204032,persisted resolved_inventory_item_id,2e3ac4da-ab4a-4c16-813f-a33603642de8,2e3ac4da-ab4a-4c16-813f-a33603642de8;99e11e7f-c0aa-4fee-ab80-07de34530557,Cafe,Veggie Burger Cheney Brothers 29 / 0 OZ,29/5.5 OZ,29,5.5,1,OZ,Case,0,Pack,0, OZ,0,0,0,0,0,0,,,,,,,,,,,,,,,,,,not comparable,not assessed: no May/June saved session,no_saved_session,Retain dated source evidence; no saved line exists for this batch. Do not infer one from July or August.,oz,159.5,,
2026-05-31,e2b10b8f-96b3-4bf5-82e4-49b337e9dc5f,a5c928b9-4312-4e1b-8863-efe682146c2b,4306,3ca92b83-df13-4dc6-8096-9f0debbddf29,Demi-Glace,,persisted resolved_inventory_item_id,,0efae3f9-efd3-4294-8045-c5735860897e,Quart freezer,Demi-Glace  1 / 0 QT,1/26 QT,1,26,1,QT,Case,1,Pack,0, QT,0,26,26,26,2609.89,2609.89,,,,,,,,,,,,,,,,,,not comparable,not assessed: no May/June saved session,no_saved_session,Retain dated source evidence; no saved line exists for this batch. Do not infer one from July or August.,ml,24605.178,,
2026-05-31,e2b10b8f-96b3-4bf5-82e4-49b337e9dc5f,a36d2636-a54c-4ff9-8635-72158929730c,4346,ed26e500-dd37-40ac-b77f-8538cd12e994,Hoagie Roll,26074-x,persisted resolved_inventory_item_id,,b243ba3c-c3d2-4b10-800c-d68771dd0bab,Bread Reach-in,Hoagie Roll Olde Hearth Bread Company 1 / 0 EA,1/1 EA,1,1,1,EA,Case,0,Pack,0, EA,0,0,0,0,0,0,,,,,,,,,,,,,,,,,,not comparable,not assessed: no May/June saved session,no_saved_session,Retain dated source evidence; no saved line exists for this batch. Do not infer one from July or August.,ea,1,,
2026-05-31,e2b10b8f-96b3-4bf5-82e4-49b337e9dc5f,5e993ba2-5395-47e7-b46b-e4e89b2b8159,4393,09f21d3a-2dd9-4904-b944-6db46bf851fd,Grapefruit juice white,10137744,persisted resolved_inventory_item_id,699c26ca-340e-4ccf-9411-d0f1f38c8d9d,699c26ca-340e-4ccf-9411-d0f1f38c8d9d;a3a4bbc6-dd93-4c78-996e-aed13d2410fc,Dry Storeroom,Grapefruit juice white Cheney Brothers 1 / 0 Case,1/24 Case,1,24,1,EA,Case,0,Pack,0, Case,0,0,0,0,0,0,,,,,,,,,,,,,,,,,,not comparable,not assessed: no May/June saved session,no_saved_session,Retain dated source evidence; no saved line exists for this batch. Do not infer one from July or August.,ea,24,,
2026-05-31,e2b10b8f-96b3-4bf5-82e4-49b337e9dc5f,d7c688d4-ca13-4035-80cf-06b40c60b8eb,4396,cc340f68-814a-4bce-bb72-1c68330d3e7a,DRINK GATORADE G2 FRUIT PUNCH,098019,persisted resolved_inventory_item_id,32f849ab-17ad-46ba-8042-9c4e5989c105,32f849ab-17ad-46ba-8042-9c4e5989c105;44797aec-89d5-45e4-942d-5d9ff04fd097,Dry Storeroom,DRINK GATORADE G2 FRUIT PUNCH Cheney Brothers 1 / 0 Case,1/1 Case,1,1,,CASE,Case,1,Pack,0, Case,0,1,1,1,36.89,36.89,,,,,,,,,,,,,,,,,,not comparable,not assessed: no May/June saved session,no_saved_session,Retain dated source evidence; no saved line exists for this batch. Do not infer one from July or August.,ea,1,,
2026-05-31,e2b10b8f-96b3-4bf5-82e4-49b337e9dc5f,ea12694b-7c5b-4107-a637-bcafcb67349d,4448,2f1081be-3de4-46f0-9af8-8ea1a20145ce,Olive Oil - Extra Virgin,FP-250,persisted resolved_inventory_item_id,ca92ab09-ee5c-4342-af16-d92a98b57eea,0760920e-760b-4e3e-98cb-0677fc932150;ca92ab09-ee5c-4342-af16-d92a98b57eea,Dry Storeroom,Olive Oil - Extra Virgin Ambrosia Market 1 / 0 ML,1/250 ML,1,250,1,ML,Case,0,Pack,0, ML,0,0,0,0,0,0,,,,,,,,,,,,,,,,,,not comparable,not assessed: no May/June saved session,no_saved_session,Retain dated source evidence; no saved line exists for this batch. Do not infer one from July or August.,ml,250,,
2026-05-31,e2b10b8f-96b3-4bf5-82e4-49b337e9dc5f,41d4909c-3b50-44d8-b47e-90f63f495e39,4451,ebc6688b-fe9b-4f2e-b12f-7ef33b6c5a3e,CAPPUCCINO CREAMER Busy bean,30001,persisted resolved_inventory_item_id,afae66e7-bfaa-4b05-9ba3-c867dcc1ba91,287ba8ef-e5f4-4c5b-8fa7-80ea681756f3;afae66e7-bfaa-4b05-9ba3-c867dcc1ba91,Dry Storeroom,CAPPUCCINO CREAMER Busy bean Busy Bean Coffee 1 / 0 Case,1/1 Case,1,1,,CASE,Case,5,Pack,0, Case,0,5,5,5,517.75,517.75,,,,,,,,,,,,,,,,,,not comparable,not assessed: no May/June saved session,no_saved_session,Retain dated source evidence; no saved line exists for this batch. Do not infer one from July or August.,ea,1,,
2026-05-31,e2b10b8f-96b3-4bf5-82e4-49b337e9dc5f,dd018558-069f-4ee1-934a-64e64ba37c32,4469,50e5d27d-e7bb-420a-85e2-780e2ea9e134,Lemonade,4800807,persisted resolved_inventory_item_id,eeac0578-f44b-44c0-b66a-f252bf1a7bbd,ecbd0e79-1650-42a9-942f-e24781191e36;eeac0578-f44b-44c0-b66a-f252bf1a7bbd,Dry Storeroom,Lemonade Sysco 15 / 0 OZ,15/14 OZ,15,14,1,OZ,Case,2,Pack,0, OZ,0,30,30,420,121.26,121.26,,,,,,,,,,,,,,,,,,not comparable,not assessed: no May/June saved session,no_saved_session,Retain dated source evidence; no saved line exists for this batch. Do not infer one from July or August.,oz,210,,
2026-05-31,e2b10b8f-96b3-4bf5-82e4-49b337e9dc5f,9eec5922-5693-45fb-9b2f-975b5d4de5b1,4535,f65ce3b2-2d2b-4135-9e8f-762daacc3973,Vinegar - Sherry,062008,persisted resolved_inventory_item_id,9517e4dc-7d15-4e79-9e74-85e87c70113d,3bf86697-2044-44bd-a404-6408afcff98a;9517e4dc-7d15-4e79-9e74-85e87c70113d,Dry Storeroom,Vinegar - Sherry Cheney Brothers 1 / 0 OZ,1/25.4 OZ,1,25.4,1,OZ,Case,4,Pack,0, OZ,0,4,4,101.6,44.88,44.88,,,,,,,,,,,,,,,,,,not comparable,not assessed: no May/June saved session,no_saved_session,Retain dated source evidence; no saved line exists for this batch. Do not infer one from July or August.,oz,25.4,,
2026-05-31,e2b10b8f-96b3-4bf5-82e4-49b337e9dc5f,ccc672f4-1c0e-4820-b566-1cd1c62b522d,4544,052d6fd9-4248-46a8-9fe7-c288e6fdbd92,San Pellegrino,100156,persisted resolved_inventory_item_id,17a1df33-9eb0-49c3-b012-8a0d82adec5c,17a1df33-9eb0-49c3-b012-8a0d82adec5c;34e3da43-4352-41ae-a2f2-bee8658111ff,Dry Storeroom,San Pellegrino Cheney Brothers 15 / 0 750ML,15/1 750ML,15,1,750,ML,Case,2,Pack,0, 750ML,0,30,30,22500,80.86,80.86,,,,,,,,,,,,,,,,,,not comparable,not assessed: no May/June saved session,no_saved_session,Retain dated source evidence; no saved line exists for this batch. Do not infer one from July or August.,ml,11250,,
2026-05-31,e2b10b8f-96b3-4bf5-82e4-49b337e9dc5f,3d444da6-d665-4221-a441-ab2b73e5487f,4548,bf7d61ea-6303-4949-9b35-cd37f8ab8521,Dijon PC,,persisted resolved_inventory_item_id,,0c33ee56-17f5-4ce5-aa5a-5540a824954f,Dry Storeroom,Dijon PC  1 / 0 Case,1/200 Case,1,200,1,EA,Case,1,Pack,0, Case,0,200,200,200,24.04,24.04,,,,,,,,,,,,,,,,,,not comparable,not assessed: no May/June saved session,no_saved_session,Retain dated source evidence; no saved line exists for this batch. Do not infer one from July or August.,ea,200,,
2026-05-31,e2b10b8f-96b3-4bf5-82e4-49b337e9dc5f,3ff87a1f-8148-4657-8a67-7db242f55823,4555,7734d316-0947-4b52-bd05-aab427c2b26a,shortening cube,,persisted resolved_inventory_item_id,,30bdeb22-5ef1-480b-aa4e-d27627ac6fee,Dry Storeroom,shortening cube  1 / 0 Case,1/50 Case,1,50,1,EA,Case,0.6,Pack,0, Case,0,30,30,30,31.98,31.98,,,,,,,,,,,,,,,,,,not comparable,not assessed: no May/June saved session,no_saved_session,Retain dated source evidence; no saved line exists for this batch. Do not infer one from July or August.,ea,50,,
2026-05-31,e2b10b8f-96b3-4bf5-82e4-49b337e9dc5f,f64fdadd-5d8f-41e8-a252-4fe43744b422,4557,eb8bab18-117b-4b13-ae61-57eca6aa2e03,Popcorn Kit,,persisted resolved_inventory_item_id,,9c609e20-234f-460b-a2b6-8a432612a79c,Dry Storeroom,Popcorn Kit  24 / 0 Case,24/16 Case,24,16,1,EA,Case,1,Pack,0, Case,0,384,384,384,34.44,34.44,,,,,,,,,,,,,,,,,,not comparable,not assessed: no May/June saved session,no_saved_session,Retain dated source evidence; no saved line exists for this batch. Do not infer one from July or August.,ea,384,,
2026-05-31,e2b10b8f-96b3-4bf5-82e4-49b337e9dc5f,3b1c5cb0-d18e-4f2b-99a5-ea2c321d283b,4562,d701a245-7b2c-436c-a548-41a92ce85b67,Dill - Dried,HERBDB,persisted resolved_inventory_item_id,,4a599445-2865-4dcc-b6a6-b43f8677058c,Dry Storeroom,"Dill - Dried Harvill's Produce Co., Inc. 1 / 0 OZ",1/1 OZ,1,1,1,OZ,Case,1,Pack,0, OZ,0,1,1,1,11.25,11.25,,,,,,,,,,,,,,,,,,not comparable,not assessed: no May/June saved session,no_saved_session,Retain dated source evidence; no saved line exists for this batch. Do not infer one from July or August.,oz,1,,
2026-05-31,e2b10b8f-96b3-4bf5-82e4-49b337e9dc5f,c97a949f-b017-46a0-a3c5-3c402503a55b,4577,714b4fec-6ac8-4163-89e4-e92e67eee6c3,Marjoram - Dried,8934448,persisted resolved_inventory_item_id,83b2c3cd-b187-4cc5-86d4-c358cae70a2d,7e31095e-b874-4bb0-81e7-ddecc4ba5b1c;83b2c3cd-b187-4cc5-86d4-c358cae70a2d,Dry Storeroom,Marjoram - Dried Sysco 1 / 0 OZ,1/3 OZ,1,3,1,OZ,Case,1,Pack,0, OZ,0,1,1,3,19.09,19.09,,,,,,,,,,,,,,,,,,not comparable,not assessed: no May/June saved session,no_saved_session,Retain dated source evidence; no saved line exists for this batch. Do not infer one from July or August.,oz,3,,
2026-05-31,e2b10b8f-96b3-4bf5-82e4-49b337e9dc5f,b7a7b3b3-6876-43b4-9b75-b34a99e2ff6f,4645,22fa2ae0-8e78-481b-9ac8-e31c6fe00795,BBQ KC Masterpeice,056055,persisted resolved_inventory_item_id,e1645e73-2244-497a-8b75-0376119c525c,ce0dc541-6ac0-480d-98db-f9a218475e37;e1645e73-2244-497a-8b75-0376119c525c,Dry Storeroom,BBQ KC Masterpeice Cheney Brothers 4 / 0 GAL,4/1 GAL,4,1,1,GAL,Case,1,Pack,0, GAL,0,4,4,4,73.57,73.57,,,,,,,,,,,,,,,,,,not comparable,not assessed: no May/June saved session,no_saved_session,Retain dated source evidence; no saved line exists for this batch. Do not infer one from July or August.,ml,15141.64,,
2026-05-31,e2b10b8f-96b3-4bf5-82e4-49b337e9dc5f,35a45f0a-454f-4832-a4ab-85b82726f002,4674,f3b9bcc7-b4b9-42c3-9429-c9c156cd7169,Apricot - Dried,62450,persisted resolved_inventory_item_id,c1a157b1-f3a9-4dc6-a214-7894a0711db0,2ede2623-8cc8-43e6-b563-12fe2134c920;c1a157b1-f3a9-4dc6-a214-7894a0711db0,Dry Storeroom,Apricot - Dried Mr. Green's Produce 1 / 0 LB,1/10 LB,1,10,1,LB,Case,1,Pack,0, LB,0,10,10,10,111.2,111.2,,,,,,,,,,,,,,,,,,not comparable,not assessed: no May/June saved session,no_saved_session,Retain dated source evidence; no saved line exists for this batch. Do not infer one from July or August.,oz,160,,
2026-05-31,e2b10b8f-96b3-4bf5-82e4-49b337e9dc5f,3f1bf99b-adb9-4fc4-92ba-4b434c3fdf92,4676,69163edf-e544-4903-aa69-70df7476bcd6,Artichoke - Hearts,158015,persisted resolved_inventory_item_id,8fda725a-2fe2-486d-84ac-23a14a9bd569,0583ab6c-ad4f-4d69-bdc6-1bcabe75fd0a;8fda725a-2fe2-486d-84ac-23a14a9bd569,Dry Storeroom,Artichoke - Hearts Cheney Brothers 6 / 0 KG,6/3 KG,6,3,1,KG,Case,0.33,Pack,0, KG,0,5.94,5.94,5.94,33.3,33.3,,,,,,,,,,,,,,,,,,not comparable,not assessed: no May/June saved session,no_saved_session,Retain dated source evidence; no saved line exists for this batch. Do not infer one from July or August.,oz,634.93134,,
2026-05-31,e2b10b8f-96b3-4bf5-82e4-49b337e9dc5f,4c9414dd-949e-4bd4-879f-278befdb311d,4677,e5e23d06-d348-43bd-af0d-1f74b255424d,Asst Lays Chips,6586721,persisted resolved_inventory_item_id,3879c62b-62e2-4f31-98cd-f3b32d1b0cab,3879c62b-62e2-4f31-98cd-f3b32d1b0cab;77185373-c871-473d-9fd5-68f0819e6647,Dry Storeroom,Asst Lays Chips Sysco 1 / 0 EA,1/60 EA,1,60,1,EA,Case,3,Pack,0, EA,0,180,180,180,122.88,122.88,,,,,,,,,,,,,,,,,,not comparable,not assessed: no May/June saved session,no_saved_session,Retain dated source evidence; no saved line exists for this batch. Do not infer one from July or August.,ea,60,1,60
2026-05-31,e2b10b8f-96b3-4bf5-82e4-49b337e9dc5f,98885d88-3fb8-4c7e-9fe3-ef386c62f9a7,4683,10583111-5a8e-4e29-a610-70b417cb023d,Banana Peppers,8425001,persisted resolved_inventory_item_id,5f69bc62-d0c3-464f-80f6-4acf2072369c,571aaf70-fb60-4054-aef7-70b03045ea16;5f69bc62-d0c3-464f-80f6-4acf2072369c,Dry Storeroom,Banana Peppers Sysco 1 / 0 GAL,1/1 GAL,1,1,1,GAL,Case,2,Pack,0, GAL,0,2,2,2,17.48,17.48,,,,,,,,,,,,,,,,,,not comparable,not assessed: no May/June saved session,no_saved_session,Retain dated source evidence; no saved line exists for this batch. Do not infer one from July or August.,ml,3785.41,,
2026-05-31,e2b10b8f-96b3-4bf5-82e4-49b337e9dc5f,77fe9373-40df-42ef-a352-6c705f6a70c7,4761,2430d0c3-9041-4987-a9d6-6d6c0d88424c,BONNE-MAMAN HONEY MINI,66206,persisted resolved_inventory_item_id,47974166-77f5-480a-8c6f-67c659b82eba,47974166-77f5-480a-8c6f-67c659b82eba;85fb5024-6c88-4066-ac46-fd9a225724f4,Dry Storeroom,BONNE-MAMAN HONEY MINI Mr. Green's Produce 1 / 0 EA,1/60 EA,1,60,1,EA,Case,4,Pack,0, EA,0,240,240,240,272.36,272.36,,,,,,,,,,,,,,,,,,not comparable,not assessed: no May/June saved session,no_saved_session,Retain dated source evidence; no saved line exists for this batch. Do not infer one from July or August.,ea,60,,
2026-05-31,e2b10b8f-96b3-4bf5-82e4-49b337e9dc5f,fe189bfa-4c7a-407b-b39b-c2b29f3a8e6c,4766,227e66c3-1250-4754-9f48-d44abbb6934a,Juice - Lemon,0138818,persisted resolved_inventory_item_id,f7492623-e463-432e-afb8-981255b59177,402447c5-a856-4850-bf1f-0c68d4c70863;f7492623-e463-432e-afb8-981255b59177,Dry Storeroom,Juice - Lemon Sysco 4 / 0 GAL,4/1 GAL,4,1,1,GAL,Case,0.5,Pack,0, GAL,0,2,2,2,19.31,19.31,,,,,,,,,,,,,,,,,,not comparable,not assessed: no May/June saved session,no_saved_session,Retain dated source evidence; no saved line exists for this batch. Do not infer one from July or August.,ml,15141.64,,
2026-05-31,e2b10b8f-96b3-4bf5-82e4-49b337e9dc5f,aec713d4-b3c9-4653-9243-9f5e2a486c7f,4895,816f766a-c8cb-4786-8dae-f08b8223e588,TEA TWININGS ENGLISH BRKFST 6/,27032,persisted resolved_inventory_item_id,2d8e7bae-c368-47e9-b91e-af2cbee6938c,2322a356-6633-4bae-acd7-aaf5ac5feda6;2d8e7bae-c368-47e9-b91e-af2cbee6938c,Dry Storeroom,TEA TWININGS ENGLISH BRKFST 6/ Community Coffee 1 / 0 Case,1/1 Case,1,1,,CASE,Case,1,Pack,0, Case,0,1,1,1,5.14,5.14,,,,,,,,,,,,,,,,,,not comparable,not assessed: no May/June saved session,no_saved_session,Retain dated source evidence; no saved line exists for this batch. Do not infer one from July or August.,ea,1,,
2026-05-31,e2b10b8f-96b3-4bf5-82e4-49b337e9dc5f,36d17065-4250-4969-9b1b-32a405393fe3,4900,2c9f7a4d-3d23-4b74-b9e0-a9b75bea9c2b,Tomato - Canned - Diced,3896446,persisted resolved_inventory_item_id,3b6a20fe-3b7f-4507-80d5-0d8a3280221d,3b6a20fe-3b7f-4507-80d5-0d8a3280221d;9a9cd2c5-0509-4be0-937a-e053ac52c88d,Dry Storeroom,Tomato - Canned - Diced Sysco 6 / 0 KG,6/2.9 KG,6,2.9,1,KG,Case,1.5,Pack,0, KG,0,26.1,26.1,26.1,62.76,62.76,,,,,,,,,,,,,,,,,,not comparable,not assessed: no May/June saved session,no_saved_session,Retain dated source evidence; no saved line exists for this batch. Do not infer one from July or August.,oz,613.76697,,
2026-05-31,e2b10b8f-96b3-4bf5-82e4-49b337e9dc5f,7696c508-5e10-4bd7-a68d-1019ef599b79,4972,512f9b4b-fd6a-4a23-9dcc-481222671d9b,Tofu - Firm,10061871,persisted resolved_inventory_item_id,36882e37-f711-4fb1-9f5b-c22766fd72ee,36882e37-f711-4fb1-9f5b-c22766fd72ee;f4fdcdc7-78a6-4e3d-a8ac-f65f44201f6b,Front Reach-in Freezer,Tofu - Firm Cheney Brothers 12 / 0 OZ,12/19 OZ,12,19,1,OZ,Case,0,Pack,0, OZ,0,0,0,0,0,0,,,,,,,,,,,,,,,,,,not comparable,not assessed: no May/June saved session,no_saved_session,Retain dated source evidence; no saved line exists for this batch. Do not infer one from July or August.,oz,228,,
2026-05-31,e2b10b8f-96b3-4bf5-82e4-49b337e9dc5f,5dd14947-99de-42d1-9631-76ec58541ddf,4977,6d75b0d6-e90f-44c8-9bd5-de9457e6c378,Anniversary Chocolate,,persisted resolved_inventory_item_id,,1f2cc1e0-1f54-40c5-9884-f75e90bdd6b6,Pastry Shop,Anniversary Chocolate  1 / 0 Case,1/1 Case,1,1,,CASE,Case,0.75,Pack,0, Case,0,0.75,0.75,0.75,38.49,38.49,,,,,,,,,,,,,,,,,,not comparable,not assessed: no May/June saved session,no_saved_session,Retain dated source evidence; no saved line exists for this batch. Do not infer one from July or August.,ea,1,,
2026-05-31,e2b10b8f-96b3-4bf5-82e4-49b337e9dc5f,bab04ffd-26f7-4f89-917c-a0aec60728b6,5039,bd2ab004-71f3-4933-8a79-984ca010bf1f,"CURVED GREEN PETALS DUO, WHITE CHOCOLATE, 160 PCS",6261660000,persisted resolved_inventory_item_id,ef42ba67-5da1-42a2-be08-712eb186e947,ee2bb7bc-a612-4c53-b334-367816c4579e;ef42ba67-5da1-42a2-be08-712eb186e947,Pastry Shop,"CURVED GREEN PETALS DUO, WHITE CHOCOLATE, 160 PCS AUI Fine Foods 1 / 0 Case",1/1 Case,1,1,,CASE,Case,0.5,Pack,0, Case,0,0.5,0.5,0.5,55.62,55.62,,,,,,,,,,,,,,,,,,not comparable,not assessed: no May/June saved session,no_saved_session,Retain dated source evidence; no saved line exists for this batch. Do not infer one from July or August.,ea,1,,
2026-05-31,e2b10b8f-96b3-4bf5-82e4-49b337e9dc5f,b0150fcb-0557-4859-98b2-9b78170d0ae8,5040,272d3b97-e75c-4ce0-be69-bf1dc15f6cba,Deco Blooming heart,,persisted resolved_inventory_item_id,,8a97ae65-0c3e-4c41-b316-1565b0454242,Pastry Shop,Deco Blooming heart  1 / 0 Case,1/1 Case,1,1,,CASE,Case,0.5,Pack,0, Case,0,0.5,0.5,0.5,29.03,29.03,,,,,,,,,,,,,,,,,,not comparable,not assessed: no May/June saved session,no_saved_session,Retain dated source evidence; no saved line exists for this batch. Do not infer one from July or August.,ea,1,,
2026-05-31,e2b10b8f-96b3-4bf5-82e4-49b337e9dc5f,1d02e753-a66c-4708-aea9-63b0ce53b761,5106,3c42efb3-2124-48dc-8d4a-b27cba98aeeb,Praline Croquatine,,persisted resolved_inventory_item_id,,308dfc87-42cd-4e42-8165-6c6c87ab820a,Pastry Shop,Praline Croquatine  1 / 0 Case,1/1 Case,1,1,,CASE,Case,1,Pack,0, Case,0,1,1,1,143.19,143.19,,,,,,,,,,,,,,,,,,not comparable,not assessed: no May/June saved session,no_saved_session,Retain dated source evidence; no saved line exists for this batch. Do not infer one from July or August.,ea,1,,
2026-05-31,e2b10b8f-96b3-4bf5-82e4-49b337e9dc5f,82537f44-9b5a-43ed-9b81-87827e6cb7dd,5166,ebc6688b-fe9b-4f2e-b12f-7ef33b6c5a3e,CAPPUCCINO CREAMER Busy bean,30001,persisted resolved_inventory_item_id,afae66e7-bfaa-4b05-9ba3-c867dcc1ba91,287ba8ef-e5f4-4c5b-8fa7-80ea681756f3;afae66e7-bfaa-4b05-9ba3-c867dcc1ba91,Main Kitchen,CAPPUCCINO CREAMER Busy bean Busy Bean Coffee 1 / 0 Case,1/1 Case,1,1,,CASE,Case,1,Pack,0, Case,0,1,1,1,103.55,103.55,,,,,,,,,,,,,,,,,,not comparable,not assessed: no May/June saved session,no_saved_session,Retain dated source evidence; no saved line exists for this batch. Do not infer one from July or August.,ea,1,,
2026-05-31,e2b10b8f-96b3-4bf5-82e4-49b337e9dc5f,8907465a-08d4-4574-a9f0-e52575c83232,5204,dfecf9b8-f6f9-4008-950f-9ab35c7eb404,FAIRBANKS SHERRY - 2005687,106811,persisted resolved_inventory_item_id,e62f59a7-e501-40cf-b389-3712cf144ef3,10b9d633-1afc-429e-ae1a-e602f363da9d;e62f59a7-e501-40cf-b389-3712cf144ef3,Main Kitchen,FAIRBANKS SHERRY - 2005687 Southern Glazer's 6 / 0 Case,6/1 Case,6,1,1,EA,Case,1,Pack,0, Case,0,6,6,6,58.74,58.74,,,,,,,,,,,,,,,,,,not comparable,not assessed: no May/June saved session,no_saved_session,Retain dated source evidence; no saved line exists for this batch. Do not infer one from July or August.,ea,6,,
2026-05-31,e2b10b8f-96b3-4bf5-82e4-49b337e9dc5f,e6dfd457-3258-4d6e-9b8f-e96c891ee474,5234,2082515d-2b87-4407-b413-1362165c524f,Milk - Whole,10174634,persisted resolved_inventory_item_id,db6d748f-7428-433f-b1f3-a8f339886cf0,db6d748f-7428-433f-b1f3-a8f339886cf0;e29b86d4-b302-4e02-99fa-a95e2d170086,Main Kitchen,Milk - Whole Cheney Brothers 4 / 0 GAL,4/1 GAL,4,1,1,GAL,Case,0.25,Pack,0, GAL,0,1,1,1,6.77,6.77,,,,,,,,,,,,,,,,,,not comparable,not assessed: no May/June saved session,no_saved_session,Retain dated source evidence; no saved line exists for this batch. Do not infer one from July or August.,ml,15141.64,,
2026-05-31,e2b10b8f-96b3-4bf5-82e4-49b337e9dc5f,8af98c9d-4cd8-4fef-970b-c8a8242fc1d4,5246,2f1081be-3de4-46f0-9af8-8ea1a20145ce,Olive Oil - Extra Virgin,FP-250,persisted resolved_inventory_item_id,ca92ab09-ee5c-4342-af16-d92a98b57eea,0760920e-760b-4e3e-98cb-0677fc932150;ca92ab09-ee5c-4342-af16-d92a98b57eea,Main Kitchen,Olive Oil - Extra Virgin Ambrosia Market 1 / 0 ML,1/250 ML,1,250,1,ML,Case,0,Pack,0, ML,0,0,0,0,0,0,,,,,,,,,,,,,,,,,,not comparable,not assessed: no May/June saved session,no_saved_session,Retain dated source evidence; no saved line exists for this batch. Do not infer one from July or August.,ml,250,,
2026-05-31,e2b10b8f-96b3-4bf5-82e4-49b337e9dc5f,1e5cdb6e-ea83-4c21-ad3e-606ab7581e4a,5272,660ff66a-2cb8-4410-85bc-c292572122c8,Potatoes - Red,29270,persisted resolved_inventory_item_id,f38669d3-d556-4e4b-8924-0aff615aeee2,a3ceceea-688f-4383-a741-528ccb753241;b5c1820f-4145-4733-ad0b-4f1307763709;f38669d3-d556-4e4b-8924-0aff615aeee2,Main Kitchen,Potatoes - Red Mr. Green's Produce 1 / 0 LB,1/50 LB,1,50,1,LB,Case,0,Pack,0, LB,0,0,0,0,0,0,,,,,,,,,,,,,,,,,,not comparable,not assessed: no May/June saved session,no_saved_session,Retain dated source evidence; no saved line exists for this batch. Do not infer one from July or August.,oz,800,,
2026-05-31,e2b10b8f-96b3-4bf5-82e4-49b337e9dc5f,d008e790-1f1e-44c2-bce4-0f80e03ae9b6,5281,052d6fd9-4248-46a8-9fe7-c288e6fdbd92,San Pellegrino,100156,persisted resolved_inventory_item_id,17a1df33-9eb0-49c3-b012-8a0d82adec5c,17a1df33-9eb0-49c3-b012-8a0d82adec5c;34e3da43-4352-41ae-a2f2-bee8658111ff,Main Kitchen,San Pellegrino Cheney Brothers 15 / 0 750ML,15/1 750ML,15,1,750,ML,Case,0,Pack,0, 750ML,0,0,0,0,0,0,,,,,,,,,,,,,,,,,,not comparable,not assessed: no May/June saved session,no_saved_session,Retain dated source evidence; no saved line exists for this batch. Do not infer one from July or August.,ml,11250,,
2026-05-31,e2b10b8f-96b3-4bf5-82e4-49b337e9dc5f,5150e0b7-1fc3-486e-8039-07bc2725e9e4,5300,e797a4aa-ab7f-4aa2-9a00-b2ea9771224c,Tomato Fried Green,10015502,persisted resolved_inventory_item_id,5c295aca-7d03-4a02-8164-e025a3ab9070,5c295aca-7d03-4a02-8164-e025a3ab9070;bb9cedcb-4ef1-44c0-825b-a4101f3109d7;c9b88402-6c17-4e47-9a3c-45424fd90929;d3de229b-f676-4fce-8f51-2b63c97d9d12,Main Kitchen,Tomato Fried Green Cheney Brothers 6 / 0 LB,6/2 LB,6,2,1,LB,Case,0.5,Pack,0, LB,0,6,6,6,38.88,38.88,,,,,,,,,,,,,,,,,,not comparable,not assessed: no May/June saved session,no_saved_session,Retain dated source evidence; no saved line exists for this batch. Do not infer one from July or August.,oz,192,,
2026-05-31,e2b10b8f-96b3-4bf5-82e4-49b337e9dc5f,c5878d8b-6d94-43bb-96b6-164fa13b31fe,5302,ab085b7e-968f-489a-8441-5d5267a2378b,Tuna,4434235,persisted resolved_inventory_item_id,faa67824-170c-420d-902c-34a1d9d70a7f,c67b9d79-d184-421b-b535-6d21510a8eb6;faa67824-170c-420d-902c-34a1d9d70a7f,Main Kitchen,Tuna Sysco 1 / 0 LB,1/10 LB,1,10,1,LB,Case,0,Pack,0, LB,0,0,0,0,0,0,,,,,,,,,,,,,,,,,,not comparable,not assessed: no May/June saved session,no_saved_session,Retain dated source evidence; no saved line exists for this batch. Do not infer one from July or August.,oz,160,,
2026-05-31,e2b10b8f-96b3-4bf5-82e4-49b337e9dc5f,1660241b-1f92-432e-88b6-cb928ab5ebdc,5308,686b2d0b-7852-40fe-ae11-2e7c75945858,Veggie Burger,204032,persisted resolved_inventory_item_id,2e3ac4da-ab4a-4c16-813f-a33603642de8,2e3ac4da-ab4a-4c16-813f-a33603642de8;99e11e7f-c0aa-4fee-ab80-07de34530557,Main Kitchen,Veggie Burger Cheney Brothers 29 / 0 OZ,29/5.5 OZ,29,5.5,1,OZ,Case,0.25,Pack,0, OZ,0,7.25,7.25,39.875,13.64,13.64,,,,,,,,,,,,,,,,,,not comparable,not assessed: no May/June saved session,no_saved_session,Retain dated source evidence; no saved line exists for this batch. Do not infer one from July or August.,oz,159.5,,
2026-05-31,e2b10b8f-96b3-4bf5-82e4-49b337e9dc5f,d15a3a97-57cd-4b28-b3ab-525d29e72f37,5355,87812bf0-6ecb-4ae6-81d8-25fb701d17d3,Shrimp - 16-20,5107525,persisted resolved_inventory_item_id,796777c9-c833-430e-897d-38e74f13ab2c,796777c9-c833-430e-897d-38e74f13ab2c;7a0a26d2-bf05-40be-afaf-ff1dca6b347c,Fish File,Shrimp - 16-20 Sysco 4 / 0 LB,4/2.5 LB,4,2.5,1,LB,Case,0,Pack,0, LB,0,0,0,0,0,0,,,,,,,,,,,,,,,,,,not comparable,not assessed: no May/June saved session,no_saved_session,Retain dated source evidence; no saved line exists for this batch. Do not infer one from July or August.,oz,160,,
2026-06-30,495cc39b-1381-4b1d-9da3-7cb57dd87570,cbfe82fc-8e2a-4db7-95b7-1169856d16a8,69,6f29f473-0934-4677-8dd9-10a601367897,Bacardi Mini,,persisted resolved_inventory_item_id,,8513bef9-b61f-411b-8598-ce14e4dff571,Liquor Cage,Bacardi Mini  12 / 0 Case,12/10 Case,12,10,1,EA,Case,0,Pack,0, Case,0,0,0,0,0,0,,,,,,,,,,,,,,,,,,not comparable,not assessed: no May/June saved session,no_saved_session,Retain dated source evidence; no saved line exists for this batch. Do not infer one from July or August.,ea,120,,
2026-06-30,495cc39b-1381-4b1d-9da3-7cb57dd87570,8ee531a4-8303-4015-bb8d-ce49d32d9d71,100,1ae6fc37-653d-4096-af72-0379a68c58ad,BIALE ZINFANDEL BLACK CHICKEN,30336484,persisted resolved_inventory_item_id,c67efe42-0199-4779-8158-8113ed1b6736,c67efe42-0199-4779-8158-8113ed1b6736;f79deeac-3d7e-40ee-8853-29f7f470e703,Liquor Cage,BIALE ZINFANDEL BLACK CHICKEN Winebow 1 / 0 Case,1/1 Case,1,1,,CASE,Case,0,Pack,0, Case,0,0,0,0,0,0,,,,,,,,,,,,,,,,,,not comparable,not assessed: no May/June saved session,no_saved_session,Retain dated source evidence; no saved line exists for this batch. Do not infer one from July or August.,ea,1,,
2026-06-30,495cc39b-1381-4b1d-9da3-7cb57dd87570,20580dfe-77d4-45a7-b831-5b6d0316992f,176,03177798-b8f5-49ef-93d9-ee2adb89d53c,CAMILLE DE LABRIE 2020 (6PK) 91-93JS,2703,persisted resolved_inventory_item_id,1afd5076-594d-49f3-ac1e-cc03f1e0420c,1afd5076-594d-49f3-ac1e-cc03f1e0420c;b78bf122-1a59-42b0-8d58-ca36fb112daa,Liquor Cage,CAMILLE DE LABRIE 2020 (6PK) 91-93JS Terroir Selections 6 / 0 750ML,6/1 750ML,6,1,750,ML,Case,0,Pack,0, 750ML,0,0,0,0,0,0,,,,,,,,,,,,,,,,,,not comparable,not assessed: no May/June saved session,no_saved_session,Retain dated source evidence; no saved line exists for this batch. Do not infer one from July or August.,ml,4500,,
2026-06-30,495cc39b-1381-4b1d-9da3-7cb57dd87570,23d78722-3be9-4ca3-bc0d-ccb6a5d61013,188,e7619430-991a-46b2-947e-5ce6e4721998,Captain Morgan Mini,,persisted resolved_inventory_item_id,,1236aaef-285e-4699-bb93-845253cf7677,Liquor Cage,Captain Morgan Mini  12 / 0 Case,12/10 Case,12,10,1,EA,Case,0,Pack,0, Case,0,0,0,0,0,0,,,,,,,,,,,,,,,,,,not comparable,not assessed: no May/June saved session,no_saved_session,Retain dated source evidence; no saved line exists for this batch. Do not infer one from July or August.,ea,120,,
2026-06-30,495cc39b-1381-4b1d-9da3-7cb57dd87570,f3c65475-c64f-404d-bcce-05c6ce1bf175,200,676086e8-3368-4692-a429-a240c5284efd,Casamigos Mini,,persisted resolved_inventory_item_id,,c638af45-d090-40f7-bf10-490cae5c386c,Liquor Cage,Casamigos Mini  5 / 0 Case,5/12 Case,5,12,1,EA,Case,0,Pack,0, Case,0,0,0,0,0,0,,,,,,,,,,,,,,,,,,not comparable,not assessed: no May/June saved session,no_saved_session,Retain dated source evidence; no saved line exists for this batch. Do not infer one from July or August.,ea,60,,
2026-06-30,495cc39b-1381-4b1d-9da3-7cb57dd87570,6ce00e27-c6a2-4885-bf92-91fe69b0020f,401,a332725a-a831-4621-a1bb-fddc8dea7b96,DUCKHORN MERLOT NAPA VLY 22 75,9744521,persisted resolved_inventory_item_id,026a29d2-4e56-497d-a4a0-d1e2faa1f28a,026a29d2-4e56-497d-a4a0-d1e2faa1f28a;985502b7-4fb6-4cb4-89f1-26df531c4019,Liquor Cage,DUCKHORN MERLOT NAPA VLY 22 75 Breakthru Beverage 1 / 0 Case,1/1 Case,1,1,,CASE,Case,1.25,Pack,0, Case,0,1.25,1.25,1.25,375,375,,,,,,,,,,,,,,,,,,not comparable,not assessed: no May/June saved session,no_saved_session,Retain dated source evidence; no saved line exists for this batch. Do not infer one from July or August.,ea,1,,
2026-06-30,495cc39b-1381-4b1d-9da3-7cb57dd87570,573855cd-440e-4c76-840a-3f2e70da926d,418,dfecf9b8-f6f9-4008-950f-9ab35c7eb404,FAIRBANKS SHERRY - 2005687,106811,persisted resolved_inventory_item_id,e62f59a7-e501-40cf-b389-3712cf144ef3,10b9d633-1afc-429e-ae1a-e602f363da9d;e62f59a7-e501-40cf-b389-3712cf144ef3,Liquor Cage,FAIRBANKS SHERRY - 2005687 Southern Glazer's 6 / 0 Case,6/1 Case,6,1,1,EA,Case,0,Pack,0, Case,0,0,0,0,0,0,,,,,,,,,,,,,,,,,,not comparable,not assessed: no May/June saved session,no_saved_session,Retain dated source evidence; no saved line exists for this batch. Do not infer one from July or August.,ea,6,,
2026-06-30,495cc39b-1381-4b1d-9da3-7cb57dd87570,a2e7ba23-afdc-4efd-a28e-028c5ac9b88b,620,0fa142f0-784c-4fb7-8876-2250bc12645a,JIL COLOMBO COTE RHONE ABEILL,,persisted resolved_inventory_item_id,,d8dcafec-caf3-46f7-9bf1-ef82f6bd3eb5,Liquor Cage,JIL COLOMBO COTE RHONE ABEILL,0/0 750ML,,,,,Case,0,Pack,0, 750ML,0,0,0,0,0,0,,,,,,,,,,,,,,,,,,not comparable,not assessed: no May/June saved session,no_saved_session,Retain dated source evidence; no saved line exists for this batch. Do not infer one from July or August.,ea,1,,
2026-06-30,495cc39b-1381-4b1d-9da3-7cb57dd87570,4d4f6a80-707f-4806-bdca-ac41de4c51c0,629,b85c4d77-e7d5-4585-ad40-f9e9752a572c,Johnnie Walker Mini,,persisted resolved_inventory_item_id,,9dcc716b-e9a9-4beb-967b-d0ac395a23c3,Liquor Cage,Johnnie Walker Mini  10 / 0 Case,10/12 Case,10,12,1,EA,Case,0,Pack,0, Case,0,0,0,0,0,0,,,,,,,,,,,,,,,,,,not comparable,not assessed: no May/June saved session,no_saved_session,Retain dated source evidence; no saved line exists for this batch. Do not infer one from July or August.,ea,120,,
2026-06-30,495cc39b-1381-4b1d-9da3-7cb57dd87570,79a52aca-94e8-40f6-93a3-73c15f9b27e7,661,37a8aa7c-92d1-4366-8f4a-3e6150803c3c,Ketel One Mini,,persisted resolved_inventory_item_id,,4bded394-5ec4-4568-a6aa-5b198dc966b3,Liquor Cage,Ketel One Mini  10 / 0 Case,10/12 Case,10,12,1,EA,Case,0,Pack,0, Case,0,0,0,0,0,0,,,,,,,,,,,,,,,,,,not comparable,not assessed: no May/June saved session,no_saved_session,Retain dated source evidence; no saved line exists for this batch. Do not infer one from July or August.,ea,120,,
2026-06-30,495cc39b-1381-4b1d-9da3-7cb57dd87570,d390143b-5be8-4257-ad76-507e5159ba76,698,f25a4152-1878-4339-9cb3-762ce7cc29ec,"LA MASSA IGT TUSCAN RED 2021 (94V, 94RP)",2366,persisted resolved_inventory_item_id,5a369839-91c3-49a6-afee-773d9aa5b098,5a369839-91c3-49a6-afee-773d9aa5b098;6164ea0c-174d-4741-84a6-7d12b48cf6e7,Liquor Cage,"LA MASSA IGT TUSCAN RED 2021 (94V, 94RP) Terroir Selections 1 / 0 Case",1/1 Case,1,1,,CASE,Case,0,Pack,0, Case,0,0,0,0,0,0,,,,,,,,,,,,,,,,,,not comparable,not assessed: no May/June saved session,no_saved_session,Retain dated source evidence; no saved line exists for this batch. Do not infer one from July or August.,ea,1,,
2026-06-30,495cc39b-1381-4b1d-9da3-7cb57dd87570,5e296d86-989c-4a2b-aeef-61cf83072c1b,743,16db1e74-95a4-4ce9-b810-273493de3a9d,Maker's Mark,,persisted resolved_inventory_item_id,,9e06985c-0ad8-480a-88d7-f962cfd45483,Liquor Cage,Maker's Mark,0/0 LT,,,,,Case,9,Pack,0, LT,0,9,9,9,333,333,,,,,,,,,,,,,,,,,,not comparable,not assessed: no May/June saved session,no_saved_session,Retain dated source evidence; no saved line exists for this batch. Do not infer one from July or August.,ea,1,,
2026-06-30,495cc39b-1381-4b1d-9da3-7cb57dd87570,91291b11-047b-48af-9629-0dbe17da56df,1022,9b43bfaa-8666-4a2e-bd6e-93bd80c2ac96,Stella Artois - Bottled,99753,persisted resolved_inventory_item_id,fa3ada6f-aa77-47a3-8fe0-59a38da7ec6e,407111dc-5d64-4f01-a974-632884b2e2d9;fa3ada6f-aa77-47a3-8fe0-59a38da7ec6e,Liquor Cage,Stella Artois - Bottled City Beverages 2 / 0 EA,2/12 EA,2,12,1,EA,Case,0,Pack,0, EA,18,18,18,18,24.71,24.71,,,,,,,,,,,,,,,,,,not comparable,not assessed: no May/June saved session,no_saved_session,Retain dated source evidence; no saved line exists for this batch. Do not infer one from July or August.,ea,24,,
2026-06-30,495cc39b-1381-4b1d-9da3-7cb57dd87570,d023777d-e3b0-4cab-acbb-c9634c6ab9ee,1065,114eec06-b2b0-4bcb-8b28-e29361d167af,Tanqueray Mini,,persisted resolved_inventory_item_id,,c9a3aad1-dfe1-41d6-bd8e-0f020cece45b,Liquor Cage,Tanqueray Mini  12 / 0 Case,12/10 Case,12,10,1,EA,Case,0,Pack,0, Case,0,0,0,0,0,0,,,,,,,,,,,,,,,,,,not comparable,not assessed: no May/June saved session,no_saved_session,Retain dated source evidence; no saved line exists for this batch. Do not infer one from July or August.,ea,120,,
2026-06-30,495cc39b-1381-4b1d-9da3-7cb57dd87570,5a4d78f9-8b3b-41ab-85dc-841e4146574c,1107,b1bfe3e9-5ca7-42a8-84e3-3574e155359b,Titos,,persisted resolved_inventory_item_id,,39bd400d-ed5b-4f2f-bbdf-1bf1cc69499f,Liquor Cage,Titos,0/0 LT,,,,,Case,2,Pack,0, LT,0,2,2,2,51,51,,,,,,,,,,,,,,,,,,not comparable,not assessed: no May/June saved session,no_saved_session,Retain dated source evidence; no saved line exists for this batch. Do not infer one from July or August.,ea,1,,
2026-06-30,495cc39b-1381-4b1d-9da3-7cb57dd87570,211bfeba-878a-4e22-a36f-e743c3b5efc6,1109,c4b9b2ab-02e3-4640-8569-75e8f080101d,Titos Mini,,persisted resolved_inventory_item_id,,1d4acbe0-e1d9-4b00-bea9-ae2870e12710,Liquor Cage,Titos Mini  12 / 0 Case,12/5 Case,12,5,1,EA,Case,0,Pack,0, Case,0,0,0,0,0,0,,,,,,,,,,,,,,,,,,not comparable,not assessed: no May/June saved session,no_saved_session,Retain dated source evidence; no saved line exists for this batch. Do not infer one from July or August.,ea,60,,
2026-06-30,495cc39b-1381-4b1d-9da3-7cb57dd87570,bef47fbf-b2ae-4aa4-ad58-9e91e78c3e1d,1206,1ae6fc37-653d-4096-af72-0379a68c58ad,BIALE ZINFANDEL BLACK CHICKEN,30336484,persisted resolved_inventory_item_id,c67efe42-0199-4779-8158-8113ed1b6736,c67efe42-0199-4779-8158-8113ed1b6736;f79deeac-3d7e-40ee-8853-29f7f470e703,Wine Cellar,BIALE ZINFANDEL BLACK CHICKEN Winebow 1 / 0 Case,1/1 Case,1,1,,CASE,Case,0,Pack,0, Case,0.25,0.25,0.25,0.25,116.76,116.76,,,,,,,,,,,,,,,,,,not comparable,not assessed: no May/June saved session,no_saved_session,Retain dated source evidence; no saved line exists for this batch. Do not infer one from July or August.,ea,1,,
2026-06-30,495cc39b-1381-4b1d-9da3-7cb57dd87570,4c4ed5c8-f90c-4d9d-b1fc-3942c853a0fe,1226,03177798-b8f5-49ef-93d9-ee2adb89d53c,CAMILLE DE LABRIE 2020 (6PK) 91-93JS,2703,persisted resolved_inventory_item_id,1afd5076-594d-49f3-ac1e-cc03f1e0420c,1afd5076-594d-49f3-ac1e-cc03f1e0420c;b78bf122-1a59-42b0-8d58-ca36fb112daa,Wine Cellar,CAMILLE DE LABRIE 2020 (6PK) 91-93JS Terroir Selections 6 / 0 750ML,6/1 750ML,6,1,750,ML,Case,0,Pack,0, 750ML,1,1,1,750,14,14,,,,,,,,,,,,,,,,,,not comparable,not assessed: no May/June saved session,no_saved_session,Retain dated source evidence; no saved line exists for this batch. Do not infer one from July or August.,ml,4500,,
2026-06-30,495cc39b-1381-4b1d-9da3-7cb57dd87570,53c7c45c-7919-404d-938f-5b8720de6385,1304,a332725a-a831-4621-a1bb-fddc8dea7b96,DUCKHORN MERLOT NAPA VLY 22 75,9744521,persisted resolved_inventory_item_id,026a29d2-4e56-497d-a4a0-d1e2faa1f28a,026a29d2-4e56-497d-a4a0-d1e2faa1f28a;985502b7-4fb6-4cb4-89f1-26df531c4019,Wine Cellar,DUCKHORN MERLOT NAPA VLY 22 75 Breakthru Beverage 1 / 0 Case,1/1 Case,1,1,,CASE,Case,0,Pack,0, Case,0.08,0.08,0.08,0.08,24,24,,,,,,,,,,,,,,,,,,not comparable,not assessed: no May/June saved session,no_saved_session,Retain dated source evidence; no saved line exists for this batch. Do not infer one from July or August.,ea,1,,
2026-06-30,495cc39b-1381-4b1d-9da3-7cb57dd87570,73d038cc-55a4-4875-8ed1-2611d77fb0fa,1402,f25a4152-1878-4339-9cb3-762ce7cc29ec,"LA MASSA IGT TUSCAN RED 2021 (94V, 94RP)",2366,persisted resolved_inventory_item_id,5a369839-91c3-49a6-afee-773d9aa5b098,5a369839-91c3-49a6-afee-773d9aa5b098;6164ea0c-174d-4741-84a6-7d12b48cf6e7,Wine Cellar,"LA MASSA IGT TUSCAN RED 2021 (94V, 94RP) Terroir Selections 1 / 0 Case",1/1 Case,1,1,,CASE,Case,0,Pack,0, Case,0.08,0.08,0.08,0.08,24,24,,,,,,,,,,,,,,,,,,not comparable,not assessed: no May/June saved session,no_saved_session,Retain dated source evidence; no saved line exists for this batch. Do not infer one from July or August.,ea,1,,
2026-06-30,495cc39b-1381-4b1d-9da3-7cb57dd87570,378f3cd4-ffab-41ee-9e9f-e1e20ab3d5bd,1598,03177798-b8f5-49ef-93d9-ee2adb89d53c,CAMILLE DE LABRIE 2020 (6PK) 91-93JS,2703,persisted resolved_inventory_item_id,1afd5076-594d-49f3-ac1e-cc03f1e0420c,1afd5076-594d-49f3-ac1e-cc03f1e0420c;b78bf122-1a59-42b0-8d58-ca36fb112daa,Bay Window Bar,CAMILLE DE LABRIE 2020 (6PK) 91-93JS Terroir Selections 6 / 0 750ML,6/1 750ML,6,1,750,ML,Case,0,Pack,0, 750ML,3,3,3,2250,42,42,,,,,,,,,,,,,,,,,,not comparable,not assessed: no May/June saved session,no_saved_session,Retain dated source evidence; no saved line exists for this batch. Do not infer one from July or August.,ml,4500,,
2026-06-30,495cc39b-1381-4b1d-9da3-7cb57dd87570,679b88c9-5604-493f-8cd4-4027ab08462d,1619,aeb4321b-58b5-4b40-ab92-3639d9f63beb,Corona - Light - Bottled,10163,persisted resolved_inventory_item_id,289d17bf-485d-407d-a658-7b27b742a01c,0e19d40b-5420-453b-a874-ce7fb9ba9b76;289d17bf-485d-407d-a658-7b27b742a01c,Bay Window Bar,Corona - Light - Bottled Reyes Beer Division (PA) 24 / 0 EA,24/1 EA,24,1,1,EA,Case,0,Pack,0, EA,0,0,0,0,0,0,,,,,,,,,,,,,,,,,,not comparable,not assessed: no May/June saved session,no_saved_session,Retain dated source evidence; no saved line exists for this batch. Do not infer one from July or August.,ea,24,,
2026-06-30,495cc39b-1381-4b1d-9da3-7cb57dd87570,923ed1f8-0ae0-4810-8b36-2768f27337a3,1648,09f21d3a-2dd9-4904-b944-6db46bf851fd,Grapefruit juice white,10137744,persisted resolved_inventory_item_id,699c26ca-340e-4ccf-9411-d0f1f38c8d9d,699c26ca-340e-4ccf-9411-d0f1f38c8d9d;a3a4bbc6-dd93-4c78-996e-aed13d2410fc,Bay Window Bar,Grapefruit juice white Cheney Brothers 1 / 0 Case,1/24 Case,1,24,1,EA,Case,0,Pack,0, Case,0,0,0,0,0,0,,,,,,,,,,,,,,,,,,not comparable,not assessed: no May/June saved session,no_saved_session,Retain dated source evidence; no saved line exists for this batch. Do not infer one from July or August.,ea,24,,
2026-06-30,495cc39b-1381-4b1d-9da3-7cb57dd87570,0d32b4be-a175-40bc-b78c-f3a632e2c4a1,1652,4a041460-67e5-47c1-9a71-1b5fc1496331,guinness zero,,persisted resolved_inventory_item_id,,565f4e18-1086-4d22-9291-49c029f67e79,Bay Window Bar,guinness zero,0/0 EA,,,,,Case,0,Pack,0, EA,0,0,0,0,0,0,,,,,,,,,,,,,,,,,,not comparable,not assessed: no May/June saved session,no_saved_session,Retain dated source evidence; no saved line exists for this batch. Do not infer one from July or August.,ea,1,,
2026-06-30,495cc39b-1381-4b1d-9da3-7cb57dd87570,3efb94fd-f77d-4cd6-9b90-97e2c2840be5,1685,16db1e74-95a4-4ce9-b810-273493de3a9d,Maker's Mark,,persisted resolved_inventory_item_id,,9e06985c-0ad8-480a-88d7-f962cfd45483,Bay Window Bar,Maker's Mark,0/0 LT,,,,,Case,0,Pack,0, LT,0,0,0,0,0,0,,,,,,,,,,,,,,,,,,not comparable,not assessed: no May/June saved session,no_saved_session,Retain dated source evidence; no saved line exists for this batch. Do not infer one from July or August.,ea,1,,
2026-06-30,495cc39b-1381-4b1d-9da3-7cb57dd87570,853d8824-c45d-40b5-943f-b58befbfebe0,1736,9b43bfaa-8666-4a2e-bd6e-93bd80c2ac96,Stella Artois - Bottled,99753,persisted resolved_inventory_item_id,fa3ada6f-aa77-47a3-8fe0-59a38da7ec6e,407111dc-5d64-4f01-a974-632884b2e2d9;fa3ada6f-aa77-47a3-8fe0-59a38da7ec6e,Bay Window Bar,Stella Artois - Bottled City Beverages 2 / 0 EA,2/12 EA,2,12,1,EA,Case,0,Pack,0, EA,40,40,40,40,54.9,54.9,,,,,,,,,,,,,,,,,,not comparable,not assessed: no May/June saved session,no_saved_session,Retain dated source evidence; no saved line exists for this batch. Do not infer one from July or August.,ea,24,,
2026-06-30,495cc39b-1381-4b1d-9da3-7cb57dd87570,03346ba8-e09c-4cb9-b114-61ff91219012,1752,b1bfe3e9-5ca7-42a8-84e3-3574e155359b,Titos,,persisted resolved_inventory_item_id,,39bd400d-ed5b-4f2f-bbdf-1bf1cc69499f,Bay Window Bar,Titos,0/0 LT,,,,,Case,3.3,Pack,0, LT,0,3.3,3.3,3.3,84.15,84.15,,,,,,,,,,,,,,,,,,not comparable,not assessed: no May/June saved session,no_saved_session,Retain dated source evidence; no saved line exists for this batch. Do not infer one from July or August.,ea,1,,
2026-06-30,495cc39b-1381-4b1d-9da3-7cb57dd87570,f1901c48-7535-4bb4-bb78-aa7d2386bf22,1797,ebc6688b-fe9b-4f2e-b12f-7ef33b6c5a3e,CAPPUCCINO CREAMER Busy bean,30001,persisted resolved_inventory_item_id,afae66e7-bfaa-4b05-9ba3-c867dcc1ba91,287ba8ef-e5f4-4c5b-8fa7-80ea681756f3;afae66e7-bfaa-4b05-9ba3-c867dcc1ba91,Mens Locker Room,CAPPUCCINO CREAMER Busy bean Busy Bean Coffee 1 / 0 Case,1/1 Case,1,1,,CASE,Case,0,Pack,0, Case,0,0,0,0,0,0,,,,,,,,,,,,,,,,,,not comparable,not assessed: no May/June saved session,no_saved_session,Retain dated source evidence; no saved line exists for this batch. Do not infer one from July or August.,ea,1,,
2026-06-30,495cc39b-1381-4b1d-9da3-7cb57dd87570,903e8dad-757c-4a87-a757-721cd19f3f5e,1804,b7d1e7af-ebb1-410f-96da-f2e7e9b52d6c,Celery,20360,persisted resolved_inventory_item_id,82c1eb6f-9ada-4f9e-b429-601ddeb16f5f,2f7a4447-d1a0-4615-add9-cfc906b05037;82c1eb6f-9ada-4f9e-b429-601ddeb16f5f,Mens Locker Room,Celery Mr. Green's Produce 1 / 0 EA,1/15 EA,1,15,1,EA,Case,0.15,Pack,0, EA,0,2.25,2.25,2.25,9.91,9.91,,,,,,,,,,,,,,,,,,not comparable,not assessed: no May/June saved session,no_saved_session,Retain dated source evidence; no saved line exists for this batch. Do not infer one from July or August.,ea,36,,
2026-06-30,495cc39b-1381-4b1d-9da3-7cb57dd87570,6219ace1-a56a-4605-8d74-2ee6189db6a7,1822,aeb4321b-58b5-4b40-ab92-3639d9f63beb,Corona - Light - Bottled,10163,persisted resolved_inventory_item_id,289d17bf-485d-407d-a658-7b27b742a01c,0e19d40b-5420-453b-a874-ce7fb9ba9b76;289d17bf-485d-407d-a658-7b27b742a01c,Mens Locker Room,Corona - Light - Bottled Reyes Beer Division (PA) 24 / 0 EA,24/1 EA,24,1,1,EA,Case,0,Pack,0, EA,0,0,0,0,0,0,,,,,,,,,,,,,,,,,,not comparable,not assessed: no May/June saved session,no_saved_session,Retain dated source evidence; no saved line exists for this batch. Do not infer one from July or August.,ea,24,,
2026-06-30,495cc39b-1381-4b1d-9da3-7cb57dd87570,c43b0457-1fe2-4262-8afe-c97229e8ac87,1868,09f21d3a-2dd9-4904-b944-6db46bf851fd,Grapefruit juice white,10137744,persisted resolved_inventory_item_id,699c26ca-340e-4ccf-9411-d0f1f38c8d9d,699c26ca-340e-4ccf-9411-d0f1f38c8d9d;a3a4bbc6-dd93-4c78-996e-aed13d2410fc,Mens Locker Room,Grapefruit juice white Cheney Brothers 1 / 0 Case,1/24 Case,1,24,1,EA,Case,0.25,Pack,0, Case,0,6,6,6,7.65,7.65,,,,,,,,,,,,,,,,,,not comparable,not assessed: no May/June saved session,no_saved_session,Retain dated source evidence; no saved line exists for this batch. Do not infer one from July or August.,ea,24,,
2026-06-30,495cc39b-1381-4b1d-9da3-7cb57dd87570,baf90443-a78d-4d94-b730-57d35020b1bc,1977,9b43bfaa-8666-4a2e-bd6e-93bd80c2ac96,Stella Artois - Bottled,99753,persisted resolved_inventory_item_id,fa3ada6f-aa77-47a3-8fe0-59a38da7ec6e,407111dc-5d64-4f01-a974-632884b2e2d9;fa3ada6f-aa77-47a3-8fe0-59a38da7ec6e,Mens Locker Room,Stella Artois - Bottled City Beverages 2 / 0 EA,2/12 EA,2,12,1,EA,Case,0,Pack,0, EA,87,87,87,87,119.41,119.41,,,,,,,,,,,,,,,,,,not comparable,not assessed: no May/June saved session,no_saved_session,Retain dated source evidence; no saved line exists for this batch. Do not infer one from July or August.,ea,24,,
2026-06-30,495cc39b-1381-4b1d-9da3-7cb57dd87570,05b7b6e2-10e0-4215-a609-d507e9588cc5,1988,816f766a-c8cb-4786-8dae-f08b8223e588,TEA TWININGS ENGLISH BRKFST 6/,27032,persisted resolved_inventory_item_id,2d8e7bae-c368-47e9-b91e-af2cbee6938c,2322a356-6633-4bae-acd7-aaf5ac5feda6;2d8e7bae-c368-47e9-b91e-af2cbee6938c,Mens Locker Room,TEA TWININGS ENGLISH BRKFST 6/ Community Coffee 1 / 0 Case,1/1 Case,1,1,,CASE,Case,1,Pack,0, Case,0,1,1,1,5.14,5.14,,,,,,,,,,,,,,,,,,not comparable,not assessed: no May/June saved session,no_saved_session,Retain dated source evidence; no saved line exists for this batch. Do not infer one from July or August.,ea,1,,
2026-06-30,495cc39b-1381-4b1d-9da3-7cb57dd87570,b631d3f3-6552-4240-a6f1-a074b83a3bac,1993,b1bfe3e9-5ca7-42a8-84e3-3574e155359b,Titos,,persisted resolved_inventory_item_id,,39bd400d-ed5b-4f2f-bbdf-1bf1cc69499f,Mens Locker Room,Titos,0/0 LT,,,,,Case,7.3,Pack,0, LT,0,7.3,7.3,7.3,186.15,186.15,,,,,,,,,,,,,,,,,,not comparable,not assessed: no May/June saved session,no_saved_session,Retain dated source evidence; no saved line exists for this batch. Do not infer one from July or August.,ea,1,,
2026-06-30,495cc39b-1381-4b1d-9da3-7cb57dd87570,25277dee-2878-4e3d-8604-b0e2911c1b75,2050,03177798-b8f5-49ef-93d9-ee2adb89d53c,CAMILLE DE LABRIE 2020 (6PK) 91-93JS,2703,persisted resolved_inventory_item_id,1afd5076-594d-49f3-ac1e-cc03f1e0420c,1afd5076-594d-49f3-ac1e-cc03f1e0420c;b78bf122-1a59-42b0-8d58-ca36fb112daa,Member Lounge,CAMILLE DE LABRIE 2020 (6PK) 91-93JS Terroir Selections 6 / 0 750ML,6/1 750ML,6,1,750,ML,Case,0,Pack,0, 750ML,0,0,0,0,0,0,,,,,,,,,,,,,,,,,,not comparable,not assessed: no May/June saved session,no_saved_session,Retain dated source evidence; no saved line exists for this batch. Do not infer one from July or August.,ml,4500,,
2026-06-30,495cc39b-1381-4b1d-9da3-7cb57dd87570,dd4a30ac-6837-4efd-b286-6b9a3b96322b,2074,aeb4321b-58b5-4b40-ab92-3639d9f63beb,Corona - Light - Bottled,10163,persisted resolved_inventory_item_id,289d17bf-485d-407d-a658-7b27b742a01c,0e19d40b-5420-453b-a874-ce7fb9ba9b76;289d17bf-485d-407d-a658-7b27b742a01c,Member Lounge,Corona - Light - Bottled Reyes Beer Division (PA) 24 / 0 EA,24/1 EA,24,1,1,EA,Case,0,Pack,0, EA,0,0,0,0,0,0,,,,,,,,,,,,,,,,,,not comparable,not assessed: no May/June saved session,no_saved_session,Retain dated source evidence; no saved line exists for this batch. Do not infer one from July or August.,ea,24,,
2026-06-30,495cc39b-1381-4b1d-9da3-7cb57dd87570,ad85cd33-0e03-4c97-9e04-0be69f6595d4,2129,09f21d3a-2dd9-4904-b944-6db46bf851fd,Grapefruit juice white,10137744,persisted resolved_inventory_item_id,699c26ca-340e-4ccf-9411-d0f1f38c8d9d,699c26ca-340e-4ccf-9411-d0f1f38c8d9d;a3a4bbc6-dd93-4c78-996e-aed13d2410fc,Member Lounge,Grapefruit juice white Cheney Brothers 1 / 0 Case,1/24 Case,1,24,1,EA,Case,0,Pack,0, Case,0,0,0,0,0,0,,,,,,,,,,,,,,,,,,not comparable,not assessed: no May/June saved session,no_saved_session,Retain dated source evidence; no saved line exists for this batch. Do not infer one from July or August.,ea,24,,
2026-06-30,495cc39b-1381-4b1d-9da3-7cb57dd87570,a32df3b1-78dc-480e-aaf8-716af6a9537f,2185,16db1e74-95a4-4ce9-b810-273493de3a9d,Maker's Mark,,persisted resolved_inventory_item_id,,9e06985c-0ad8-480a-88d7-f962cfd45483,Member Lounge,Maker's Mark,0/0 LT,,,,,Case,0,Pack,0, LT,0,0,0,0,0,0,,,,,,,,,,,,,,,,,,not comparable,not assessed: no May/June saved session,no_saved_session,Retain dated source evidence; no saved line exists for this batch. Do not infer one from July or August.,ea,1,,
2026-06-30,495cc39b-1381-4b1d-9da3-7cb57dd87570,c6b2002d-0de2-4d94-8950-28967857d931,2251,9b43bfaa-8666-4a2e-bd6e-93bd80c2ac96,Stella Artois - Bottled,99753,persisted resolved_inventory_item_id,fa3ada6f-aa77-47a3-8fe0-59a38da7ec6e,407111dc-5d64-4f01-a974-632884b2e2d9;fa3ada6f-aa77-47a3-8fe0-59a38da7ec6e,Member Lounge,Stella Artois - Bottled City Beverages 2 / 0 EA,2/12 EA,2,12,1,EA,Case,0,Pack,0, EA,0,0,0,0,0,0,,,,,,,,,,,,,,,,,,not comparable,not assessed: no May/June saved session,no_saved_session,Retain dated source evidence; no saved line exists for this batch. Do not infer one from July or August.,ea,24,,
2026-06-30,495cc39b-1381-4b1d-9da3-7cb57dd87570,64cf94a2-f7c4-43c4-ad26-6ca811337cbf,2267,b1bfe3e9-5ca7-42a8-84e3-3574e155359b,Titos,,persisted resolved_inventory_item_id,,39bd400d-ed5b-4f2f-bbdf-1bf1cc69499f,Member Lounge,Titos,0/0 LT,,,,,Case,0,Pack,0, LT,0,0,0,0,0,0,,,,,,,,,,,,,,,,,,not comparable,not assessed: no May/June saved session,no_saved_session,Retain dated source evidence; no saved line exists for this batch. Do not infer one from July or August.,ea,1,,
2026-06-30,495cc39b-1381-4b1d-9da3-7cb57dd87570,d8d79bd5-4d8a-4538-95ef-d6c620d9d4d4,2288,e5e23d06-d348-43bd-af0d-1f74b255424d,Asst Lays Chips,6586721,persisted resolved_inventory_item_id,3879c62b-62e2-4f31-98cd-f3b32d1b0cab,3879c62b-62e2-4f31-98cd-f3b32d1b0cab;77185373-c871-473d-9fd5-68f0819e6647,Pool Cafe,Asst Lays Chips Sysco 1 / 0 EA,1/60 EA,1,60,1,EA,Case,0,Pack,0, EA,0,0,0,0,0,0,,,,,,,,,,,,,,,,,,not comparable,not assessed: no May/June saved session,no_saved_session,Retain dated source evidence; no saved line exists for this batch. Do not infer one from July or August.,ea,60,1,60
2026-06-30,495cc39b-1381-4b1d-9da3-7cb57dd87570,2b357bf1-d5a3-4717-bd2d-200de1785d48,2356,09f21d3a-2dd9-4904-b944-6db46bf851fd,Grapefruit juice white,10137744,persisted resolved_inventory_item_id,699c26ca-340e-4ccf-9411-d0f1f38c8d9d,699c26ca-340e-4ccf-9411-d0f1f38c8d9d;a3a4bbc6-dd93-4c78-996e-aed13d2410fc,Pool Cafe,Grapefruit juice white Cheney Brothers 1 / 0 Case,1/24 Case,1,24,1,EA,Case,0,Pack,0, Case,0,0,0,0,0,0,,,,,,,,,,,,,,,,,,not comparable,not assessed: no May/June saved session,no_saved_session,Retain dated source evidence; no saved line exists for this batch. Do not infer one from July or August.,ea,24,,
2026-06-30,495cc39b-1381-4b1d-9da3-7cb57dd87570,d5d2a5ab-4b7c-4906-a00f-4023d99cd792,2359,4a041460-67e5-47c1-9a71-1b5fc1496331,guinness zero,,persisted resolved_inventory_item_id,,565f4e18-1086-4d22-9291-49c029f67e79,Pool Cafe,guinness zero,0/0 EA,,,,,Case,0,Pack,0, EA,0,0,0,0,0,0,,,,,,,,,,,,,,,,,,not comparable,not assessed: no May/June saved session,no_saved_session,Retain dated source evidence; no saved line exists for this batch. Do not infer one from July or August.,ea,1,,
2026-06-30,495cc39b-1381-4b1d-9da3-7cb57dd87570,73a28638-13e4-4fe1-a943-f621c273c274,2397,16db1e74-95a4-4ce9-b810-273493de3a9d,Maker's Mark,,persisted resolved_inventory_item_id,,9e06985c-0ad8-480a-88d7-f962cfd45483,Pool Cafe,Maker's Mark,0/0 LT,,,,,Case,0,Pack,0, LT,0,0,0,0,0,0,,,,,,,,,,,,,,,,,,not comparable,not assessed: no May/June saved session,no_saved_session,Retain dated source evidence; no saved line exists for this batch. Do not infer one from July or August.,ea,1,,
2026-06-30,495cc39b-1381-4b1d-9da3-7cb57dd87570,818070f8-5f44-4c97-a658-4eb8ecf28c28,2411,407fb1d4-ba99-4657-9f30-554419d96c02,Muffin,322052,persisted resolved_inventory_item_id,fb8c0960-1cf8-4b1e-b48b-fb24fe70417d,7e52f365-d163-4c96-a589-ff6dfddbc865;fb8c0960-1cf8-4b1e-b48b-fb24fe70417d,Pool Cafe,Muffin Cheney Brothers 24 / 0 OZ,24/4 OZ,24,4,1,OZ,Case,0,Pack,0, OZ,0,0,0,0,0,0,,,,,,,,,,,,,,,,,,not comparable,not assessed: no May/June saved session,no_saved_session,Retain dated source evidence; no saved line exists for this batch. Do not infer one from July or August.,oz,96,,
2026-06-30,495cc39b-1381-4b1d-9da3-7cb57dd87570,1d083c17-a349-460c-b37d-6d1c3d54957e,2456,9b43bfaa-8666-4a2e-bd6e-93bd80c2ac96,Stella Artois - Bottled,99753,persisted resolved_inventory_item_id,fa3ada6f-aa77-47a3-8fe0-59a38da7ec6e,407111dc-5d64-4f01-a974-632884b2e2d9;fa3ada6f-aa77-47a3-8fe0-59a38da7ec6e,Pool Cafe,Stella Artois - Bottled City Beverages 2 / 0 EA,2/12 EA,2,12,1,EA,Case,0,Pack,0, EA,23,23,23,23,31.57,31.57,,,,,,,,,,,,,,,,,,not comparable,not assessed: no May/June saved session,no_saved_session,Retain dated source evidence; no saved line exists for this batch. Do not infer one from July or August.,ea,24,,
2026-06-30,495cc39b-1381-4b1d-9da3-7cb57dd87570,3ec44085-44ca-4ee7-8a26-d1a830f1fdf3,2466,b1bfe3e9-5ca7-42a8-84e3-3574e155359b,Titos,,persisted resolved_inventory_item_id,,39bd400d-ed5b-4f2f-bbdf-1bf1cc69499f,Pool Cafe,Titos,0/0 LT,,,,,Case,2,Pack,0, LT,0,2,2,2,51,51,,,,,,,,,,,,,,,,,,not comparable,not assessed: no May/June saved session,no_saved_session,Retain dated source evidence; no saved line exists for this batch. Do not infer one from July or August.,ea,1,,
2026-06-30,495cc39b-1381-4b1d-9da3-7cb57dd87570,3ff82a0e-fbe5-475e-aa85-cc9faf234c9c,2483,832f40cc-032b-44ff-a0b6-52e66eaf344c,Apples - Red Delicious,11017,persisted resolved_inventory_item_id,4096b5a5-e199-45b8-9066-65bb4a80a675,4096b5a5-e199-45b8-9066-65bb4a80a675;be008495-eaea-4ad6-9464-ae3d0e98ff88,Halfway House,Apples - Red Delicious Mr. Green's Produce 1 / 0 EA,1/72 EA,1,72,1,EA,Case,0.15,Pack,0, EA,0,10.8,10.8,10.8,5.47,5.47,,,,,,,,,,,,,,,,,,not comparable,not assessed: no May/June saved session,no_saved_session,Retain dated source evidence; no saved line exists for this batch. Do not infer one from July or August.,ea,40,,
2026-06-30,495cc39b-1381-4b1d-9da3-7cb57dd87570,11d395ad-ed5c-4356-9245-50134b7aa17b,2485,e5e23d06-d348-43bd-af0d-1f74b255424d,Asst Lays Chips,6586721,persisted resolved_inventory_item_id,3879c62b-62e2-4f31-98cd-f3b32d1b0cab,3879c62b-62e2-4f31-98cd-f3b32d1b0cab;77185373-c871-473d-9fd5-68f0819e6647,Halfway House,Asst Lays Chips Sysco 1 / 0 EA,1/60 EA,1,60,1,EA,Case,0.75,Pack,0, EA,0,45,45,45,30.72,30.72,,,,,,,,,,,,,,,,,,not comparable,not assessed: no May/June saved session,no_saved_session,Retain dated source evidence; no saved line exists for this batch. Do not infer one from July or August.,ea,60,1,60
2026-06-30,495cc39b-1381-4b1d-9da3-7cb57dd87570,91635980-0ae5-4866-9643-14aca64e631a,2486,6f29f473-0934-4677-8dd9-10a601367897,Bacardi Mini,,persisted resolved_inventory_item_id,,8513bef9-b61f-411b-8598-ce14e4dff571,Halfway House,Bacardi Mini  12 / 0 Case,12/10 Case,12,10,1,EA,Case,0,Pack,0, Case,47,47,47,47,47.94,47.94,,,,,,,,,,,,,,,,,,not comparable,not assessed: no May/June saved session,no_saved_session,Retain dated source evidence; no saved line exists for this batch. Do not infer one from July or August.,ea,120,,
2026-06-30,495cc39b-1381-4b1d-9da3-7cb57dd87570,5d021363-75f2-4eee-bd30-ac77e37e5b4f,2500,e7619430-991a-46b2-947e-5ce6e4721998,Captain Morgan Mini,,persisted resolved_inventory_item_id,,1236aaef-285e-4699-bb93-845253cf7677,Halfway House,Captain Morgan Mini  12 / 0 Case,12/10 Case,12,10,1,EA,Case,0,Pack,0, Case,71,71,71,71,69.58,69.58,,,,,,,,,,,,,,,,,,not comparable,not assessed: no May/June saved session,no_saved_session,Retain dated source evidence; no saved line exists for this batch. Do not infer one from July or August.,ea,120,,
2026-06-30,495cc39b-1381-4b1d-9da3-7cb57dd87570,1e003e9d-b514-4c72-badf-74987972c448,2502,676086e8-3368-4692-a429-a240c5284efd,Casamigos Mini,,persisted resolved_inventory_item_id,,c638af45-d090-40f7-bf10-490cae5c386c,Halfway House,Casamigos Mini  5 / 0 Case,5/12 Case,5,12,1,EA,Case,0,Pack,0, Case,128,128,128,128,535.47,535.47,,,,,,,,,,,,,,,,,,not comparable,not assessed: no May/June saved session,no_saved_session,Retain dated source evidence; no saved line exists for this batch. Do not infer one from July or August.,ea,60,,
2026-06-30,495cc39b-1381-4b1d-9da3-7cb57dd87570,25065225-16e4-43c8-9d9f-b9c95c7ce814,2506,1a774f54-8a64-4594-9477-45379b58a87b,Chocolate Chip Cookie Dough,308130,persisted resolved_inventory_item_id,0ba8d615-c812-4e95-b365-e145620e1cb2,0ba8d615-c812-4e95-b365-e145620e1cb2;24c31a09-45b4-445a-9c54-cd32c166b290,Halfway House,Chocolate Chip Cookie Dough Cheney Brothers 80 / 0 OZ,80/4.5 OZ,80,4.5,1,OZ,Case,0,Pack,0, OZ,6,6,6,6,1.65,1.65,,,,,,,,,,,,,,,,,,not comparable,not assessed: no May/June saved session,no_saved_session,Retain dated source evidence; no saved line exists for this batch. Do not infer one from July or August.,oz,360,,
2026-06-30,495cc39b-1381-4b1d-9da3-7cb57dd87570,746b6f76-70b0-46a6-9509-ba38014e95f5,2548,09f21d3a-2dd9-4904-b944-6db46bf851fd,Grapefruit juice white,10137744,persisted resolved_inventory_item_id,699c26ca-340e-4ccf-9411-d0f1f38c8d9d,699c26ca-340e-4ccf-9411-d0f1f38c8d9d;a3a4bbc6-dd93-4c78-996e-aed13d2410fc,Halfway House,Grapefruit juice white Cheney Brothers 1 / 0 Case,1/24 Case,1,24,1,EA,Case,0,Pack,0, Case,0,0,0,0,0,0,,,,,,,,,,,,,,,,,,not comparable,not assessed: no May/June saved session,no_saved_session,Retain dated source evidence; no saved line exists for this batch. Do not infer one from July or August.,ea,24,,
2026-06-30,495cc39b-1381-4b1d-9da3-7cb57dd87570,534465a6-b087-481d-be04-b5c7b14e0d61,2550,4a041460-67e5-47c1-9a71-1b5fc1496331,guinness zero,,persisted resolved_inventory_item_id,,565f4e18-1086-4d22-9291-49c029f67e79,Halfway House,guinness zero,0/0 EA,,,,,Case,0,Pack,0, EA,0,0,0,0,0,0,,,,,,,,,,,,,,,,,,not comparable,not assessed: no May/June saved session,no_saved_session,Retain dated source evidence; no saved line exists for this batch. Do not infer one from July or August.,ea,1,,
2026-06-30,495cc39b-1381-4b1d-9da3-7cb57dd87570,8e50835e-9c51-463b-a731-705c844750d8,2567,b85c4d77-e7d5-4585-ad40-f9e9752a572c,Johnnie Walker Mini,,persisted resolved_inventory_item_id,,9dcc716b-e9a9-4beb-967b-d0ac395a23c3,Halfway House,Johnnie Walker Mini  10 / 0 Case,10/12 Case,10,12,1,EA,Case,0,Pack,0, Case,0,0,0,0,0,0,,,,,,,,,,,,,,,,,,not comparable,not assessed: no May/June saved session,no_saved_session,Retain dated source evidence; no saved line exists for this batch. Do not infer one from July or August.,ea,120,,
2026-06-30,495cc39b-1381-4b1d-9da3-7cb57dd87570,480fde8d-57ad-4402-a111-30aefa3823cf,2572,37a8aa7c-92d1-4366-8f4a-3e6150803c3c,Ketel One Mini,,persisted resolved_inventory_item_id,,4bded394-5ec4-4568-a6aa-5b198dc966b3,Halfway House,Ketel One Mini  10 / 0 Case,10/12 Case,10,12,1,EA,Case,0,Pack,0, Case,317,317,317,317,792.5,792.5,,,,,,,,,,,,,,,,,,not comparable,not assessed: no May/June saved session,no_saved_session,Retain dated source evidence; no saved line exists for this batch. Do not infer one from July or August.,ea,120,,
2026-06-30,495cc39b-1381-4b1d-9da3-7cb57dd87570,9eaa1fbe-e33b-48c7-9bd1-35160f55e4a7,2583,2082515d-2b87-4407-b413-1362165c524f,Milk - Whole,4676306,persisted resolved_inventory_item_id,3b6a77c4-f90f-4f7d-8b60-0551243d26ee,07846144-dea3-4b9c-920e-a6a0a36800de;3b6a77c4-f90f-4f7d-8b60-0551243d26ee,Halfway House,Milk - Whole Sysco 1 / 0 GAL,1/1 GAL,1,1,1,GAL,Case,0.25,Pack,0, GAL,0,0.25,0.25,0.25,1.84,1.84,,,,,,,,,,,,,,,,,,not comparable,not assessed: no May/June saved session,no_saved_session,Retain dated source evidence; no saved line exists for this batch. Do not infer one from July or August.,ml,15141.64,,
2026-06-30,495cc39b-1381-4b1d-9da3-7cb57dd87570,adec3d76-a07f-48da-a043-a70ad0d9c342,2586,407fb1d4-ba99-4657-9f30-554419d96c02,Muffin,322052,persisted resolved_inventory_item_id,fb8c0960-1cf8-4b1e-b48b-fb24fe70417d,7e52f365-d163-4c96-a589-ff6dfddbc865;fb8c0960-1cf8-4b1e-b48b-fb24fe70417d,Halfway House,Muffin Cheney Brothers 24 / 0 OZ,24/4 OZ,24,4,1,OZ,Case,0.25,Pack,0, OZ,0,6,6,24,7.53,7.53,,,,,,,,,,,,,,,,,,not comparable,not assessed: no May/June saved session,no_saved_session,Retain dated source evidence; no saved line exists for this batch. Do not infer one from July or August.,oz,96,,
2026-06-30,495cc39b-1381-4b1d-9da3-7cb57dd87570,27952e23-b433-447c-a409-53987ecf6818,2621,9b43bfaa-8666-4a2e-bd6e-93bd80c2ac96,Stella Artois - Bottled,99753,persisted resolved_inventory_item_id,fa3ada6f-aa77-47a3-8fe0-59a38da7ec6e,407111dc-5d64-4f01-a974-632884b2e2d9;fa3ada6f-aa77-47a3-8fe0-59a38da7ec6e,Halfway House,Stella Artois - Bottled City Beverages 2 / 0 EA,2/12 EA,2,12,1,EA,Case,1,Pack,0, EA,22,46,46,46,63.14,63.14,,,,,,,,,,,,,,,,,,not comparable,not assessed: no May/June saved session,no_saved_session,Retain dated source evidence; no saved line exists for this batch. Do not infer one from July or August.,ea,24,,
2026-06-30,495cc39b-1381-4b1d-9da3-7cb57dd87570,e8b0dfa4-43d9-4867-9087-92d60b1d721b,2629,114eec06-b2b0-4bcb-8b28-e29361d167af,Tanqueray Mini,,persisted resolved_inventory_item_id,,c9a3aad1-dfe1-41d6-bd8e-0f020cece45b,Halfway House,Tanqueray Mini  12 / 0 Case,12/10 Case,12,10,1,EA,Case,0,Pack,0, Case,112,112,112,112,187.04,187.04,,,,,,,,,,,,,,,,,,not comparable,not assessed: no May/June saved session,no_saved_session,Retain dated source evidence; no saved line exists for this batch. Do not infer one from July or August.,ea,120,,
2026-06-30,495cc39b-1381-4b1d-9da3-7cb57dd87570,0311ddaf-bd80-4b22-ae10-4504c501186b,2632,c4b9b2ab-02e3-4640-8569-75e8f080101d,Titos Mini,,persisted resolved_inventory_item_id,,1d4acbe0-e1d9-4b00-bea9-ae2870e12710,Halfway House,Titos Mini  12 / 0 Case,12/5 Case,12,5,1,EA,Case,0,Pack,0, Case,0,0,0,0,0,0,,,,,,,,,,,,,,,,,,not comparable,not assessed: no May/June saved session,no_saved_session,Retain dated source evidence; no saved line exists for this batch. Do not infer one from July or August.,ea,60,,
2026-06-30,495cc39b-1381-4b1d-9da3-7cb57dd87570,e428b40f-996e-4add-94c9-426ce9e669fd,2686,aeb4321b-58b5-4b40-ab92-3639d9f63beb,Corona - Light - Bottled,10163,persisted resolved_inventory_item_id,289d17bf-485d-407d-a658-7b27b742a01c,0e19d40b-5420-453b-a874-ce7fb9ba9b76;289d17bf-485d-407d-a658-7b27b742a01c,Grill Room,Corona - Light - Bottled Reyes Beer Division (PA) 24 / 0 EA,24/1 EA,24,1,1,EA,Case,0,Pack,0, EA,0,0,0,0,0,0,,,,,,,,,,,,,,,,,,not comparable,not assessed: no May/June saved session,no_saved_session,Retain dated source evidence; no saved line exists for this batch. Do not infer one from July or August.,ea,24,,
2026-06-30,495cc39b-1381-4b1d-9da3-7cb57dd87570,d0ae9e9c-0e87-40a0-bd40-1a3609d6b68e,2711,4a041460-67e5-47c1-9a71-1b5fc1496331,guinness zero,,persisted resolved_inventory_item_id,,565f4e18-1086-4d22-9291-49c029f67e79,Grill Room,guinness zero,0/0 EA,,,,,Case,0,Pack,0, EA,0,0,0,0,0,0,,,,,,,,,,,,,,,,,,not comparable,not assessed: no May/June saved session,no_saved_session,Retain dated source evidence; no saved line exists for this batch. Do not infer one from July or August.,ea,1,,
2026-06-30,495cc39b-1381-4b1d-9da3-7cb57dd87570,3cc5374e-7031-4b69-b71a-81618fd79de0,2769,9b43bfaa-8666-4a2e-bd6e-93bd80c2ac96,Stella Artois - Bottled,99753,persisted resolved_inventory_item_id,fa3ada6f-aa77-47a3-8fe0-59a38da7ec6e,407111dc-5d64-4f01-a974-632884b2e2d9;fa3ada6f-aa77-47a3-8fe0-59a38da7ec6e,Grill Room,Stella Artois - Bottled City Beverages 2 / 0 EA,2/12 EA,2,12,1,EA,Case,0,Pack,0, EA,0,0,0,0,0,0,,,,,,,,,,,,,,,,,,not comparable,not assessed: no May/June saved session,no_saved_session,Retain dated source evidence; no saved line exists for this batch. Do not infer one from July or August.,ea,24,,
2026-06-30,495cc39b-1381-4b1d-9da3-7cb57dd87570,1c27f94b-cfa0-471e-bcef-f1589d6ca039,2776,b1bfe3e9-5ca7-42a8-84e3-3574e155359b,Titos,,persisted resolved_inventory_item_id,,39bd400d-ed5b-4f2f-bbdf-1bf1cc69499f,Grill Room,Titos,0/0 LT,,,,,Case,0,Pack,0, LT,0,0,0,0,0,0,,,,,,,,,,,,,,,,,,not comparable,not assessed: no May/June saved session,no_saved_session,Retain dated source evidence; no saved line exists for this batch. Do not infer one from July or August.,ea,1,,
2026-06-30,495cc39b-1381-4b1d-9da3-7cb57dd87570,4c8a27bb-89ac-429e-8338-04b9a6d79d13,2801,aeb4321b-58b5-4b40-ab92-3639d9f63beb,Corona - Light - Bottled,10163,persisted resolved_inventory_item_id,289d17bf-485d-407d-a658-7b27b742a01c,0e19d40b-5420-453b-a874-ce7fb9ba9b76;289d17bf-485d-407d-a658-7b27b742a01c,Beer Cage,Corona - Light - Bottled Reyes Beer Division (PA) 24 / 0 EA,24/1 EA,24,1,1,EA,Case,0,Pack,0, EA,0,0,0,0,0,0,,,,,,,,,,,,,,,,,,not comparable,not assessed: no May/June saved session,no_saved_session,Retain dated source evidence; no saved line exists for this batch. Do not infer one from July or August.,ea,24,,
2026-06-30,495cc39b-1381-4b1d-9da3-7cb57dd87570,6c33a32c-b58a-4a55-abf7-c3562358af03,2819,9b43bfaa-8666-4a2e-bd6e-93bd80c2ac96,Stella Artois - Bottled,99753,persisted resolved_inventory_item_id,fa3ada6f-aa77-47a3-8fe0-59a38da7ec6e,407111dc-5d64-4f01-a974-632884b2e2d9;fa3ada6f-aa77-47a3-8fe0-59a38da7ec6e,Beer Cage,Stella Artois - Bottled City Beverages 2 / 0 EA,2/12 EA,2,12,1,EA,Case,10,Pack,0, EA,0,240,240,240,329.4,329.4,,,,,,,,,,,,,,,,,,not comparable,not assessed: no May/June saved session,no_saved_session,Retain dated source evidence; no saved line exists for this batch. Do not infer one from July or August.,ea,24,,
2026-06-30,495cc39b-1381-4b1d-9da3-7cb57dd87570,cdf429ad-c04f-49db-ab84-0188f9a578d1,2831,e5e23d06-d348-43bd-af0d-1f74b255424d,Asst Lays Chips,6586721,persisted resolved_inventory_item_id,3879c62b-62e2-4f31-98cd-f3b32d1b0cab,3879c62b-62e2-4f31-98cd-f3b32d1b0cab;77185373-c871-473d-9fd5-68f0819e6647,Beverage Carts,Asst Lays Chips Sysco 1 / 0 EA,1/60 EA,1,60,1,EA,Case,0,Pack,0, EA,0,0,0,0,0,0,,,,,,,,,,,,,,,,,,not comparable,not assessed: no May/June saved session,no_saved_session,Retain dated source evidence; no saved line exists for this batch. Do not infer one from July or August.,ea,60,1,60
2026-06-30,495cc39b-1381-4b1d-9da3-7cb57dd87570,a386b870-9c94-486d-b605-445d4b652cfb,2832,6f29f473-0934-4677-8dd9-10a601367897,Bacardi Mini,,persisted resolved_inventory_item_id,,8513bef9-b61f-411b-8598-ce14e4dff571,Beverage Carts,Bacardi Mini  12 / 0 Case,12/10 Case,12,10,1,EA,Case,0,Pack,0, Case,0,0,0,0,0,0,,,,,,,,,,,,,,,,,,not comparable,not assessed: no May/June saved session,no_saved_session,Retain dated source evidence; no saved line exists for this batch. Do not infer one from July or August.,ea,120,,
2026-06-30,495cc39b-1381-4b1d-9da3-7cb57dd87570,feccbfa2-68e3-473b-a67b-39b85fffb4df,2843,e7619430-991a-46b2-947e-5ce6e4721998,Captain Morgan Mini,,persisted resolved_inventory_item_id,,1236aaef-285e-4699-bb93-845253cf7677,Beverage Carts,Captain Morgan Mini  12 / 0 Case,12/10 Case,12,10,1,EA,Case,0,Pack,0, Case,0,0,0,0,0,0,,,,,,,,,,,,,,,,,,not comparable,not assessed: no May/June saved session,no_saved_session,Retain dated source evidence; no saved line exists for this batch. Do not infer one from July or August.,ea,120,,
2026-06-30,495cc39b-1381-4b1d-9da3-7cb57dd87570,540a625c-f8b9-449f-b7cc-4a2daa9ed2d4,2845,676086e8-3368-4692-a429-a240c5284efd,Casamigos Mini,,persisted resolved_inventory_item_id,,c638af45-d090-40f7-bf10-490cae5c386c,Beverage Carts,Casamigos Mini  5 / 0 Case,5/12 Case,5,12,1,EA,Case,0,Pack,0, Case,0,0,0,0,0,0,,,,,,,,,,,,,,,,,,not comparable,not assessed: no May/June saved session,no_saved_session,Retain dated source evidence; no saved line exists for this batch. Do not infer one from July or August.,ea,60,,
2026-06-30,495cc39b-1381-4b1d-9da3-7cb57dd87570,ab5c2e33-8326-466f-81ad-65b221789538,2872,09f21d3a-2dd9-4904-b944-6db46bf851fd,Grapefruit juice white,10137744,persisted resolved_inventory_item_id,699c26ca-340e-4ccf-9411-d0f1f38c8d9d,699c26ca-340e-4ccf-9411-d0f1f38c8d9d;a3a4bbc6-dd93-4c78-996e-aed13d2410fc,Beverage Carts,Grapefruit juice white Cheney Brothers 1 / 0 Case,1/24 Case,1,24,1,EA,Case,0,Pack,0, Case,0,0,0,0,0,0,,,,,,,,,,,,,,,,,,not comparable,not assessed: no May/June saved session,no_saved_session,Retain dated source evidence; no saved line exists for this batch. Do not infer one from July or August.,ea,24,,
2026-06-30,495cc39b-1381-4b1d-9da3-7cb57dd87570,611d3ed3-4b73-4093-9ade-51de800f1425,2886,b85c4d77-e7d5-4585-ad40-f9e9752a572c,Johnnie Walker Mini,,persisted resolved_inventory_item_id,,9dcc716b-e9a9-4beb-967b-d0ac395a23c3,Beverage Carts,Johnnie Walker Mini  10 / 0 Case,10/12 Case,10,12,1,EA,Case,0,Pack,0, Case,0,0,0,0,0,0,,,,,,,,,,,,,,,,,,not comparable,not assessed: no May/June saved session,no_saved_session,Retain dated source evidence; no saved line exists for this batch. Do not infer one from July or August.,ea,120,,
2026-06-30,495cc39b-1381-4b1d-9da3-7cb57dd87570,94540229-aa80-4e7c-949b-492824fd1168,2889,37a8aa7c-92d1-4366-8f4a-3e6150803c3c,Ketel One Mini,,persisted resolved_inventory_item_id,,4bded394-5ec4-4568-a6aa-5b198dc966b3,Beverage Carts,Ketel One Mini  10 / 0 Case,10/12 Case,10,12,1,EA,Case,0,Pack,0, Case,0,0,0,0,0,0,,,,,,,,,,,,,,,,,,not comparable,not assessed: no May/June saved session,no_saved_session,Retain dated source evidence; no saved line exists for this batch. Do not infer one from July or August.,ea,120,,
2026-06-30,495cc39b-1381-4b1d-9da3-7cb57dd87570,0d2f6563-91b7-46ea-a89b-01248b220e41,2898,407fb1d4-ba99-4657-9f30-554419d96c02,Muffin,322052,persisted resolved_inventory_item_id,fb8c0960-1cf8-4b1e-b48b-fb24fe70417d,7e52f365-d163-4c96-a589-ff6dfddbc865;fb8c0960-1cf8-4b1e-b48b-fb24fe70417d,Beverage Carts,Muffin Cheney Brothers 24 / 0 OZ,24/4 OZ,24,4,1,OZ,Case,0,Pack,0, OZ,0,0,0,0,0,0,,,,,,,,,,,,,,,,,,not comparable,not assessed: no May/June saved session,no_saved_session,Retain dated source evidence; no saved line exists for this batch. Do not infer one from July or August.,oz,96,,
2026-06-30,495cc39b-1381-4b1d-9da3-7cb57dd87570,3e5aad82-43cc-405b-9395-f95fd9d1d0b0,2917,9b43bfaa-8666-4a2e-bd6e-93bd80c2ac96,Stella Artois - Bottled,99753,persisted resolved_inventory_item_id,fa3ada6f-aa77-47a3-8fe0-59a38da7ec6e,407111dc-5d64-4f01-a974-632884b2e2d9;fa3ada6f-aa77-47a3-8fe0-59a38da7ec6e,Beverage Carts,Stella Artois - Bottled City Beverages 2 / 0 EA,2/12 EA,2,12,1,EA,Case,0,Pack,0, EA,23,23,23,23,31.57,31.57,,,,,,,,,,,,,,,,,,not comparable,not assessed: no May/June saved session,no_saved_session,Retain dated source evidence; no saved line exists for this batch. Do not infer one from July or August.,ea,24,,
2026-06-30,495cc39b-1381-4b1d-9da3-7cb57dd87570,4828ca40-6362-4060-acfa-7b9e13822810,2920,114eec06-b2b0-4bcb-8b28-e29361d167af,Tanqueray Mini,,persisted resolved_inventory_item_id,,c9a3aad1-dfe1-41d6-bd8e-0f020cece45b,Beverage Carts,Tanqueray Mini  12 / 0 Case,12/10 Case,12,10,1,EA,Case,0,Pack,0, Case,0,0,0,0,0,0,,,,,,,,,,,,,,,,,,not comparable,not assessed: no May/June saved session,no_saved_session,Retain dated source evidence; no saved line exists for this batch. Do not infer one from July or August.,ea,120,,
2026-06-30,495cc39b-1381-4b1d-9da3-7cb57dd87570,14472e1f-9ca7-4846-827f-606d033fdefc,2923,c4b9b2ab-02e3-4640-8569-75e8f080101d,Titos Mini,,persisted resolved_inventory_item_id,,1d4acbe0-e1d9-4b00-bea9-ae2870e12710,Beverage Carts,Titos Mini  12 / 0 Case,12/5 Case,12,5,1,EA,Case,0,Pack,0, Case,0,0,0,0,0,0,,,,,,,,,,,,,,,,,,not comparable,not assessed: no May/June saved session,no_saved_session,Retain dated source evidence; no saved line exists for this batch. Do not infer one from July or August.,ea,60,,
2026-06-30,495cc39b-1381-4b1d-9da3-7cb57dd87570,6ed22fd4-d88c-4bc3-b3e4-c3d6198db4f6,2936,3ca92b83-df13-4dc6-8096-9f0debbddf29,Demi-Glace,,persisted resolved_inventory_item_id,,0efae3f9-efd3-4294-8045-c5735860897e,Main freezer,Demi-Glace  1 / 0 QT,1/26 QT,1,26,1,QT,Case,1,Pack,0, QT,0,26,26,26,1913.88,1913.88,,,,,,,,,,,,,,,,,,not comparable,not assessed: no May/June saved session,no_saved_session,Retain dated source evidence; no saved line exists for this batch. Do not infer one from July or August.,ml,24605.178,,
2026-06-30,495cc39b-1381-4b1d-9da3-7cb57dd87570,f469a66b-660f-4846-8805-9fa80af71d18,2966,10e8921f-bc0c-4634-a71c-aa35f6b37e5a,Goat cheese stuff dates,,persisted resolved_inventory_item_id,,4de30793-a4f4-4a3c-88c5-3bd8b9f9d164,Main freezer,Goat cheese stuff dates  1 / 0 Case,1/100 Case,1,100,1,EA,Case,0,Pack,0, Case,0,0,0,0,0,0,,,,,,,,,,,,,,,,,,not comparable,not assessed: no May/June saved session,no_saved_session,Retain dated source evidence; no saved line exists for this batch. Do not infer one from July or August.,ea,100,,
2026-06-30,495cc39b-1381-4b1d-9da3-7cb57dd87570,fb5563f1-d832-4c2d-8df8-03a1782190d8,2987,dfed466a-a1bf-48c0-8888-fbabfa696f2a,Roasted Potatoes,272095,persisted resolved_inventory_item_id,24d31d10-7958-43f0-a80e-2ab32b321e1b,04b57e9b-24c6-4da0-9002-ea6034d33c88;24d31d10-7958-43f0-a80e-2ab32b321e1b,Main freezer,Roasted Potatoes Cheney Brothers 6 / 0 LB,6/2.5 LB,6,2.5,1,LB,Case,3,Pack,0, LB,0,45,45,45,106.47,106.47,,,,,,,,,,,,,,,,,,not comparable,not assessed: no May/June saved session,no_saved_session,Retain dated source evidence; no saved line exists for this batch. Do not infer one from July or August.,oz,240,,
2026-06-30,495cc39b-1381-4b1d-9da3-7cb57dd87570,42984261-8c6e-4ca0-8da7-dd5ec4969fb5,3069,1a774f54-8a64-4594-9477-45379b58a87b,Chocolate Chip Cookie Dough,308130,persisted resolved_inventory_item_id,0ba8d615-c812-4e95-b365-e145620e1cb2,0ba8d615-c812-4e95-b365-e145620e1cb2;24c31a09-45b4-445a-9c54-cd32c166b290,Main freezer,Chocolate Chip Cookie Dough Cheney Brothers 80 / 0 OZ,80/4.5 OZ,80,4.5,1,OZ,Case,1.5,Pack,0, OZ,0,120,120,540,148.73,148.73,,,,,,,,,,,,,,,,,,not comparable,not assessed: no May/June saved session,no_saved_session,Retain dated source evidence; no saved line exists for this batch. Do not infer one from July or August.,oz,360,,
2026-06-30,495cc39b-1381-4b1d-9da3-7cb57dd87570,07897dcc-7211-458e-b4a7-9a5a4ecdff64,3080,a8be19c6-1d9f-43fe-a49f-570b37e903f1,Pork - Loin Chop,5741535,persisted resolved_inventory_item_id,af4fe31c-b713-4be5-be92-5b98dffff65d,0a5e1dd1-985e-4a65-bb8d-1ec64a2ec8a3;af4fe31c-b713-4be5-be92-5b98dffff65d,Main freezer,Pork - Loin Chop Sysco 20 / 0 OZ,20/8 OZ,20,8,1,OZ,Case,0,Pack,0, OZ,0,0,0,0,0,0,,,,,,,,,,,,,,,,,,not comparable,not assessed: no May/June saved session,no_saved_session,Retain dated source evidence; no saved line exists for this batch. Do not infer one from July or August.,oz,160,,
2026-06-30,495cc39b-1381-4b1d-9da3-7cb57dd87570,eabccb67-9757-443f-9182-f8facdc86670,3113,9c951339-7cfb-48bb-b147-38e63f856370,Beef - Ground,0566838,persisted resolved_inventory_item_id,39d578b1-621a-45b9-97bb-65148526d2f9,39d578b1-621a-45b9-97bb-65148526d2f9;8bb35aee-4434-44cd-b562-36fe0e789ff7,Main freezer,Beef - Ground Sysco 1 / 0 LB,1/1 LB,1,1,1,LB,Case,0,Pack,0, LB,0,0,0,0,0,0,,,,,,,,,,,,,,,,,,not comparable,not assessed: no May/June saved session,no_saved_session,Retain dated source evidence; no saved line exists for this batch. Do not infer one from July or August.,oz,16,,
2026-06-30,495cc39b-1381-4b1d-9da3-7cb57dd87570,19cb273f-a859-4f7b-8e17-057cf8f8760d,3125,ed26e500-dd37-40ac-b77f-8538cd12e994,Hoagie Roll,26074-x,persisted resolved_inventory_item_id,,b243ba3c-c3d2-4b10-800c-d68771dd0bab,Main freezer,Hoagie Roll Olde Hearth Bread Company 1 / 0 EA,1/1 EA,1,1,1,EA,Case,0,Pack,0, EA,0,0,0,0,0,0,,,,,,,,,,,,,,,,,,not comparable,not assessed: no May/June saved session,no_saved_session,Retain dated source evidence; no saved line exists for this batch. Do not infer one from July or August.,ea,1,,
2026-06-30,495cc39b-1381-4b1d-9da3-7cb57dd87570,0860be87-8b05-4ea0-8276-fbc1b2a5f5fa,3142,512f9b4b-fd6a-4a23-9dcc-481222671d9b,Tofu - Firm,10061871,persisted resolved_inventory_item_id,36882e37-f711-4fb1-9f5b-c22766fd72ee,36882e37-f711-4fb1-9f5b-c22766fd72ee;f4fdcdc7-78a6-4e3d-a8ac-f65f44201f6b,Main freezer,Tofu - Firm Cheney Brothers 12 / 0 OZ,12/19 OZ,12,19,1,OZ,Case,0.5,Pack,0, OZ,0,6,6,114,20.82,20.82,,,,,,,,,,,,,,,,,,not comparable,not assessed: no May/June saved session,no_saved_session,Retain dated source evidence; no saved line exists for this batch. Do not infer one from July or August.,oz,228,,
2026-06-30,495cc39b-1381-4b1d-9da3-7cb57dd87570,53b7e5dc-56c2-479d-be52-94132823741c,3143,e797a4aa-ab7f-4aa2-9a00-b2ea9771224c,Tomato Fried Green,7420251,persisted resolved_inventory_item_id,c9b88402-6c17-4e47-9a3c-45424fd90929,5c295aca-7d03-4a02-8164-e025a3ab9070;bb9cedcb-4ef1-44c0-825b-a4101f3109d7;c9b88402-6c17-4e47-9a3c-45424fd90929;d3de229b-f676-4fce-8f51-2b63c97d9d12,Main freezer,Tomato Fried Green Sysco 6 / 0 LB,6/2 LB,6,2,1,LB,Case,1,Pack,0, LB,0,12,12,12,64.6,64.6,,,,,,,,,,,,,,,,,,not comparable,not assessed: no May/June saved session,no_saved_session,Retain dated source evidence; no saved line exists for this batch. Do not infer one from July or August.,oz,192,,
2026-06-30,495cc39b-1381-4b1d-9da3-7cb57dd87570,ce585ce1-351e-4e6a-9549-81f94efb2634,3173,87812bf0-6ecb-4ae6-81d8-25fb701d17d3,Shrimp - 16-20,5107525,persisted resolved_inventory_item_id,796777c9-c833-430e-897d-38e74f13ab2c,796777c9-c833-430e-897d-38e74f13ab2c;7a0a26d2-bf05-40be-afaf-ff1dca6b347c,Main freezer,Shrimp - 16-20 Sysco 4 / 0 LB,4/2.5 LB,4,2.5,1,LB,Case,1.5,Pack,0, LB,0,15,15,15,100.71,100.71,,,,,,,,,,,,,,,,,,not comparable,not assessed: no May/June saved session,no_saved_session,Retain dated source evidence; no saved line exists for this batch. Do not infer one from July or August.,oz,160,,
2026-06-30,495cc39b-1381-4b1d-9da3-7cb57dd87570,77802074-ac68-494f-85b4-a09aeb516270,3175,6ad040da-12f9-4826-9fed-a531bb9fa3dc,Shrimp - 6-8,7952559,persisted resolved_inventory_item_id,e3ff79aa-5f3f-4035-b11e-2ce5943415e7,0fbe325a-db16-4487-bfd7-3b2bca44c5a2;e3ff79aa-5f3f-4035-b11e-2ce5943415e7,Main freezer,Shrimp - 6-8 Sysco 4 / 0 LB,4/2.5 LB,4,2.5,1,LB,Case,0.5,Pack,0, LB,0,5,5,5,24.82,24.82,,,,,,,,,,,,,,,,,,not comparable,not assessed: no May/June saved session,no_saved_session,Retain dated source evidence; no saved line exists for this batch. Do not infer one from July or August.,oz,160,,
2026-06-30,495cc39b-1381-4b1d-9da3-7cb57dd87570,5586875a-01d0-4330-9478-8ecae4d96fa3,3176,84b198a1-8345-448f-8b26-865299153f1b,Shrimp - 70-90,246097,persisted resolved_inventory_item_id,0896ee06-0732-4c97-aa3f-3112757fd776,0896ee06-0732-4c97-aa3f-3112757fd776;9536e68c-4262-40eb-8ddc-cca9c8e59ae6,Main freezer,Shrimp - 70-90 Cheney Brothers 5 / 0 LB,5/2 LB,5,2,1,LB,Case,2,Pack,0, LB,0,20,20,20,126.4,126.4,,,,,,,,,,,,,,,,,,not comparable,not assessed: no May/June saved session,no_saved_session,Retain dated source evidence; no saved line exists for this batch. Do not infer one from July or August.,oz,160,,
2026-06-30,495cc39b-1381-4b1d-9da3-7cb57dd87570,fcf0d0dc-3a32-4e58-9f59-0b9371303d06,3188,9fd6c5d0-35f0-4496-afd7-f6fa1ccc2366,BEEF EMPANADA,6919955,persisted resolved_inventory_item_id,bcf29714-cb4c-4fc0-8bff-3233a2776bf3,3ad2b8d5-0c07-4a2b-ba6c-a13bc1d5c895;bcf29714-cb4c-4fc0-8bff-3233a2776bf3,Main freezer,BEEF EMPANADA Sysco 1 / 0 EA,1/100 EA,1,100,1,EA,Case,1,Pack,0, EA,0,100,100,100,80.4,80.4,,,,,,,,,,,,,,,,,,not comparable,not assessed: no May/June saved session,no_saved_session,Retain dated source evidence; no saved line exists for this batch. Do not infer one from July or August.,ea,100,,
2026-06-30,495cc39b-1381-4b1d-9da3-7cb57dd87570,2879eec3-7aee-4828-9c81-ca939cf9159b,3224,7ad0afd6-6502-481a-aed5-ba80877ef5d3,Garlic Bread,1494343,persisted resolved_inventory_item_id,9a915d40-a266-45c1-8f2b-aba3c3ab1a71,9a915d40-a266-45c1-8f2b-aba3c3ab1a71;ec2d612f-e437-420f-8af2-ade8cd0d872d,Main freezer,Garlic Bread Sysco 12 / 0 EA,12/10 EA,12,10,1,EA,Case,0,Pack,0, EA,0,0,0,0,0,0,,,,,,,,,,,,,,,,,,not comparable,not assessed: no May/June saved session,no_saved_session,Retain dated source evidence; no saved line exists for this batch. Do not infer one from July or August.,ea,120,,
2026-06-30,495cc39b-1381-4b1d-9da3-7cb57dd87570,5061fcf3-2858-48d6-959b-283d85b94107,3244,3fd5dbe7-46fc-4627-9deb-7e2147960f1f,Lobster - Claw and Knuckle meat,5841648,persisted resolved_inventory_item_id,aba8d248-3818-4c49-9d5d-d704d6d6d491,aba8d248-3818-4c49-9d5d-d704d6d6d491;eac70337-a023-4720-9026-19fe24b2dd22,Main freezer,Lobster - Claw and Knuckle meat Sysco 6 / 0 LB,6/2 LB,6,2,1,LB,Case,0.5,Pack,0, LB,0,6,6,6,262.94,262.94,,,,,,,,,,,,,,,,,,not comparable,not assessed: no May/June saved session,no_saved_session,Retain dated source evidence; no saved line exists for this batch. Do not infer one from July or August.,oz,192,,
2026-06-30,495cc39b-1381-4b1d-9da3-7cb57dd87570,2c88c85e-08f5-4f92-8f24-7ef923e91ca1,3252,407fb1d4-ba99-4657-9f30-554419d96c02,Muffin,322052,persisted resolved_inventory_item_id,fb8c0960-1cf8-4b1e-b48b-fb24fe70417d,7e52f365-d163-4c96-a589-ff6dfddbc865;fb8c0960-1cf8-4b1e-b48b-fb24fe70417d,Main freezer,Muffin Cheney Brothers 24 / 0 OZ,24/4 OZ,24,4,1,OZ,Case,2,Pack,0, OZ,0,48,48,192,60.2,60.2,,,,,,,,,,,,,,,,,,not comparable,not assessed: no May/June saved session,no_saved_session,Retain dated source evidence; no saved line exists for this batch. Do not infer one from July or August.,oz,96,,
2026-06-30,495cc39b-1381-4b1d-9da3-7cb57dd87570,c273c388-d00b-4a46-8df8-31e419504410,3294,ab085b7e-968f-489a-8441-5d5267a2378b,Tuna,tuna saku style cut 6-8oz aqua blu 10lb case,persisted resolved_inventory_item_id,,5e591279-db26-45c0-b5d4-36e02c16b6c7,Main freezer,Tuna Samuels and Son Seafood Company 1 / 0 LB,1/1 LB,1,1,1,LB,Case,10,Pack,0, LB,0,10,10,10,129.5,129.5,,,,,,,,,,,,,,,,,,not comparable,not assessed: no May/June saved session,no_saved_session,Retain dated source evidence; no saved line exists for this batch. Do not infer one from July or August.,oz,160,,
2026-06-30,495cc39b-1381-4b1d-9da3-7cb57dd87570,60f8412b-e994-415f-8cab-c23774e486dd,3303,686b2d0b-7852-40fe-ae11-2e7c75945858,Veggie Burger,204032,persisted resolved_inventory_item_id,2e3ac4da-ab4a-4c16-813f-a33603642de8,2e3ac4da-ab4a-4c16-813f-a33603642de8;99e11e7f-c0aa-4fee-ab80-07de34530557,Main freezer,Veggie Burger Cheney Brothers 29 / 0 OZ,29/5.5 OZ,29,5.5,1,OZ,Case,0.5,Pack,0, OZ,0,14.5,14.5,79.75,27.28,27.28,,,,,,,,,,,,,,,,,,not comparable,not assessed: no May/June saved session,no_saved_session,Retain dated source evidence; no saved line exists for this batch. Do not infer one from July or August.,oz,159.5,,
2026-06-30,495cc39b-1381-4b1d-9da3-7cb57dd87570,194da6b3-ffd7-431a-9af7-cf4766b9a542,3310,832f40cc-032b-44ff-a0b6-52e66eaf344c,Apples - Red Delicious,11017,persisted resolved_inventory_item_id,4096b5a5-e199-45b8-9066-65bb4a80a675,4096b5a5-e199-45b8-9066-65bb4a80a675;be008495-eaea-4ad6-9464-ae3d0e98ff88,Produce Walk-in,Apples - Red Delicious Mr. Green's Produce 1 / 0 EA,1/72 EA,1,72,1,EA,Case,1,Pack,0, EA,0,72,72,72,36.46,36.46,,,,,,,,,,,,,,,,,,not comparable,not assessed: no May/June saved session,no_saved_session,Retain dated source evidence; no saved line exists for this batch. Do not infer one from July or August.,ea,40,,
2026-06-30,495cc39b-1381-4b1d-9da3-7cb57dd87570,2b6f5be0-49bf-476e-9ace-92484cdb976f,3311,f84cd047-ef9b-4b18-80b6-8f17033f493a,Arugula,HERBARR15,persisted resolved_inventory_item_id,799ee6f5-eea2-49c3-aa74-e9a5b6142e76,53a2f1c0-5756-4e85-94ec-c0572faf55e4;799ee6f5-eea2-49c3-aa74-e9a5b6142e76,Produce Walk-in,"Arugula Harvill's Produce Co., Inc. 1 / 0 LB",1/1.5 LB,1,1.5,1,LB,Case,2,Pack,0, LB,0,3,3,3,31.1,31.1,,,,,,,,,,,,,,,,,,not comparable,not assessed: no May/June saved session,no_saved_session,Retain dated source evidence; no saved line exists for this batch. Do not infer one from July or August.,oz,48,,
2026-06-30,495cc39b-1381-4b1d-9da3-7cb57dd87570,52bcf2d7-a422-4eb5-9456-586f1d471d16,3313,8a201862-c42d-41b9-8919-378257e34a5d,Avocado,avo48,persisted resolved_inventory_item_id,,332a3d73-8455-467b-bae4-c567b316b6a0,Produce Walk-in,"Avocado Harvill's Produce Co., Inc. 1 / 0 EA",1/54 EA,1,54,1,EA,Case,2,Pack,0, EA,0,108,108,108,114.9,114.9,,,,,,,,,,,,,,,,,,not comparable,not assessed: no May/June saved session,no_saved_session,Retain dated source evidence; no saved line exists for this batch. Do not infer one from July or August.,ea,24,,
2026-06-30,495cc39b-1381-4b1d-9da3-7cb57dd87570,7a84b626-3464-46b2-9db1-38cebfe46035,3334,514726fa-1c16-4dbe-8bb8-c01fc478b739,Bunny Luv BB Carrots,CARCB30HF,persisted resolved_inventory_item_id,,b65660ac-68c4-4339-9d53-c441bbc17b56,Produce Walk-in,"Bunny Luv BB Carrots Harvill's Produce Co., Inc. 1 / 0 Case",1/1 Case,1,1,,CASE,Case,1,Pack,0, Case,0,1,1,1,24.35,24.35,,,,,,,,,,,,,,,,,,not comparable,not assessed: no May/June saved session,no_saved_session,Retain dated source evidence; no saved line exists for this batch. Do not infer one from July or August.,oz,240,,
2026-06-30,495cc39b-1381-4b1d-9da3-7cb57dd87570,0e56b172-de0d-46be-a478-3b41ecb55750,3337,f16087c9-fb87-4d67-a253-621a31611824,Cabbage - Red,CABRDEA,persisted resolved_inventory_item_id,,15cc0f3e-d5f7-4bc6-9710-129b617e0813,Produce Walk-in,"Cabbage - Red Harvill's Produce Co., Inc. 1 / 0 LB",1/1 LB,1,1,1,LB,Case,5,Pack,0, LB,0,5,5,5,4,4,,,,,,,,,,,,,,,,,,not comparable,not assessed: no May/June saved session,no_saved_session,Retain dated source evidence; no saved line exists for this batch. Do not infer one from July or August.,oz,160,,
2026-06-30,495cc39b-1381-4b1d-9da3-7cb57dd87570,10241a55-5952-484c-ba5f-117831a2bcb7,3349,b7d1e7af-ebb1-410f-96da-f2e7e9b52d6c,Celery,20360,persisted resolved_inventory_item_id,82c1eb6f-9ada-4f9e-b429-601ddeb16f5f,2f7a4447-d1a0-4615-add9-cfc906b05037;82c1eb6f-9ada-4f9e-b429-601ddeb16f5f,Produce Walk-in,Celery Mr. Green's Produce 1 / 0 EA,1/15 EA,1,15,1,EA,Case,1,Pack,0, EA,0,15,15,15,66.09,66.09,,,,,,,,,,,,,,,,,,not comparable,not assessed: no May/June saved session,no_saved_session,Retain dated source evidence; no saved line exists for this batch. Do not infer one from July or August.,ea,36,,
2026-06-30,495cc39b-1381-4b1d-9da3-7cb57dd87570,1da7dbc0-aec9-4fd8-8c0d-f443d63cb378,3354,1508bbda-a482-4d7c-80b3-93572b389e2d,Cheese - American Yellow Sliced,5132234,persisted resolved_inventory_item_id,eac7ded8-33c6-4432-9552-10a82ce59b91,b9d6d2d2-b289-472f-b979-0bd44a932801;eac7ded8-33c6-4432-9552-10a82ce59b91,Produce Walk-in,Cheese - American Yellow Sliced Sysco 1 / 0 LB,1/5 LB,1,5,1,LB,Case,3,Pack,0, LB,0,15,15,15,44.31,44.31,,,,,,,,,,,,,,,,,,not comparable,not assessed: no May/June saved session,no_saved_session,Retain dated source evidence; no saved line exists for this batch. Do not infer one from July or August.,oz,320,,
2026-06-30,495cc39b-1381-4b1d-9da3-7cb57dd87570,607b75e7-ecef-4844-87b1-199ccdd0df4d,3372,530ffe84-5f03-4ebd-b7a0-41c293083fc3,Cheese - Swiss,31376,persisted resolved_inventory_item_id,ac84e0ce-282b-43f7-ba06-fd54b2afb4f5,2971e9ff-25d7-48ca-9cb8-5f271641afb2;ac84e0ce-282b-43f7-ba06-fd54b2afb4f5,Produce Walk-in,Cheese - Swiss Mr. Green's Produce 2 / 0 LB,2/5 LB,2,5,1,LB,Case,1.25,Pack,0, LB,0,12.5,12.5,12.5,56.69,56.69,,,,,,,,,,,,,,,,,,not comparable,not assessed: no May/June saved session,no_saved_session,Retain dated source evidence; no saved line exists for this batch. Do not infer one from July or August.,oz,16,,
2026-06-30,495cc39b-1381-4b1d-9da3-7cb57dd87570,a2a24999-a791-4087-8aeb-31840b837d99,3410,2a4931c5-1bb1-4da3-9d0a-b7dbcf80de1a,Herbs - Oregano,HERBOR4,persisted resolved_inventory_item_id,b075dc8b-26ee-45ce-8583-06db485194fe,a396524c-a1cc-436f-97a3-0cbd0b96df5d;b075dc8b-26ee-45ce-8583-06db485194fe,Produce Walk-in,"Herbs - Oregano Harvill's Produce Co., Inc. 1 / 0 OZ",1/4 OZ,1,4,1,OZ,Case,0,Pack,0, OZ,0,0,0,0,0,0,,,,,,,,,,,,,,,,,,not comparable,not assessed: no May/June saved session,no_saved_session,Retain dated source evidence; no saved line exists for this batch. Do not infer one from July or August.,oz,64,,
2026-06-30,495cc39b-1381-4b1d-9da3-7cb57dd87570,4eb9a71b-568d-4afc-a97e-69799bb0faaf,3413,f2101e20-45da-4a03-a934-599158d49499,Herbs - Sage,24146,persisted resolved_inventory_item_id,a46661fa-fc6d-41c2-8fbf-cd91ba3568cb,76a40ada-70ff-4078-9f08-36b131794dd0;a46661fa-fc6d-41c2-8fbf-cd91ba3568cb,Produce Walk-in,Herbs - Sage Mr. Green's Produce 1 / 0 LB,1/0.25 LB,1,0.25,1,LB,Case,0,Pack,0, LB,0,0,0,0,0,0,,,,,,,,,,,,,,,,,,not comparable,not assessed: no May/June saved session,no_saved_session,Retain dated source evidence; no saved line exists for this batch. Do not infer one from July or August.,oz,4,,
2026-06-30,495cc39b-1381-4b1d-9da3-7cb57dd87570,c0a61cc9-1d7e-4847-98b2-c73ea152ccc8,3451,309f454a-e5da-429c-b9a0-7bdbe558056e,Onions - Green,ONIGRI12,persisted resolved_inventory_item_id,1539f9c7-a25b-4577-bf64-97dad142f974,1539f9c7-a25b-4577-bf64-97dad142f974;dfcb1c0c-b01f-4cfa-8a10-04f2a346e820,Produce Walk-in,"Onions - Green Harvill's Produce Co., Inc. 1 / 0 EA",1/12 EA,1,12,1,EA,Case,1,Pack,0, EA,0,12,12,12,8.6,8.6,,,,,,,,,,,,,,,,,,not comparable,not assessed: no May/June saved session,no_saved_session,Retain dated source evidence; no saved line exists for this batch. Do not infer one from July or August.,ea,24,,
2026-06-30,495cc39b-1381-4b1d-9da3-7cb57dd87570,fe466bfb-4849-4b8c-82c6-17a12760e1b2,3454,6dc046ec-1ebe-448b-89c2-9d8dc31644a2,Onions - Yellow,oni jum,persisted resolved_inventory_item_id,,c8b16036-bfd5-449d-8f6c-2b3c6e44b83b,Produce Walk-in,"Onions - Yellow Harvill's Produce Co., Inc. 1 / 0 LB",1/50 LB,1,50,1,LB,Case,1,Pack,0, LB,0,50,50,50,27.4,27.4,,,,,,,,,,,,,,,,,,not comparable,not assessed: no May/June saved session,no_saved_session,Retain dated source evidence; no saved line exists for this batch. Do not infer one from July or August.,oz,80,,
2026-06-30,495cc39b-1381-4b1d-9da3-7cb57dd87570,fca47336-4dd0-4dbc-8b6d-0eae4eb057d3,3465,9a02c849-8ef8-4cbe-b973-88791f66f13e,Peppers - Green,pepgrlb,persisted resolved_inventory_item_id,,c41cb306-89d3-4759-ac5f-1691d5837111,Produce Walk-in,"Peppers - Green Harvill's Produce Co., Inc. 1 / 0 LB",1/1 LB,1,1,1,LB,Case,15,Pack,0, LB,0,15,15,15,43.5,43.5,,,,,,,,,,,,,,,,,,not comparable,not assessed: no May/June saved session,no_saved_session,Retain dated source evidence; no saved line exists for this batch. Do not infer one from July or August.,oz,16,,
2026-06-30,495cc39b-1381-4b1d-9da3-7cb57dd87570,ba644347-d0fa-4fbc-8ed3-f64887769819,3485,37b8f91a-2423-4fdd-92b3-e5126da70fc3,Queso Fresco,10162002,persisted resolved_inventory_item_id,62c590c5-f095-437d-8032-d757a5589a49,1baf324a-a3e7-473d-bc82-1f17bbcecefd;62c590c5-f095-437d-8032-d757a5589a49,Produce Walk-in,Queso Fresco Cheney Brothers 2 / 0 LB,2/8 LB,2,8,1,LB,Case,1,Pack,0, LB,0,16,16,16,53.47,53.47,,,,,,,,,,,,,,,,,,not comparable,not assessed: no May/June saved session,no_saved_session,Retain dated source evidence; no saved line exists for this batch. Do not infer one from July or August.,oz,256,,
2026-06-30,495cc39b-1381-4b1d-9da3-7cb57dd87570,060e3e1d-848d-4baa-a942-b21fdc9a4bc7,3496,3431a810-db6b-427b-a2fc-3e6520d3662b,Shallots - Peeled,27300,persisted resolved_inventory_item_id,8065acfa-5976-43ad-a3c4-ce5676cbbccb,5ef0a4f9-39f7-4877-aa04-40d505d2684f;8065acfa-5976-43ad-a3c4-ce5676cbbccb,Produce Walk-in,Shallots - Peeled Mr. Green's Produce 2 / 0 LB,2/5 LB,2,5,1,LB,Case,0,Pack,0, LB,0,0,0,0,0,0,,,,,,,,,,,,,,,,,,not comparable,not assessed: no May/June saved session,no_saved_session,Retain dated source evidence; no saved line exists for this batch. Do not infer one from July or August.,oz,80,,
2026-06-30,495cc39b-1381-4b1d-9da3-7cb57dd87570,842cadd5-2bd6-41f0-8bf2-76401bab7936,3502,bc3ba8e7-2614-4e23-97c2-0830b8c46895,Squash - Zucchini,squzhf,persisted resolved_inventory_item_id,,00b61953-3af3-4879-b562-15e815fdc38f,Produce Walk-in,"Squash - Zucchini Harvill's Produce Co., Inc. 10 / 0 LB",10/1 LB,10,1,1,LB,Case,1,Pack,0, LB,0,10,10,10,8.85,8.85,,,,,,,,,,,,,,,,,,not comparable,not assessed: no May/June saved session,no_saved_session,Retain dated source evidence; no saved line exists for this batch. Do not infer one from July or August.,oz,80,,
2026-06-30,495cc39b-1381-4b1d-9da3-7cb57dd87570,09d8c202-670b-43f9-8bc1-aa7257a9d759,3536,10583111-5a8e-4e29-a610-70b417cb023d,Banana Peppers,8425001,persisted resolved_inventory_item_id,5f69bc62-d0c3-464f-80f6-4acf2072369c,571aaf70-fb60-4054-aef7-70b03045ea16;5f69bc62-d0c3-464f-80f6-4acf2072369c,Main Walk-in,Banana Peppers Sysco 1 / 0 GAL,1/1 GAL,1,1,1,GAL,Case,1,Pack,0, GAL,0,1,1,1,8.74,8.74,,,,,,,,,,,,,,,,,,not comparable,not assessed: no May/June saved session,no_saved_session,Retain dated source evidence; no saved line exists for this batch. Do not infer one from July or August.,ml,3785.41,,
2026-06-30,495cc39b-1381-4b1d-9da3-7cb57dd87570,e90e66fc-0f7b-4f44-8d59-3c38f90abf1f,3539,22fa2ae0-8e78-481b-9ac8-e31c6fe00795,BBQ KC Masterpeice,056055,persisted resolved_inventory_item_id,e1645e73-2244-497a-8b75-0376119c525c,ce0dc541-6ac0-480d-98db-f9a218475e37;e1645e73-2244-497a-8b75-0376119c525c,Main Walk-in,BBQ KC Masterpeice Cheney Brothers 4 / 0 GAL,4/1 GAL,4,1,1,GAL,Case,0.25,Pack,0, GAL,0,1,1,1,18.39,18.39,,,,,,,,,,,,,,,,,,not comparable,not assessed: no May/June saved session,no_saved_session,Retain dated source evidence; no saved line exists for this batch. Do not infer one from July or August.,ml,15141.64,,
2026-06-30,495cc39b-1381-4b1d-9da3-7cb57dd87570,f6e053c9-b7ea-494e-b88d-489f2ea8ab4d,3542,d03320f3-b085-4fe7-b958-02d0171b9936,Beef - Bratwurst,8745838,persisted resolved_inventory_item_id,549aaf35-6940-4859-b2ae-7d15da8b904d,549aaf35-6940-4859-b2ae-7d15da8b904d;9fc55c1f-8ffa-4c59-8a92-9bd3236b87b3,Main Walk-in,Beef - Bratwurst Sysco 1 / 0 LB,1/10 LB,1,10,1,LB,Case,0,Pack,0, LB,0,0,0,0,0,0,,,,,,,,,,,,,,,,,,not comparable,not assessed: no May/June saved session,no_saved_session,Retain dated source evidence; no saved line exists for this batch. Do not infer one from July or August.,oz,160,,
2026-06-30,495cc39b-1381-4b1d-9da3-7cb57dd87570,63857572-e4f8-4160-b843-66bc88893615,3553,9c951339-7cfb-48bb-b147-38e63f856370,Beef - Ground,0566838,persisted resolved_inventory_item_id,39d578b1-621a-45b9-97bb-65148526d2f9,39d578b1-621a-45b9-97bb-65148526d2f9;8bb35aee-4434-44cd-b562-36fe0e789ff7,Main Walk-in,Beef - Ground Sysco 1 / 0 LB,1/1 LB,1,1,1,LB,Case,80,Pack,0, LB,0,80,80,80,420.81,420.81,,,,,,,,,,,,,,,,,,not comparable,not assessed: no May/June saved session,no_saved_session,Retain dated source evidence; no saved line exists for this batch. Do not infer one from July or August.,oz,16,,
2026-06-30,495cc39b-1381-4b1d-9da3-7cb57dd87570,f1a18e06-0756-4566-90a8-725e8a68a777,3564,813b8141-3b23-4656-93d1-ab2d46eb4e0e,Beef - Skirt Steak,1802505,persisted resolved_inventory_item_id,fc7c7763-2162-4c9e-99fd-f0feaf6971e9,b82e84d2-14bb-4d0d-88f5-004c24a7883a;fc7c7763-2162-4c9e-99fd-f0feaf6971e9,Main Walk-in,Beef - Skirt Steak Sysco 24 / 0 OZ,24/8 OZ,24,8,1,OZ,Case,0,Pack,0, OZ,0,0,0,0,0,0,,,,,,,,,,,,,,,,,,not comparable,not assessed: no May/June saved session,no_saved_session,Retain dated source evidence; no saved line exists for this batch. Do not infer one from July or August.,oz,16,,
2026-06-30,495cc39b-1381-4b1d-9da3-7cb57dd87570,b1f1768c-5eac-4e46-9d32-a55a7069121a,3597,5413aa19-e7a0-4681-9552-88b9386ee1e8,Cabbage - Slaw Mix,35004,persisted resolved_inventory_item_id,875cf265-9b36-4ce4-b2f6-26ba6911eef6,210d86d8-150d-45cc-a502-3e7eb8e93a43;875cf265-9b36-4ce4-b2f6-26ba6911eef6,Main Walk-in,Cabbage - Slaw Mix Mr. Green's Produce 4 / 0 LB,4/5 LB,4,5,1,LB,Case,0,Pack,0, LB,0,0,0,0,0,0,,,,,,,,,,,,,,,,,,not comparable,not assessed: no May/June saved session,no_saved_session,Retain dated source evidence; no saved line exists for this batch. Do not infer one from July or August.,oz,128,,
2026-06-30,495cc39b-1381-4b1d-9da3-7cb57dd87570,ab9df95d-37ef-4987-880d-bfad4180e08c,3610,fb0c07ba-0e79-4abd-b204-8b4114f8cb5f,Cheese - Cheddar Mild Shredded,2406163,persisted resolved_inventory_item_id,0521d49a-8f62-4553-9980-14737b3352b0,0521d49a-8f62-4553-9980-14737b3352b0;3774ed7a-7ad6-4a34-a30f-9db7618f1e35,Main Walk-in,Cheese - Cheddar Mild Shredded Sysco 1 / 0 LB,1/5 LB,1,5,1,LB,Case,4,Pack,0, LB,0,20,20,20,57.88,57.88,,,,,,,,,,,,,,,,,,not comparable,not assessed: no May/June saved session,no_saved_session,Retain dated source evidence; no saved line exists for this batch. Do not infer one from July or August.,oz,320,,
2026-06-30,495cc39b-1381-4b1d-9da3-7cb57dd87570,6b7359b8-cc22-40e8-be8a-c37b6e382eae,3615,2299aba4-a13d-48a7-93a7-d4f6c4883433,Cheese - Cream Cheese,170047,persisted resolved_inventory_item_id,6fd1fca3-d658-4148-bab4-b59af8d9eb4e,68762c21-ca7f-4915-bf97-4e45bf203ca8;6fd1fca3-d658-4148-bab4-b59af8d9eb4e,Main Walk-in,Cheese - Cream Cheese Cheney Brothers 100 / 0 OZ,100/1 OZ,100,1,1,OZ,Case,1,Pack,0, OZ,0,100,100,100,50.19,50.19,,,,,,,,,,,,,,,,,,not comparable,not assessed: no May/June saved session,no_saved_session,Retain dated source evidence; no saved line exists for this batch. Do not infer one from July or August.,oz,100,,
2026-06-30,495cc39b-1381-4b1d-9da3-7cb57dd87570,794f2209-8574-4b8a-a4dc-c0285a88a9d0,3644,7f4629fb-68f5-4f7a-8f8b-fe4b0b34068d,Chicken - Drumsticks,7114960,persisted resolved_inventory_item_id,ac268318-c0c1-49c0-ab53-dfcd948dc5a3,959e1175-ccdd-4876-8257-65362252d303;ac268318-c0c1-49c0-ab53-dfcd948dc5a3,Main Walk-in,Chicken - Drumsticks Sysco 4 / 0 LB,4/10 LB,4,10,1,LB,Case,1,Pack,0, LB,0,40,40,40,49.14,49.14,,,,,,,,,,,,,,,,,,not comparable,not assessed: no May/June saved session,no_saved_session,Retain dated source evidence; no saved line exists for this batch. Do not infer one from July or August.,oz,640,,
2026-06-30,495cc39b-1381-4b1d-9da3-7cb57dd87570,fe6dc1db-0fbf-47b2-84a2-f2fb9129bbdb,3671,eb396168-a806-4260-ab7f-6aa6d03d7809,Cod - Fillet,5014893,persisted resolved_inventory_item_id,458d9749-ef7f-4400-bf74-229bdbe4a87c,035e2e81-e7f5-4f70-b1e5-26a0990cbaa3;458d9749-ef7f-4400-bf74-229bdbe4a87c;69e32c88-9c67-42ab-bd53-3d5bc40d21eb;9f870292-0f8d-413f-9749-40857d09b260,Main Walk-in,Cod - Fillet Sysco 1 / 0 LB,1/10 LB,1,10,1,LB,Case,0,Pack,0, LB,0,0,0,0,0,0,,,,,,,,,,,,,,,,,,not comparable,not assessed: no May/June saved session,no_saved_session,Retain dated source evidence; no saved line exists for this batch. Do not infer one from July or August.,oz,160,,
2026-06-30,495cc39b-1381-4b1d-9da3-7cb57dd87570,1bdde1bd-ccf4-4701-8eab-e4eadb2e8d4a,3726,227e66c3-1250-4754-9f48-d44abbb6934a,Juice - Lemon,0138818,persisted resolved_inventory_item_id,f7492623-e463-432e-afb8-981255b59177,402447c5-a856-4850-bf1f-0c68d4c70863;f7492623-e463-432e-afb8-981255b59177,Main Walk-in,Juice - Lemon Sysco 4 / 0 GAL,4/1 GAL,4,1,1,GAL,Case,1,Pack,0, GAL,0,4,4,4,38.61,38.61,,,,,,,,,,,,,,,,,,not comparable,not assessed: no May/June saved session,no_saved_session,Retain dated source evidence; no saved line exists for this batch. Do not infer one from July or August.,ml,15141.64,,
2026-06-30,495cc39b-1381-4b1d-9da3-7cb57dd87570,2a14369e-2867-4968-a410-ed6090c7eedb,3754,2082515d-2b87-4407-b413-1362165c524f,Milk - Whole,4676306,persisted resolved_inventory_item_id,3b6a77c4-f90f-4f7d-8b60-0551243d26ee,07846144-dea3-4b9c-920e-a6a0a36800de;3b6a77c4-f90f-4f7d-8b60-0551243d26ee,Main Walk-in,Milk - Whole Sysco 1 / 0 GAL,1/1 GAL,1,1,1,GAL,Case,1.25,Pack,0, GAL,0,1.25,1.25,1.25,9.19,9.19,,,,,,,,,,,,,,,,,,not comparable,not assessed: no May/June saved session,no_saved_session,Retain dated source evidence; no saved line exists for this batch. Do not infer one from July or August.,ml,15141.64,,
2026-06-30,495cc39b-1381-4b1d-9da3-7cb57dd87570,2071aaec-ab28-4a20-b990-c9ceff6b3cdd,3776,e7b411b3-a4fd-4a7b-b23c-603ee64bbcb9,Pepperoni,10019742,persisted resolved_inventory_item_id,9ffa64e4-74e8-4b22-b294-b9ddfd2a8a2c,354c9297-9c72-475c-a0a2-4cf3180480f1;4139588d-387f-4d36-8577-bfed7a410328;8c97bd3c-756f-4112-ac97-400aebc76cc4;9ffa64e4-74e8-4b22-b294-b9ddfd2a8a2c,Main Walk-in,Pepperoni Cheney Brothers 2 / 0 LB,2/5 LB,2,5,1,LB,Case,0.5,Pack,0, LB,0,5,5,5,24.21,24.21,,,,,,,,,,,,,,,,,,not comparable,not assessed: no May/June saved session,no_saved_session,Retain dated source evidence; no saved line exists for this batch. Do not infer one from July or August.,lb,10,,
2026-06-30,495cc39b-1381-4b1d-9da3-7cb57dd87570,4d974ddf-7de3-41ac-af09-36e3e59740e5,3792,a8be19c6-1d9f-43fe-a49f-570b37e903f1,Pork - Loin Chop,5741535,persisted resolved_inventory_item_id,af4fe31c-b713-4be5-be92-5b98dffff65d,0a5e1dd1-985e-4a65-bb8d-1ec64a2ec8a3;af4fe31c-b713-4be5-be92-5b98dffff65d,Main Walk-in,Pork - Loin Chop Sysco 20 / 0 OZ,20/8 OZ,20,8,1,OZ,Case,0,Pack,0, OZ,0,0,0,0,0,0,,,,,,,,,,,,,,,,,,not comparable,not assessed: no May/June saved session,no_saved_session,Retain dated source evidence; no saved line exists for this batch. Do not infer one from July or August.,oz,160,,
2026-06-30,495cc39b-1381-4b1d-9da3-7cb57dd87570,a5911df5-973a-4751-af22-f409c94582d5,3805,5dbebef5-c668-47e9-8e07-13ca19024e32,raw clams,256022,persisted resolved_inventory_item_id,6053da75-f2b7-4165-8424-bd85aaa2a4d3,6053da75-f2b7-4165-8424-bd85aaa2a4d3;8002348c-3bf7-4fae-adb4-8b76da8ac646,Main Walk-in,raw clams Cheney Brothers 10 / 0 LB,10/1 LB,10,1,1,LB,Case,0,Pack,0, LB,0,0,0,0,0,0,,,,,,,,,,,,,,,,,,not comparable,not assessed: no May/June saved session,no_saved_session,Retain dated source evidence; no saved line exists for this batch. Do not infer one from July or August.,oz,16,,
2026-06-30,495cc39b-1381-4b1d-9da3-7cb57dd87570,d52a7c5a-1dc5-435d-94ee-43d98310d9bf,3823,915adcc5-d198-488b-8e9c-fbe4660e0211,SAUCE CHEESE CHDR SHARP,7410467,persisted resolved_inventory_item_id,87184f06-cd5b-4e97-9b69-d9f9837aad88,87184f06-cd5b-4e97-9b69-d9f9837aad88;c93856e9-c3b8-4f6d-8599-e740f5dd146f,Main Walk-in,SAUCE CHEESE CHDR SHARP Sysco 4 / 0 OZ,4/140 OZ,4,140,1,OZ,Case,0,Pack,0, OZ,0,0,0,0,0,0,,,,,,,,,,,,,,,,,,not comparable,not assessed: no May/June saved session,no_saved_session,Retain dated source evidence; no saved line exists for this batch. Do not infer one from July or August.,oz,560,,
2026-06-30,495cc39b-1381-4b1d-9da3-7cb57dd87570,1ac167b6-b5b8-47bb-a9be-7f4fa886de71,3867,2c9f7a4d-3d23-4b74-b9e0-a9b75bea9c2b,Tomato - Canned - Diced,3896446,persisted resolved_inventory_item_id,3b6a20fe-3b7f-4507-80d5-0d8a3280221d,3b6a20fe-3b7f-4507-80d5-0d8a3280221d;9a9cd2c5-0509-4be0-937a-e053ac52c88d,Main Walk-in,Tomato - Canned - Diced Sysco 6 / 0 KG,6/2.9 KG,6,2.9,1,KG,Case,0,Pack,0, KG,0,0,0,0,0,0,,,,,,,,,,,,,,,,,,not comparable,not assessed: no May/June saved session,no_saved_session,Retain dated source evidence; no saved line exists for this batch. Do not infer one from July or August.,oz,613.76697,,
2026-06-30,495cc39b-1381-4b1d-9da3-7cb57dd87570,1cbf817c-dbc7-44f8-819a-d3b491ef44e7,3912,8a201862-c42d-41b9-8919-378257e34a5d,Avocado,avo48,persisted resolved_inventory_item_id,,332a3d73-8455-467b-bae4-c567b316b6a0,Bay Window,"Avocado Harvill's Produce Co., Inc. 1 / 0 EA",1/54 EA,1,54,1,EA,Case,0.3,Pack,0, EA,0,16.2,16.2,16.2,17.24,17.24,,,,,,,,,,,,,,,,,,not comparable,not assessed: no May/June saved session,no_saved_session,Retain dated source evidence; no saved line exists for this batch. Do not infer one from July or August.,ea,24,,
2026-06-30,495cc39b-1381-4b1d-9da3-7cb57dd87570,e9f67a4c-0723-4d26-9e71-cb57399004cd,3916,10583111-5a8e-4e29-a610-70b417cb023d,Banana Peppers,8425001,persisted resolved_inventory_item_id,5f69bc62-d0c3-464f-80f6-4acf2072369c,571aaf70-fb60-4054-aef7-70b03045ea16;5f69bc62-d0c3-464f-80f6-4acf2072369c,Bay Window,Banana Peppers Sysco 1 / 0 GAL,1/1 GAL,1,1,1,GAL,Case,1,Pack,0, GAL,0,1,1,1,8.74,8.74,,,,,,,,,,,,,,,,,,not comparable,not assessed: no May/June saved session,no_saved_session,Retain dated source evidence; no saved line exists for this batch. Do not infer one from July or August.,ml,3785.41,,
2026-06-30,495cc39b-1381-4b1d-9da3-7cb57dd87570,afd3a511-35cb-4b74-a547-074bf911aa8c,3920,22fa2ae0-8e78-481b-9ac8-e31c6fe00795,BBQ KC Masterpeice,056055,persisted resolved_inventory_item_id,e1645e73-2244-497a-8b75-0376119c525c,ce0dc541-6ac0-480d-98db-f9a218475e37;e1645e73-2244-497a-8b75-0376119c525c,Bay Window,BBQ KC Masterpeice Cheney Brothers 4 / 0 GAL,4/1 GAL,4,1,1,GAL,Case,0.2,Pack,0, GAL,0,0.8,0.8,0.8,14.71,14.71,,,,,,,,,,,,,,,,,,not comparable,not assessed: no May/June saved session,no_saved_session,Retain dated source evidence; no saved line exists for this batch. Do not infer one from July or August.,ml,15141.64,,
2026-06-30,495cc39b-1381-4b1d-9da3-7cb57dd87570,c79557cd-ab91-4fea-990d-44da8a86627b,3939,ebc6688b-fe9b-4f2e-b12f-7ef33b6c5a3e,CAPPUCCINO CREAMER Busy bean,30001,persisted resolved_inventory_item_id,afae66e7-bfaa-4b05-9ba3-c867dcc1ba91,287ba8ef-e5f4-4c5b-8fa7-80ea681756f3;afae66e7-bfaa-4b05-9ba3-c867dcc1ba91,Bay Window,CAPPUCCINO CREAMER Busy bean Busy Bean Coffee 1 / 0 Case,1/1 Case,1,1,,CASE,Case,1,Pack,0, Case,0,1,1,1,103.55,103.55,,,,,,,,,,,,,,,,,,not comparable,not assessed: no May/June saved session,no_saved_session,Retain dated source evidence; no saved line exists for this batch. Do not infer one from July or August.,ea,1,,
2026-06-30,495cc39b-1381-4b1d-9da3-7cb57dd87570,2b27830d-8a2d-4501-b77e-ef69a2dfee1e,3942,b7d1e7af-ebb1-410f-96da-f2e7e9b52d6c,Celery,20360,persisted resolved_inventory_item_id,82c1eb6f-9ada-4f9e-b429-601ddeb16f5f,2f7a4447-d1a0-4615-add9-cfc906b05037;82c1eb6f-9ada-4f9e-b429-601ddeb16f5f,Bay Window,Celery Mr. Green's Produce 1 / 0 EA,1/15 EA,1,15,1,EA,Case,0.15,Pack,0, EA,0,2.25,2.25,2.25,9.91,9.91,,,,,,,,,,,,,,,,,,not comparable,not assessed: no May/June saved session,no_saved_session,Retain dated source evidence; no saved line exists for this batch. Do not infer one from July or August.,ea,36,,
2026-06-30,495cc39b-1381-4b1d-9da3-7cb57dd87570,1067aaf0-7f92-49dc-9320-34cac9ff8360,3943,1508bbda-a482-4d7c-80b3-93572b389e2d,Cheese - American Yellow Sliced,5132234,persisted resolved_inventory_item_id,eac7ded8-33c6-4432-9552-10a82ce59b91,b9d6d2d2-b289-472f-b979-0bd44a932801;eac7ded8-33c6-4432-9552-10a82ce59b91,Bay Window,Cheese - American Yellow Sliced Sysco 1 / 0 LB,1/5 LB,1,5,1,LB,Case,1,Pack,0, LB,0,5,5,5,14.77,14.77,,,,,,,,,,,,,,,,,,not comparable,not assessed: no May/June saved session,no_saved_session,Retain dated source evidence; no saved line exists for this batch. Do not infer one from July or August.,oz,320,,
2026-06-30,495cc39b-1381-4b1d-9da3-7cb57dd87570,ff117fe7-5185-4f5b-b740-feec5bc08e62,3952,530ffe84-5f03-4ebd-b7a0-41c293083fc3,Cheese - Swiss,31376,persisted resolved_inventory_item_id,ac84e0ce-282b-43f7-ba06-fd54b2afb4f5,2971e9ff-25d7-48ca-9cb8-5f271641afb2;ac84e0ce-282b-43f7-ba06-fd54b2afb4f5,Bay Window,Cheese - Swiss Mr. Green's Produce 2 / 0 LB,2/5 LB,2,5,1,LB,Case,0.15,Pack,0, LB,0,1.5,1.5,1.5,6.8,6.8,,,,,,,,,,,,,,,,,,not comparable,not assessed: no May/June saved session,no_saved_session,Retain dated source evidence; no saved line exists for this batch. Do not infer one from July or August.,oz,16,,
2026-06-30,495cc39b-1381-4b1d-9da3-7cb57dd87570,8dcabdfa-6262-4182-ae13-030a9742be86,3979,3ca92b83-df13-4dc6-8096-9f0debbddf29,Demi-Glace,,persisted resolved_inventory_item_id,,0efae3f9-efd3-4294-8045-c5735860897e,Bay Window,Demi-Glace  1 / 0 QT,1/26 QT,1,26,1,QT,Case,0.25,Pack,0, QT,0,6.5,6.5,6.5,478.47,478.47,,,,,,,,,,,,,,,,,,not comparable,not assessed: no May/June saved session,no_saved_session,Retain dated source evidence; no saved line exists for this batch. Do not infer one from July or August.,ml,24605.178,,
2026-06-30,495cc39b-1381-4b1d-9da3-7cb57dd87570,8f2519aa-f2e8-4318-b2dc-7807fd547a15,4001,09f21d3a-2dd9-4904-b944-6db46bf851fd,Grapefruit juice white,10137744,persisted resolved_inventory_item_id,699c26ca-340e-4ccf-9411-d0f1f38c8d9d,699c26ca-340e-4ccf-9411-d0f1f38c8d9d;a3a4bbc6-dd93-4c78-996e-aed13d2410fc,Bay Window,Grapefruit juice white Cheney Brothers 1 / 0 Case,1/24 Case,1,24,1,EA,Case,0.25,Pack,0, Case,0,6,6,6,7.65,7.65,,,,,,,,,,,,,,,,,,not comparable,not assessed: no May/June saved session,no_saved_session,Retain dated source evidence; no saved line exists for this batch. Do not infer one from July or August.,ea,24,,
2026-06-30,495cc39b-1381-4b1d-9da3-7cb57dd87570,2a83ecda-a1f3-498c-a638-1409406117e2,4012,227e66c3-1250-4754-9f48-d44abbb6934a,Juice - Lemon,0138818,persisted resolved_inventory_item_id,f7492623-e463-432e-afb8-981255b59177,402447c5-a856-4850-bf1f-0c68d4c70863;f7492623-e463-432e-afb8-981255b59177,Bay Window,Juice - Lemon Sysco 4 / 0 GAL,4/1 GAL,4,1,1,GAL,Case,0,Pack,0, GAL,0,0,0,0,0,0,,,,,,,,,,,,,,,,,,not comparable,not assessed: no May/June saved session,no_saved_session,Retain dated source evidence; no saved line exists for this batch. Do not infer one from July or August.,ml,15141.64,,
2026-06-30,495cc39b-1381-4b1d-9da3-7cb57dd87570,399451e0-5eb0-466a-a050-5bd6648025e4,4020,3fd5dbe7-46fc-4627-9deb-7e2147960f1f,Lobster - Claw and Knuckle meat,5841648,persisted resolved_inventory_item_id,aba8d248-3818-4c49-9d5d-d704d6d6d491,aba8d248-3818-4c49-9d5d-d704d6d6d491;eac70337-a023-4720-9026-19fe24b2dd22,Bay Window,Lobster - Claw and Knuckle meat Sysco 6 / 0 LB,6/2 LB,6,2,1,LB,Case,0,Pack,0, LB,0,0,0,0,0,0,,,,,,,,,,,,,,,,,,not comparable,not assessed: no May/June saved session,no_saved_session,Retain dated source evidence; no saved line exists for this batch. Do not infer one from July or August.,oz,192,,
2026-06-30,495cc39b-1381-4b1d-9da3-7cb57dd87570,1a77045a-eb6e-475e-95a3-888028c0e483,4027,2082515d-2b87-4407-b413-1362165c524f,Milk - Whole,4676306,persisted resolved_inventory_item_id,3b6a77c4-f90f-4f7d-8b60-0551243d26ee,07846144-dea3-4b9c-920e-a6a0a36800de;3b6a77c4-f90f-4f7d-8b60-0551243d26ee,Bay Window,Milk - Whole Sysco 1 / 0 GAL,1/1 GAL,1,1,1,GAL,Case,0.8,Pack,0, GAL,0,0.8,0.8,0.8,5.88,5.88,,,,,,,,,,,,,,,,,,not comparable,not assessed: no May/June saved session,no_saved_session,Retain dated source evidence; no saved line exists for this batch. Do not infer one from July or August.,ml,15141.64,,
2026-06-30,495cc39b-1381-4b1d-9da3-7cb57dd87570,070afbdc-3e6f-475e-842e-51dbdde2a6ae,4053,e7b411b3-a4fd-4a7b-b23c-603ee64bbcb9,Pepperoni,10019742,persisted resolved_inventory_item_id,9ffa64e4-74e8-4b22-b294-b9ddfd2a8a2c,354c9297-9c72-475c-a0a2-4cf3180480f1;4139588d-387f-4d36-8577-bfed7a410328;8c97bd3c-756f-4112-ac97-400aebc76cc4;9ffa64e4-74e8-4b22-b294-b9ddfd2a8a2c,Bay Window,Pepperoni Cheney Brothers 2 / 0 LB,2/5 LB,2,5,1,LB,Case,0.5,Pack,0, LB,0,5,5,5,24.21,24.21,,,,,,,,,,,,,,,,,,not comparable,not assessed: no May/June saved session,no_saved_session,Retain dated source evidence; no saved line exists for this batch. Do not infer one from July or August.,lb,10,,
2026-06-30,495cc39b-1381-4b1d-9da3-7cb57dd87570,a918e130-20d5-41c4-9cab-b317f44f707c,4054,9a02c849-8ef8-4cbe-b973-88791f66f13e,Peppers - Green,pepgrlb,persisted resolved_inventory_item_id,,c41cb306-89d3-4759-ac5f-1691d5837111,Bay Window,"Peppers - Green Harvill's Produce Co., Inc. 1 / 0 LB",1/1 LB,1,1,1,LB,Case,3,Pack,0, LB,0,3,3,3,8.7,8.7,,,,,,,,,,,,,,,,,,not comparable,not assessed: no May/June saved session,no_saved_session,Retain dated source evidence; no saved line exists for this batch. Do not infer one from July or August.,oz,16,,
2026-06-30,495cc39b-1381-4b1d-9da3-7cb57dd87570,45edbec9-f24c-42cb-b9d4-2a8618692226,4060,a8be19c6-1d9f-43fe-a49f-570b37e903f1,Pork - Loin Chop,5741535,persisted resolved_inventory_item_id,af4fe31c-b713-4be5-be92-5b98dffff65d,0a5e1dd1-985e-4a65-bb8d-1ec64a2ec8a3;af4fe31c-b713-4be5-be92-5b98dffff65d,Bay Window,Pork - Loin Chop Sysco 20 / 0 OZ,20/8 OZ,20,8,1,OZ,Case,0,Pack,0, OZ,0,0,0,0,0,0,,,,,,,,,,,,,,,,,,not comparable,not assessed: no May/June saved session,no_saved_session,Retain dated source evidence; no saved line exists for this batch. Do not infer one from July or August.,oz,160,,
2026-06-30,495cc39b-1381-4b1d-9da3-7cb57dd87570,6d07c07d-c218-455e-a1e4-706d8f34bdb0,4079,87812bf0-6ecb-4ae6-81d8-25fb701d17d3,Shrimp - 16-20,5107525,persisted resolved_inventory_item_id,796777c9-c833-430e-897d-38e74f13ab2c,796777c9-c833-430e-897d-38e74f13ab2c;7a0a26d2-bf05-40be-afaf-ff1dca6b347c,Bay Window,Shrimp - 16-20 Sysco 4 / 0 LB,4/2.5 LB,4,2.5,1,LB,Case,0,Pack,0, LB,0,0,0,0,0,0,,,,,,,,,,,,,,,,,,not comparable,not assessed: no May/June saved session,no_saved_session,Retain dated source evidence; no saved line exists for this batch. Do not infer one from July or August.,oz,160,,
2026-06-30,495cc39b-1381-4b1d-9da3-7cb57dd87570,c84a9971-4ae4-436f-aa1f-6b5e281a10a3,4113,832f40cc-032b-44ff-a0b6-52e66eaf344c,Apples - Red Delicious,11017,persisted resolved_inventory_item_id,4096b5a5-e199-45b8-9066-65bb4a80a675,4096b5a5-e199-45b8-9066-65bb4a80a675;be008495-eaea-4ad6-9464-ae3d0e98ff88,Cafe,Apples - Red Delicious Mr. Green's Produce 1 / 0 EA,1/72 EA,1,72,1,EA,Case,0.15,Pack,0, EA,0,10.8,10.8,10.8,5.47,5.47,,,,,,,,,,,,,,,,,,not comparable,not assessed: no May/June saved session,no_saved_session,Retain dated source evidence; no saved line exists for this batch. Do not infer one from July or August.,ea,40,,
2026-06-30,495cc39b-1381-4b1d-9da3-7cb57dd87570,afaf788f-07ad-4842-8f62-4133fc64c154,4114,f84cd047-ef9b-4b18-80b6-8f17033f493a,Arugula,HERBARR15,persisted resolved_inventory_item_id,799ee6f5-eea2-49c3-aa74-e9a5b6142e76,53a2f1c0-5756-4e85-94ec-c0572faf55e4;799ee6f5-eea2-49c3-aa74-e9a5b6142e76,Cafe,"Arugula Harvill's Produce Co., Inc. 1 / 0 LB",1/1.5 LB,1,1.5,1,LB,Case,1,Pack,0, LB,0,1.5,1.5,1.5,15.55,15.55,,,,,,,,,,,,,,,,,,not comparable,not assessed: no May/June saved session,no_saved_session,Retain dated source evidence; no saved line exists for this batch. Do not infer one from July or August.,oz,48,,
2026-06-30,495cc39b-1381-4b1d-9da3-7cb57dd87570,f09dfb83-1617-4fb7-970f-cd54552ef0e4,4115,e5e23d06-d348-43bd-af0d-1f74b255424d,Asst Lays Chips,6586721,persisted resolved_inventory_item_id,3879c62b-62e2-4f31-98cd-f3b32d1b0cab,3879c62b-62e2-4f31-98cd-f3b32d1b0cab;77185373-c871-473d-9fd5-68f0819e6647,Cafe,Asst Lays Chips Sysco 1 / 0 EA,1/60 EA,1,60,1,EA,Case,1,Pack,0, EA,0,60,60,60,40.96,40.96,,,,,,,,,,,,,,,,,,not comparable,not assessed: no May/June saved session,no_saved_session,Retain dated source evidence; no saved line exists for this batch. Do not infer one from July or August.,ea,60,1,60
2026-06-30,495cc39b-1381-4b1d-9da3-7cb57dd87570,82f8fe9c-e602-46b4-afdb-63d8833e5554,4124,22fa2ae0-8e78-481b-9ac8-e31c6fe00795,BBQ KC Masterpeice,056055,persisted resolved_inventory_item_id,e1645e73-2244-497a-8b75-0376119c525c,ce0dc541-6ac0-480d-98db-f9a218475e37;e1645e73-2244-497a-8b75-0376119c525c,Cafe,BBQ KC Masterpeice Cheney Brothers 4 / 0 GAL,4/1 GAL,4,1,1,GAL,Case,0.25,Pack,0, GAL,0,1,1,1,18.39,18.39,,,,,,,,,,,,,,,,,,not comparable,not assessed: no May/June saved session,no_saved_session,Retain dated source evidence; no saved line exists for this batch. Do not infer one from July or August.,ml,15141.64,,
2026-06-30,495cc39b-1381-4b1d-9da3-7cb57dd87570,a23b3e61-089b-4c9e-b4ba-c9fd0a52e05f,4138,f16087c9-fb87-4d67-a253-621a31611824,Cabbage - Red,CABRDEA,persisted resolved_inventory_item_id,,15cc0f3e-d5f7-4bc6-9710-129b617e0813,Cafe,"Cabbage - Red Harvill's Produce Co., Inc. 1 / 0 LB",1/1 LB,1,1,1,LB,Case,5,Pack,0, LB,0,5,5,5,4,4,,,,,,,,,,,,,,,,,,not comparable,not assessed: no May/June saved session,no_saved_session,Retain dated source evidence; no saved line exists for this batch. Do not infer one from July or August.,oz,160,,
2026-06-30,495cc39b-1381-4b1d-9da3-7cb57dd87570,75c025cc-0ef3-4826-b2ee-b990f689b5f2,4139,5413aa19-e7a0-4681-9552-88b9386ee1e8,Cabbage - Slaw Mix,35004,persisted resolved_inventory_item_id,875cf265-9b36-4ce4-b2f6-26ba6911eef6,210d86d8-150d-45cc-a502-3e7eb8e93a43;875cf265-9b36-4ce4-b2f6-26ba6911eef6,Cafe,Cabbage - Slaw Mix Mr. Green's Produce 4 / 0 LB,4/5 LB,4,5,1,LB,Case,1,Pack,0, LB,0,20,20,20,10.07,10.07,,,,,,,,,,,,,,,,,,not comparable,not assessed: no May/June saved session,no_saved_session,Retain dated source evidence; no saved line exists for this batch. Do not infer one from July or August.,oz,128,,
2026-06-30,495cc39b-1381-4b1d-9da3-7cb57dd87570,0e7df3af-5cdd-4949-a6a8-b9035f7c1ea2,4147,1508bbda-a482-4d7c-80b3-93572b389e2d,Cheese - American Yellow Sliced,5132234,persisted resolved_inventory_item_id,eac7ded8-33c6-4432-9552-10a82ce59b91,b9d6d2d2-b289-472f-b979-0bd44a932801;eac7ded8-33c6-4432-9552-10a82ce59b91,Cafe,Cheese - American Yellow Sliced Sysco 1 / 0 LB,1/5 LB,1,5,1,LB,Case,1,Pack,0, LB,0,5,5,5,14.77,14.77,,,,,,,,,,,,,,,,,,not comparable,not assessed: no May/June saved session,no_saved_session,Retain dated source evidence; no saved line exists for this batch. Do not infer one from July or August.,oz,320,,
2026-06-30,495cc39b-1381-4b1d-9da3-7cb57dd87570,2f681438-be79-4f7b-92fa-17d2cc5a837b,4152,530ffe84-5f03-4ebd-b7a0-41c293083fc3,Cheese - Swiss,31376,persisted resolved_inventory_item_id,ac84e0ce-282b-43f7-ba06-fd54b2afb4f5,2971e9ff-25d7-48ca-9cb8-5f271641afb2;ac84e0ce-282b-43f7-ba06-fd54b2afb4f5,Cafe,Cheese - Swiss Mr. Green's Produce 2 / 0 LB,2/5 LB,2,5,1,LB,Case,0.25,Pack,0, LB,0,2.5,2.5,2.5,11.34,11.34,,,,,,,,,,,,,,,,,,not comparable,not assessed: no May/June saved session,no_saved_session,Retain dated source evidence; no saved line exists for this batch. Do not infer one from July or August.,oz,16,,
2026-06-30,495cc39b-1381-4b1d-9da3-7cb57dd87570,82a9093d-707a-48a8-a2fc-97bc6a850415,4171,bf7d61ea-6303-4949-9b35-cd37f8ab8521,Dijon PC,,persisted resolved_inventory_item_id,,0c33ee56-17f5-4ce5-aa5a-5540a824954f,Cafe,Dijon PC  1 / 0 Case,1/200 Case,1,200,1,EA,Case,0.25,Pack,0, Case,0,50,50,50,6.01,6.01,,,,,,,,,,,,,,,,,,not comparable,not assessed: no May/June saved session,no_saved_session,Retain dated source evidence; no saved line exists for this batch. Do not infer one from July or August.,ea,200,,
2026-06-30,495cc39b-1381-4b1d-9da3-7cb57dd87570,be871bc6-17c3-4ec6-b3ec-2734e9f8b7c2,4193,09f21d3a-2dd9-4904-b944-6db46bf851fd,Grapefruit juice white,10137744,persisted resolved_inventory_item_id,699c26ca-340e-4ccf-9411-d0f1f38c8d9d,699c26ca-340e-4ccf-9411-d0f1f38c8d9d;a3a4bbc6-dd93-4c78-996e-aed13d2410fc,Cafe,Grapefruit juice white Cheney Brothers 1 / 0 Case,1/24 Case,1,24,1,EA,Case,0.25,Pack,0, Case,0,6,6,6,7.65,7.65,,,,,,,,,,,,,,,,,,not comparable,not assessed: no May/June saved session,no_saved_session,Retain dated source evidence; no saved line exists for this batch. Do not infer one from July or August.,ea,24,,
2026-06-30,495cc39b-1381-4b1d-9da3-7cb57dd87570,e72aaad0-3589-4d5e-bfe2-357a2d92886c,4198,ed26e500-dd37-40ac-b77f-8538cd12e994,Hoagie Roll,26074-x,persisted resolved_inventory_item_id,,b243ba3c-c3d2-4b10-800c-d68771dd0bab,Cafe,Hoagie Roll Olde Hearth Bread Company 1 / 0 EA,1/1 EA,1,1,1,EA,Case,0,Pack,0, EA,0,0,0,0,0,0,,,,,,,,,,,,,,,,,,not comparable,not assessed: no May/June saved session,no_saved_session,Retain dated source evidence; no saved line exists for this batch. Do not infer one from July or August.,ea,1,,
2026-06-30,495cc39b-1381-4b1d-9da3-7cb57dd87570,7c34a240-68dd-48d1-92a0-762f0d3d9f76,4211,227e66c3-1250-4754-9f48-d44abbb6934a,Juice - Lemon,0138818,persisted resolved_inventory_item_id,f7492623-e463-432e-afb8-981255b59177,402447c5-a856-4850-bf1f-0c68d4c70863;f7492623-e463-432e-afb8-981255b59177,Cafe,Juice - Lemon Sysco 4 / 0 GAL,4/1 GAL,4,1,1,GAL,Case,0.25,Pack,0, GAL,0,1,1,1,9.65,9.65,,,,,,,,,,,,,,,,,,not comparable,not assessed: no May/June saved session,no_saved_session,Retain dated source evidence; no saved line exists for this batch. Do not infer one from July or August.,ml,15141.64,,
2026-06-30,495cc39b-1381-4b1d-9da3-7cb57dd87570,fb4ba7d2-45eb-46d6-9718-5f432786ddb4,4217,50e5d27d-e7bb-420a-85e2-780e2ea9e134,Lemonade,4800807,persisted resolved_inventory_item_id,eeac0578-f44b-44c0-b66a-f252bf1a7bbd,ecbd0e79-1650-42a9-942f-e24781191e36;eeac0578-f44b-44c0-b66a-f252bf1a7bbd,Cafe,Lemonade Sysco 15 / 0 OZ,15/14 OZ,15,14,1,OZ,Case,0,Pack,0, OZ,0,0,0,0,0,0,,,,,,,,,,,,,,,,,,not comparable,not assessed: no May/June saved session,no_saved_session,Retain dated source evidence; no saved line exists for this batch. Do not infer one from July or August.,oz,210,,
2026-06-30,495cc39b-1381-4b1d-9da3-7cb57dd87570,4c4bf836-affe-4cf6-bb47-983ad05162e3,4231,2082515d-2b87-4407-b413-1362165c524f,Milk - Whole,4676306,persisted resolved_inventory_item_id,3b6a77c4-f90f-4f7d-8b60-0551243d26ee,07846144-dea3-4b9c-920e-a6a0a36800de;3b6a77c4-f90f-4f7d-8b60-0551243d26ee,Cafe,Milk - Whole Sysco 1 / 0 GAL,1/1 GAL,1,1,1,GAL,Case,1,Pack,0, GAL,0,1,1,1,7.35,7.35,,,,,,,,,,,,,,,,,,not comparable,not assessed: no May/June saved session,no_saved_session,Retain dated source evidence; no saved line exists for this batch. Do not infer one from July or August.,ml,15141.64,,
2026-06-30,495cc39b-1381-4b1d-9da3-7cb57dd87570,7991474b-a18b-4bd9-9656-550adae72b83,4257,6dc046ec-1ebe-448b-89c2-9d8dc31644a2,Onions - Yellow,oni jum,persisted resolved_inventory_item_id,,c8b16036-bfd5-449d-8f6c-2b3c6e44b83b,Cafe,"Onions - Yellow Harvill's Produce Co., Inc. 1 / 0 LB",1/50 LB,1,50,1,LB,Case,0.15,Pack,0, LB,0,7.5,7.5,7.5,4.11,4.11,,,,,,,,,,,,,,,,,,not comparable,not assessed: no May/June saved session,no_saved_session,Retain dated source evidence; no saved line exists for this batch. Do not infer one from July or August.,oz,80,,
2026-06-30,495cc39b-1381-4b1d-9da3-7cb57dd87570,460acebc-dad3-4179-b617-0549fa0c4e81,4271,e7b411b3-a4fd-4a7b-b23c-603ee64bbcb9,Pepperoni,10019742,persisted resolved_inventory_item_id,9ffa64e4-74e8-4b22-b294-b9ddfd2a8a2c,354c9297-9c72-475c-a0a2-4cf3180480f1;4139588d-387f-4d36-8577-bfed7a410328;8c97bd3c-756f-4112-ac97-400aebc76cc4;9ffa64e4-74e8-4b22-b294-b9ddfd2a8a2c,Cafe,Pepperoni Cheney Brothers 2 / 0 LB,2/5 LB,2,5,1,LB,Case,0,Pack,0, LB,0,0,0,0,0,0,,,,,,,,,,,,,,,,,,not comparable,not assessed: no May/June saved session,no_saved_session,Retain dated source evidence; no saved line exists for this batch. Do not infer one from July or August.,lb,10,,
2026-06-30,495cc39b-1381-4b1d-9da3-7cb57dd87570,8583905a-d9f4-4827-8499-898079dae843,4272,9a02c849-8ef8-4cbe-b973-88791f66f13e,Peppers - Green,pepgrlb,persisted resolved_inventory_item_id,,c41cb306-89d3-4759-ac5f-1691d5837111,Cafe,"Peppers - Green Harvill's Produce Co., Inc. 1 / 0 LB",1/1 LB,1,1,1,LB,Case,2,Pack,0, LB,0,2,2,2,5.8,5.8,,,,,,,,,,,,,,,,,,not comparable,not assessed: no May/June saved session,no_saved_session,Retain dated source evidence; no saved line exists for this batch. Do not infer one from July or August.,oz,16,,
2026-06-30,495cc39b-1381-4b1d-9da3-7cb57dd87570,d4e807b9-2985-40e1-bfe0-52d2d2d7d152,4301,87812bf0-6ecb-4ae6-81d8-25fb701d17d3,Shrimp - 16-20,5107525,persisted resolved_inventory_item_id,796777c9-c833-430e-897d-38e74f13ab2c,796777c9-c833-430e-897d-38e74f13ab2c;7a0a26d2-bf05-40be-afaf-ff1dca6b347c,Cafe,Shrimp - 16-20 Sysco 4 / 0 LB,4/2.5 LB,4,2.5,1,LB,Case,0,Pack,0, LB,0,0,0,0,0,0,,,,,,,,,,,,,,,,,,not comparable,not assessed: no May/June saved session,no_saved_session,Retain dated source evidence; no saved line exists for this batch. Do not infer one from July or August.,oz,160,,
2026-06-30,495cc39b-1381-4b1d-9da3-7cb57dd87570,6ccc7916-ed78-4d15-8f31-2e376564b9cd,4324,ab085b7e-968f-489a-8441-5d5267a2378b,Tuna,tuna saku style cut 6-8oz aqua blu 10lb case,persisted resolved_inventory_item_id,,5e591279-db26-45c0-b5d4-36e02c16b6c7,Cafe,Tuna Samuels and Son Seafood Company 1 / 0 LB,1/1 LB,1,1,1,LB,Case,0,Pack,0, LB,0,0,0,0,0,0,,,,,,,,,,,,,,,,,,not comparable,not assessed: no May/June saved session,no_saved_session,Retain dated source evidence; no saved line exists for this batch. Do not infer one from July or August.,oz,160,,
2026-06-30,495cc39b-1381-4b1d-9da3-7cb57dd87570,1f7c35c2-73c6-45ad-b4d3-65bfcde1f9db,4331,686b2d0b-7852-40fe-ae11-2e7c75945858,Veggie Burger,204032,persisted resolved_inventory_item_id,2e3ac4da-ab4a-4c16-813f-a33603642de8,2e3ac4da-ab4a-4c16-813f-a33603642de8;99e11e7f-c0aa-4fee-ab80-07de34530557,Cafe,Veggie Burger Cheney Brothers 29 / 0 OZ,29/5.5 OZ,29,5.5,1,OZ,Case,0,Pack,0, OZ,0,0,0,0,0,0,,,,,,,,,,,,,,,,,,not comparable,not assessed: no May/June saved session,no_saved_session,Retain dated source evidence; no saved line exists for this batch. Do not infer one from July or August.,oz,159.5,,
2026-06-30,495cc39b-1381-4b1d-9da3-7cb57dd87570,85e41a07-4c19-44b4-994a-c168e2b758ab,4345,3ca92b83-df13-4dc6-8096-9f0debbddf29,Demi-Glace,,persisted resolved_inventory_item_id,,0efae3f9-efd3-4294-8045-c5735860897e,Quart freezer,Demi-Glace  1 / 0 QT,1/26 QT,1,26,1,QT,Case,0,Pack,0, QT,25,25,25,25,1840.27,1840.27,,,,,,,,,,,,,,,,,,not comparable,not assessed: no May/June saved session,no_saved_session,Retain dated source evidence; no saved line exists for this batch. Do not infer one from July or August.,ml,24605.178,,
2026-06-30,495cc39b-1381-4b1d-9da3-7cb57dd87570,a03294d9-33c4-473c-ae31-2954477cde33,4386,ed26e500-dd37-40ac-b77f-8538cd12e994,Hoagie Roll,26074-x,persisted resolved_inventory_item_id,,b243ba3c-c3d2-4b10-800c-d68771dd0bab,Bread Reach-in,Hoagie Roll Olde Hearth Bread Company 1 / 0 EA,1/1 EA,1,1,1,EA,Case,0,Pack,0, EA,0,0,0,0,0,0,,,,,,,,,,,,,,,,,,not comparable,not assessed: no May/June saved session,no_saved_session,Retain dated source evidence; no saved line exists for this batch. Do not infer one from July or August.,ea,1,,
2026-06-30,495cc39b-1381-4b1d-9da3-7cb57dd87570,b924d3c6-4b72-4878-bc23-bc05bda1f490,4441,09f21d3a-2dd9-4904-b944-6db46bf851fd,Grapefruit juice white,10137744,persisted resolved_inventory_item_id,699c26ca-340e-4ccf-9411-d0f1f38c8d9d,699c26ca-340e-4ccf-9411-d0f1f38c8d9d;a3a4bbc6-dd93-4c78-996e-aed13d2410fc,Dry Storeroom,Grapefruit juice white Cheney Brothers 1 / 0 Case,1/24 Case,1,24,1,EA,Case,1,Pack,0, Case,0,24,24,24,30.59,30.59,,,,,,,,,,,,,,,,,,not comparable,not assessed: no May/June saved session,no_saved_session,Retain dated source evidence; no saved line exists for this batch. Do not infer one from July or August.,ea,24,,
2026-06-30,495cc39b-1381-4b1d-9da3-7cb57dd87570,90e56be5-1508-401d-b7cc-f0e99ba1616b,4444,cc340f68-814a-4bce-bb72-1c68330d3e7a,DRINK GATORADE G2 FRUIT PUNCH,098019,persisted resolved_inventory_item_id,32f849ab-17ad-46ba-8042-9c4e5989c105,32f849ab-17ad-46ba-8042-9c4e5989c105;44797aec-89d5-45e4-942d-5d9ff04fd097,Dry Storeroom,DRINK GATORADE G2 FRUIT PUNCH Cheney Brothers 1 / 0 Case,1/1 Case,1,1,,CASE,Case,3,Pack,0, Case,0,3,3,3,110.67,110.67,,,,,,,,,,,,,,,,,,not comparable,not assessed: no May/June saved session,no_saved_session,Retain dated source evidence; no saved line exists for this batch. Do not infer one from July or August.,ea,1,,
2026-06-30,495cc39b-1381-4b1d-9da3-7cb57dd87570,b9fe2558-3a29-466e-91a1-aad1b714c81d,4496,2f1081be-3de4-46f0-9af8-8ea1a20145ce,Olive Oil - Extra Virgin,LEMON OLIVE OIL - 500ML (16.5 Oz),persisted resolved_inventory_item_id,,95141bb5-4689-4e37-a117-e0fa94b978b3,Dry Storeroom,"Olive Oil - Extra Virgin Pensato USA, LLC 1 / 0 ML",1/500 ML,1,500,1,ML,Case,0,Pack,0, ML,0,0,0,0,0,0,,,,,,,,,,,,,,,,,,not comparable,not assessed: no May/June saved session,no_saved_session,Retain dated source evidence; no saved line exists for this batch. Do not infer one from July or August.,ml,250,,
2026-06-30,495cc39b-1381-4b1d-9da3-7cb57dd87570,a5598db1-6457-4297-951a-4d853c693771,4499,ebc6688b-fe9b-4f2e-b12f-7ef33b6c5a3e,CAPPUCCINO CREAMER Busy bean,30001,persisted resolved_inventory_item_id,afae66e7-bfaa-4b05-9ba3-c867dcc1ba91,287ba8ef-e5f4-4c5b-8fa7-80ea681756f3;afae66e7-bfaa-4b05-9ba3-c867dcc1ba91,Dry Storeroom,CAPPUCCINO CREAMER Busy bean Busy Bean Coffee 1 / 0 Case,1/1 Case,1,1,,CASE,Case,6,Pack,0, Case,0,6,6,6,621.3,621.3,,,,,,,,,,,,,,,,,,not comparable,not assessed: no May/June saved session,no_saved_session,Retain dated source evidence; no saved line exists for this batch. Do not infer one from July or August.,ea,1,,
2026-06-30,495cc39b-1381-4b1d-9da3-7cb57dd87570,5c24b4bf-d570-4c4d-8486-d1a840eacf3a,4517,50e5d27d-e7bb-420a-85e2-780e2ea9e134,Lemonade,4800807,persisted resolved_inventory_item_id,eeac0578-f44b-44c0-b66a-f252bf1a7bbd,ecbd0e79-1650-42a9-942f-e24781191e36;eeac0578-f44b-44c0-b66a-f252bf1a7bbd,Dry Storeroom,Lemonade Sysco 15 / 0 OZ,15/14 OZ,15,14,1,OZ,Case,4,Pack,0, OZ,0,60,60,840,242.52,242.52,,,,,,,,,,,,,,,,,,not comparable,not assessed: no May/June saved session,no_saved_session,Retain dated source evidence; no saved line exists for this batch. Do not infer one from July or August.,oz,210,,
2026-06-30,495cc39b-1381-4b1d-9da3-7cb57dd87570,112b8ac9-3e08-4765-870e-4f88fe6be273,4584,f65ce3b2-2d2b-4135-9e8f-762daacc3973,Vinegar - Sherry,062008,persisted resolved_inventory_item_id,9517e4dc-7d15-4e79-9e74-85e87c70113d,3bf86697-2044-44bd-a404-6408afcff98a;9517e4dc-7d15-4e79-9e74-85e87c70113d,Dry Storeroom,Vinegar - Sherry Cheney Brothers 1 / 0 OZ,1/25.4 OZ,1,25.4,1,OZ,Case,2,Pack,0, OZ,0,2,2,50.8,22.44,22.44,,,,,,,,,,,,,,,,,,not comparable,not assessed: no May/June saved session,no_saved_session,Retain dated source evidence; no saved line exists for this batch. Do not infer one from July or August.,oz,25.4,,
2026-06-30,495cc39b-1381-4b1d-9da3-7cb57dd87570,1584a38f-e627-4c76-99f0-f0c57ed7d750,4597,bf7d61ea-6303-4949-9b35-cd37f8ab8521,Dijon PC,,persisted resolved_inventory_item_id,,0c33ee56-17f5-4ce5-aa5a-5540a824954f,Dry Storeroom,Dijon PC  1 / 0 Case,1/200 Case,1,200,1,EA,Case,1,Pack,0, Case,0,200,200,200,24.04,24.04,,,,,,,,,,,,,,,,,,not comparable,not assessed: no May/June saved session,no_saved_session,Retain dated source evidence; no saved line exists for this batch. Do not infer one from July or August.,ea,200,,
2026-06-30,495cc39b-1381-4b1d-9da3-7cb57dd87570,9022bf96-1b1d-4902-8495-9142d3f81878,4604,7734d316-0947-4b52-bd05-aab427c2b26a,shortening cube,,persisted resolved_inventory_item_id,,30bdeb22-5ef1-480b-aa4e-d27627ac6fee,Dry Storeroom,shortening cube  1 / 0 Case,1/50 Case,1,50,1,EA,Case,0,Pack,0, Case,0,0,0,0,0,0,,,,,,,,,,,,,,,,,,not comparable,not assessed: no May/June saved session,no_saved_session,Retain dated source evidence; no saved line exists for this batch. Do not infer one from July or August.,ea,50,,
2026-06-30,495cc39b-1381-4b1d-9da3-7cb57dd87570,123249aa-9280-4a61-9ac9-6ed9f1d385cb,4606,eb8bab18-117b-4b13-ae61-57eca6aa2e03,Popcorn Kit,,persisted resolved_inventory_item_id,,9c609e20-234f-460b-a2b6-8a432612a79c,Dry Storeroom,Popcorn Kit  24 / 0 Case,24/16 Case,24,16,1,EA,Case,1,Pack,0, Case,0,384,384,384,34.44,34.44,,,,,,,,,,,,,,,,,,not comparable,not assessed: no May/June saved session,no_saved_session,Retain dated source evidence; no saved line exists for this batch. Do not infer one from July or August.,ea,384,,
2026-06-30,495cc39b-1381-4b1d-9da3-7cb57dd87570,41de694b-ca41-4f6b-8ad0-ccae02e8e510,4611,d701a245-7b2c-436c-a548-41a92ce85b67,Dill - Dried,HERBDB,persisted resolved_inventory_item_id,,4a599445-2865-4dcc-b6a6-b43f8677058c,Dry Storeroom,"Dill - Dried Harvill's Produce Co., Inc. 1 / 0 OZ",1/1 OZ,1,1,1,OZ,Case,1,Pack,0, OZ,0,1,1,1,11.25,11.25,,,,,,,,,,,,,,,,,,not comparable,not assessed: no May/June saved session,no_saved_session,Retain dated source evidence; no saved line exists for this batch. Do not infer one from July or August.,oz,1,,
2026-06-30,495cc39b-1381-4b1d-9da3-7cb57dd87570,65ba4d73-ea36-4bcc-8f26-5f86c63db030,4626,714b4fec-6ac8-4163-89e4-e92e67eee6c3,Marjoram - Dried,140146,persisted resolved_inventory_item_id,b2c3bc56-2ba3-4391-b5a6-a9d7827b9c87,95724653-21b5-4fdd-ac34-249eff72bf0c;b2c3bc56-2ba3-4391-b5a6-a9d7827b9c87,Dry Storeroom,Marjoram - Dried Cheney Brothers 6 / 0 OZ,6/4 OZ,6,4,1,OZ,Case,2,Pack,0, OZ,0,12,12,48,10.2,10.2,,,,,,,,,,,,,,,,,,not comparable,not assessed: no May/June saved session,no_saved_session,Retain dated source evidence; no saved line exists for this batch. Do not infer one from July or August.,oz,3,,
2026-06-30,495cc39b-1381-4b1d-9da3-7cb57dd87570,57d2595b-73cc-4e33-8f93-cf3a18913e29,4694,22fa2ae0-8e78-481b-9ac8-e31c6fe00795,BBQ KC Masterpeice,056055,persisted resolved_inventory_item_id,e1645e73-2244-497a-8b75-0376119c525c,ce0dc541-6ac0-480d-98db-f9a218475e37;e1645e73-2244-497a-8b75-0376119c525c,Dry Storeroom,BBQ KC Masterpeice Cheney Brothers 4 / 0 GAL,4/1 GAL,4,1,1,GAL,Case,0.5,Pack,0, GAL,0,2,2,2,36.79,36.79,,,,,,,,,,,,,,,,,,not comparable,not assessed: no May/June saved session,no_saved_session,Retain dated source evidence; no saved line exists for this batch. Do not infer one from July or August.,ml,15141.64,,
2026-06-30,495cc39b-1381-4b1d-9da3-7cb57dd87570,4e3ebd09-74d6-452d-b510-3f8c8ea77e0e,4723,f3b9bcc7-b4b9-42c3-9429-c9c156cd7169,Apricot - Dried,62450,persisted resolved_inventory_item_id,c1a157b1-f3a9-4dc6-a214-7894a0711db0,2ede2623-8cc8-43e6-b563-12fe2134c920;c1a157b1-f3a9-4dc6-a214-7894a0711db0,Dry Storeroom,Apricot - Dried Mr. Green's Produce 1 / 0 LB,1/10 LB,1,10,1,LB,Case,1,Pack,0, LB,0,10,10,10,111.2,111.2,,,,,,,,,,,,,,,,,,not comparable,not assessed: no May/June saved session,no_saved_session,Retain dated source evidence; no saved line exists for this batch. Do not infer one from July or August.,oz,160,,
2026-06-30,495cc39b-1381-4b1d-9da3-7cb57dd87570,6f33ae48-7d13-45e2-b92a-a750c0c14142,4725,69163edf-e544-4903-aa69-70df7476bcd6,Artichoke - Hearts,158015,persisted resolved_inventory_item_id,8fda725a-2fe2-486d-84ac-23a14a9bd569,0583ab6c-ad4f-4d69-bdc6-1bcabe75fd0a;8fda725a-2fe2-486d-84ac-23a14a9bd569,Dry Storeroom,Artichoke - Hearts Cheney Brothers 6 / 0 KG,6/3 KG,6,3,1,KG,Case,1,Pack,0, KG,0,18,18,18,100.92,100.92,,,,,,,,,,,,,,,,,,not comparable,not assessed: no May/June saved session,no_saved_session,Retain dated source evidence; no saved line exists for this batch. Do not infer one from July or August.,oz,634.93134,,
2026-06-30,495cc39b-1381-4b1d-9da3-7cb57dd87570,4864d6ee-3269-4f63-be26-d2802bc17b6c,4726,e5e23d06-d348-43bd-af0d-1f74b255424d,Asst Lays Chips,6586721,persisted resolved_inventory_item_id,3879c62b-62e2-4f31-98cd-f3b32d1b0cab,3879c62b-62e2-4f31-98cd-f3b32d1b0cab;77185373-c871-473d-9fd5-68f0819e6647,Dry Storeroom,Asst Lays Chips Sysco 1 / 0 EA,1/60 EA,1,60,1,EA,Case,2,Pack,0, EA,0,120,120,120,81.92,81.92,,,,,,,,,,,,,,,,,,not comparable,not assessed: no May/June saved session,no_saved_session,Retain dated source evidence; no saved line exists for this batch. Do not infer one from July or August.,ea,60,1,60
2026-06-30,495cc39b-1381-4b1d-9da3-7cb57dd87570,6a8512f2-e08c-45be-aff1-5df2bf545a77,4732,10583111-5a8e-4e29-a610-70b417cb023d,Banana Peppers,8425001,persisted resolved_inventory_item_id,5f69bc62-d0c3-464f-80f6-4acf2072369c,571aaf70-fb60-4054-aef7-70b03045ea16;5f69bc62-d0c3-464f-80f6-4acf2072369c,Dry Storeroom,Banana Peppers Sysco 1 / 0 GAL,1/1 GAL,1,1,1,GAL,Case,2,Pack,0, GAL,0,2,2,2,17.48,17.48,,,,,,,,,,,,,,,,,,not comparable,not assessed: no May/June saved session,no_saved_session,Retain dated source evidence; no saved line exists for this batch. Do not infer one from July or August.,ml,3785.41,,
2026-06-30,495cc39b-1381-4b1d-9da3-7cb57dd87570,b480d409-6054-4288-991a-c7dea2445229,4810,2430d0c3-9041-4987-a9d6-6d6c0d88424c,BONNE-MAMAN HONEY MINI,66206,persisted resolved_inventory_item_id,47974166-77f5-480a-8c6f-67c659b82eba,47974166-77f5-480a-8c6f-67c659b82eba;85fb5024-6c88-4066-ac46-fd9a225724f4,Dry Storeroom,BONNE-MAMAN HONEY MINI Mr. Green's Produce 1 / 0 EA,1/60 EA,1,60,1,EA,Case,3,Pack,0, EA,0,180,180,180,202.56,202.56,,,,,,,,,,,,,,,,,,not comparable,not assessed: no May/June saved session,no_saved_session,Retain dated source evidence; no saved line exists for this batch. Do not infer one from July or August.,ea,60,,
2026-06-30,495cc39b-1381-4b1d-9da3-7cb57dd87570,5b8d68b0-3501-41e5-8591-27cad5035c48,4815,227e66c3-1250-4754-9f48-d44abbb6934a,Juice - Lemon,0138818,persisted resolved_inventory_item_id,f7492623-e463-432e-afb8-981255b59177,402447c5-a856-4850-bf1f-0c68d4c70863;f7492623-e463-432e-afb8-981255b59177,Dry Storeroom,Juice - Lemon Sysco 4 / 0 GAL,4/1 GAL,4,1,1,GAL,Case,0.5,Pack,0, GAL,0,2,2,2,19.31,19.31,,,,,,,,,,,,,,,,,,not comparable,not assessed: no May/June saved session,no_saved_session,Retain dated source evidence; no saved line exists for this batch. Do not infer one from July or August.,ml,15141.64,,
2026-06-30,495cc39b-1381-4b1d-9da3-7cb57dd87570,4d2bb39d-bbcc-4aec-9503-562c73343915,4944,816f766a-c8cb-4786-8dae-f08b8223e588,TEA TWININGS ENGLISH BRKFST 6/,27032,persisted resolved_inventory_item_id,2d8e7bae-c368-47e9-b91e-af2cbee6938c,2322a356-6633-4bae-acd7-aaf5ac5feda6;2d8e7bae-c368-47e9-b91e-af2cbee6938c,Dry Storeroom,TEA TWININGS ENGLISH BRKFST 6/ Community Coffee 1 / 0 Case,1/1 Case,1,1,,CASE,Case,2,Pack,0, Case,0,2,2,2,10.28,10.28,,,,,,,,,,,,,,,,,,not comparable,not assessed: no May/June saved session,no_saved_session,Retain dated source evidence; no saved line exists for this batch. Do not infer one from July or August.,ea,1,,
2026-06-30,495cc39b-1381-4b1d-9da3-7cb57dd87570,500c91b0-2266-4321-88f7-854e0599e921,4949,2c9f7a4d-3d23-4b74-b9e0-a9b75bea9c2b,Tomato - Canned - Diced,3896446,persisted resolved_inventory_item_id,3b6a20fe-3b7f-4507-80d5-0d8a3280221d,3b6a20fe-3b7f-4507-80d5-0d8a3280221d;9a9cd2c5-0509-4be0-937a-e053ac52c88d,Dry Storeroom,Tomato - Canned - Diced Sysco 6 / 0 KG,6/2.9 KG,6,2.9,1,KG,Case,1.25,Pack,0, KG,0,21.75,21.75,21.75,52.3,52.3,,,,,,,,,,,,,,,,,,not comparable,not assessed: no May/June saved session,no_saved_session,Retain dated source evidence; no saved line exists for this batch. Do not infer one from July or August.,oz,613.76697,,
2026-06-30,495cc39b-1381-4b1d-9da3-7cb57dd87570,78623bcd-244a-4f01-8bdf-d62d1d4fb785,5022,512f9b4b-fd6a-4a23-9dcc-481222671d9b,Tofu - Firm,10061871,persisted resolved_inventory_item_id,36882e37-f711-4fb1-9f5b-c22766fd72ee,36882e37-f711-4fb1-9f5b-c22766fd72ee;f4fdcdc7-78a6-4e3d-a8ac-f65f44201f6b,Front Reach-in Freezer,Tofu - Firm Cheney Brothers 12 / 0 OZ,12/19 OZ,12,19,1,OZ,Case,0,Pack,0, OZ,0,0,0,0,0,0,,,,,,,,,,,,,,,,,,not comparable,not assessed: no May/June saved session,no_saved_session,Retain dated source evidence; no saved line exists for this batch. Do not infer one from July or August.,oz,228,,
2026-06-30,495cc39b-1381-4b1d-9da3-7cb57dd87570,2b631667-b083-4351-aa19-f4607e906246,5027,6d75b0d6-e90f-44c8-9bd5-de9457e6c378,Anniversary Chocolate,,persisted resolved_inventory_item_id,,1f2cc1e0-1f54-40c5-9884-f75e90bdd6b6,Pastry Shop,Anniversary Chocolate  1 / 0 Case,1/1 Case,1,1,,CASE,Case,0.75,Pack,0, Case,0,0.75,0.75,0.75,38.49,38.49,,,,,,,,,,,,,,,,,,not comparable,not assessed: no May/June saved session,no_saved_session,Retain dated source evidence; no saved line exists for this batch. Do not infer one from July or August.,ea,1,,
2026-06-30,495cc39b-1381-4b1d-9da3-7cb57dd87570,8ae216d2-4d81-468a-b005-529800cd2979,5089,bd2ab004-71f3-4933-8a79-984ca010bf1f,"CURVED GREEN PETALS DUO, WHITE CHOCOLATE, 160 PCS",6261660000,persisted resolved_inventory_item_id,ef42ba67-5da1-42a2-be08-712eb186e947,ee2bb7bc-a612-4c53-b334-367816c4579e;ef42ba67-5da1-42a2-be08-712eb186e947,Pastry Shop,"CURVED GREEN PETALS DUO, WHITE CHOCOLATE, 160 PCS AUI Fine Foods 1 / 0 Case",1/1 Case,1,1,,CASE,Case,0.5,Pack,0, Case,0,0.5,0.5,0.5,55.62,55.62,,,,,,,,,,,,,,,,,,not comparable,not assessed: no May/June saved session,no_saved_session,Retain dated source evidence; no saved line exists for this batch. Do not infer one from July or August.,ea,1,,
2026-06-30,495cc39b-1381-4b1d-9da3-7cb57dd87570,482637db-a72d-43fc-a3c1-25721272d5a7,5090,272d3b97-e75c-4ce0-be69-bf1dc15f6cba,Deco Blooming heart,,persisted resolved_inventory_item_id,,8a97ae65-0c3e-4c41-b316-1565b0454242,Pastry Shop,Deco Blooming heart  1 / 0 Case,1/1 Case,1,1,,CASE,Case,0.5,Pack,0, Case,0,0.5,0.5,0.5,29.03,29.03,,,,,,,,,,,,,,,,,,not comparable,not assessed: no May/June saved session,no_saved_session,Retain dated source evidence; no saved line exists for this batch. Do not infer one from July or August.,ea,1,,
2026-06-30,495cc39b-1381-4b1d-9da3-7cb57dd87570,5fffe16b-e665-4963-951b-6556ee2a5d4a,5156,3c42efb3-2124-48dc-8d4a-b27cba98aeeb,Praline Croquatine,,persisted resolved_inventory_item_id,,308dfc87-42cd-4e42-8165-6c6c87ab820a,Pastry Shop,Praline Croquatine  1 / 0 Case,1/1 Case,1,1,,CASE,Case,1,Pack,0, Case,0,1,1,1,143.19,143.19,,,,,,,,,,,,,,,,,,not comparable,not assessed: no May/June saved session,no_saved_session,Retain dated source evidence; no saved line exists for this batch. Do not infer one from July or August.,ea,1,,
2026-06-30,495cc39b-1381-4b1d-9da3-7cb57dd87570,5ebbac12-47ca-471c-9016-845bac09f0a6,5216,ebc6688b-fe9b-4f2e-b12f-7ef33b6c5a3e,CAPPUCCINO CREAMER Busy bean,30001,persisted resolved_inventory_item_id,afae66e7-bfaa-4b05-9ba3-c867dcc1ba91,287ba8ef-e5f4-4c5b-8fa7-80ea681756f3;afae66e7-bfaa-4b05-9ba3-c867dcc1ba91,Main Kitchen,CAPPUCCINO CREAMER Busy bean Busy Bean Coffee 1 / 0 Case,1/1 Case,1,1,,CASE,Case,0,Pack,0, Case,0,0,0,0,0,0,,,,,,,,,,,,,,,,,,not comparable,not assessed: no May/June saved session,no_saved_session,Retain dated source evidence; no saved line exists for this batch. Do not infer one from July or August.,ea,1,,
2026-06-30,495cc39b-1381-4b1d-9da3-7cb57dd87570,99873866-0412-4dd3-bd4c-c82164193468,5254,dfecf9b8-f6f9-4008-950f-9ab35c7eb404,FAIRBANKS SHERRY - 2005687,106811,persisted resolved_inventory_item_id,e62f59a7-e501-40cf-b389-3712cf144ef3,10b9d633-1afc-429e-ae1a-e602f363da9d;e62f59a7-e501-40cf-b389-3712cf144ef3,Main Kitchen,FAIRBANKS SHERRY - 2005687 Southern Glazer's 6 / 0 Case,6/1 Case,6,1,1,EA,Case,0,Pack,0, Case,0,0,0,0,0,0,,,,,,,,,,,,,,,,,,not comparable,not assessed: no May/June saved session,no_saved_session,Retain dated source evidence; no saved line exists for this batch. Do not infer one from July or August.,ea,6,,
2026-06-30,495cc39b-1381-4b1d-9da3-7cb57dd87570,97eee05c-9456-4d9e-a926-93482d584389,5284,2082515d-2b87-4407-b413-1362165c524f,Milk - Whole,4676306,persisted resolved_inventory_item_id,3b6a77c4-f90f-4f7d-8b60-0551243d26ee,07846144-dea3-4b9c-920e-a6a0a36800de;3b6a77c4-f90f-4f7d-8b60-0551243d26ee,Main Kitchen,Milk - Whole Sysco 1 / 0 GAL,1/1 GAL,1,1,1,GAL,Case,0,Pack,0, GAL,0,0,0,0,0,0,,,,,,,,,,,,,,,,,,not comparable,not assessed: no May/June saved session,no_saved_session,Retain dated source evidence; no saved line exists for this batch. Do not infer one from July or August.,ml,15141.64,,
2026-06-30,495cc39b-1381-4b1d-9da3-7cb57dd87570,a29b9dfa-b130-441b-b60c-34dcbc8c7c7c,5296,2f1081be-3de4-46f0-9af8-8ea1a20145ce,Olive Oil - Extra Virgin,LEMON OLIVE OIL - 500ML (16.5 Oz),persisted resolved_inventory_item_id,,95141bb5-4689-4e37-a117-e0fa94b978b3,Main Kitchen,"Olive Oil - Extra Virgin Pensato USA, LLC 1 / 0 ML",1/500 ML,1,500,1,ML,Case,0,Pack,0, ML,0,0,0,0,0,0,,,,,,,,,,,,,,,,,,not comparable,not assessed: no May/June saved session,no_saved_session,Retain dated source evidence; no saved line exists for this batch. Do not infer one from July or August.,ml,250,,
2026-06-30,495cc39b-1381-4b1d-9da3-7cb57dd87570,67e7e7bb-9ab6-481a-8dc4-38a3e95eb6b1,5322,660ff66a-2cb8-4410-85bc-c292572122c8,Potatoes - Red,10071629,persisted resolved_inventory_item_id,34148e4f-9c67-400c-812f-3cf96c79c3aa,34148e4f-9c67-400c-812f-3cf96c79c3aa;6c66b7ba-895f-44a4-abd9-7460668180f2,Main Kitchen,Potatoes - Red Cheney Brothers 6 / 0 LB,6/2.5 LB,6,2.5,1,LB,Case,0,Pack,0, LB,0,0,0,0,0,0,,,,,,,,,,,,,,,,,,not comparable,not assessed: no May/June saved session,no_saved_session,Retain dated source evidence; no saved line exists for this batch. Do not infer one from July or August.,oz,800,,
2026-06-30,495cc39b-1381-4b1d-9da3-7cb57dd87570,b91588bc-ff69-4599-9fea-68c8a4b5026e,5350,e797a4aa-ab7f-4aa2-9a00-b2ea9771224c,Tomato Fried Green,7420251,persisted resolved_inventory_item_id,c9b88402-6c17-4e47-9a3c-45424fd90929,5c295aca-7d03-4a02-8164-e025a3ab9070;bb9cedcb-4ef1-44c0-825b-a4101f3109d7;c9b88402-6c17-4e47-9a3c-45424fd90929;d3de229b-f676-4fce-8f51-2b63c97d9d12,Main Kitchen,Tomato Fried Green Sysco 6 / 0 LB,6/2 LB,6,2,1,LB,Case,0,Pack,0, LB,0,0,0,0,0,0,,,,,,,,,,,,,,,,,,not comparable,not assessed: no May/June saved session,no_saved_session,Retain dated source evidence; no saved line exists for this batch. Do not infer one from July or August.,oz,192,,
2026-06-30,495cc39b-1381-4b1d-9da3-7cb57dd87570,d0fb4f52-b755-4085-ba11-b423dacb99fb,5352,ab085b7e-968f-489a-8441-5d5267a2378b,Tuna,tuna saku style cut 6-8oz aqua blu 10lb case,persisted resolved_inventory_item_id,,5e591279-db26-45c0-b5d4-36e02c16b6c7,Main Kitchen,Tuna Samuels and Son Seafood Company 1 / 0 LB,1/1 LB,1,1,1,LB,Case,0,Pack,0, LB,0,0,0,0,0,0,,,,,,,,,,,,,,,,,,not comparable,not assessed: no May/June saved session,no_saved_session,Retain dated source evidence; no saved line exists for this batch. Do not infer one from July or August.,oz,160,,
2026-06-30,495cc39b-1381-4b1d-9da3-7cb57dd87570,b479b9cf-7807-4598-9a85-7b660ec60589,5358,686b2d0b-7852-40fe-ae11-2e7c75945858,Veggie Burger,204032,persisted resolved_inventory_item_id,2e3ac4da-ab4a-4c16-813f-a33603642de8,2e3ac4da-ab4a-4c16-813f-a33603642de8;99e11e7f-c0aa-4fee-ab80-07de34530557,Main Kitchen,Veggie Burger Cheney Brothers 29 / 0 OZ,29/5.5 OZ,29,5.5,1,OZ,Case,0,Pack,0, OZ,0,0,0,0,0,0,,,,,,,,,,,,,,,,,,not comparable,not assessed: no May/June saved session,no_saved_session,Retain dated source evidence; no saved line exists for this batch. Do not infer one from July or August.,oz,159.5,,
2026-06-30,495cc39b-1381-4b1d-9da3-7cb57dd87570,1244edfe-68be-4d6e-b72a-5abac0b807f0,5406,87812bf0-6ecb-4ae6-81d8-25fb701d17d3,Shrimp - 16-20,5107525,persisted resolved_inventory_item_id,796777c9-c833-430e-897d-38e74f13ab2c,796777c9-c833-430e-897d-38e74f13ab2c;7a0a26d2-bf05-40be-afaf-ff1dca6b347c,Fish File,Shrimp - 16-20 Sysco 4 / 0 LB,4/2.5 LB,4,2.5,1,LB,Case,1,Pack,0, LB,0,10,10,10,67.14,67.14,,,,,,,,,,,,,,,,,,not comparable,not assessed: no May/June saved session,no_saved_session,Retain dated source evidence; no saved line exists for this batch. Do not infer one from July or August.,oz,160,,
2026-07-31,9ca67bed-99ae-4f61-accd-55e616b19049,40552d18-7906-4863-b9b0-92b34160f51e,70,6f29f473-0934-4677-8dd9-10a601367897,Bacardi Mini,,persisted resolved_inventory_item_id,,8513bef9-b61f-411b-8598-ce14e4dff571,Liquor Cage,Bacardi Mini  12 / 0 Case,12/10 Case,12,10,1,EA,Case,0,Pack,0, Case,0,0,0,0,0,0,,,,,,,,,,,,1,,,,,,"zero, no line",zero source count; no line expected,zero_source_no_line,Retain zero source row; no July line is expected for this item/location.,ea,120,,
2026-07-31,9ca67bed-99ae-4f61-accd-55e616b19049,df4948c6-94ed-4342-86be-5f6b82cfec2b,102,1ae6fc37-653d-4096-af72-0379a68c58ad,BIALE ZINFANDEL BLACK CHICKEN,30336484,persisted resolved_inventory_item_id,c67efe42-0199-4779-8158-8113ed1b6736,c67efe42-0199-4779-8158-8113ed1b6736;f79deeac-3d7e-40ee-8853-29f7f470e703,Liquor Cage,BIALE ZINFANDEL BLACK CHICKEN Winebow 1 / 0 Case,1/1 Case,1,1,,CASE,Case,0,Pack,0, Case,0,0,0,0,0,0,,,,,,,,,,,,1,,,,,,"zero, no line",zero source count; no line expected,zero_source_no_line,Retain zero source row; no July line is expected for this item/location.,ea,1,,
2026-07-31,9ca67bed-99ae-4f61-accd-55e616b19049,abf88e53-a0c1-48e8-925b-37042150a108,179,03177798-b8f5-49ef-93d9-ee2adb89d53c,CAMILLE DE LABRIE 2020 (6PK) 91-93JS,2703,persisted resolved_inventory_item_id,,b54460d2-e82d-4f49-9465-a92381f1d200,Liquor Cage,CAMILLE DE LABRIE 2020 (6PK) 91-93JS Terroir Selections 1 / 0 Case,1/1 Case,1,1,,CASE,Case,0,Pack,0, Case,5,5,5,5,70,70,d64272ca-b078-4235-93b4-9e2cbb663000,fa812831-134e-4bec-869b-b4c70103a8b9,Liquor Cage,a8bff8f8-9b74-41e8-aa07-d2eb029bf10a,ml,5,0,0,5,14,70,1,0,0,0,0,0,qty/tier/value match,source tier or physical package unit is opaque,unit_ambiguous,Ask operator what the dated Case/Pack/UOM tiers and source total meant; preserve quantities/value; do not infer units from current case size.,ml,4500,,
2026-07-31,9ca67bed-99ae-4f61-accd-55e616b19049,22e22ff3-d2ef-47a4-9fa8-b08cddeef795,191,e7619430-991a-46b2-947e-5ce6e4721998,Captain Morgan Mini,,persisted resolved_inventory_item_id,,1236aaef-285e-4699-bb93-845253cf7677,Liquor Cage,Captain Morgan Mini  12 / 0 Case,12/10 Case,12,10,1,EA,Case,0,Pack,0, Case,0,0,0,0,0,0,,,,,,,,,,,,1,,,,,,"zero, no line",zero source count; no line expected,zero_source_no_line,Retain zero source row; no July line is expected for this item/location.,ea,120,,
2026-07-31,9ca67bed-99ae-4f61-accd-55e616b19049,09bc3d27-a54b-4067-bd35-c7ded7bfdaf5,203,676086e8-3368-4692-a429-a240c5284efd,Casamigos Mini,,persisted resolved_inventory_item_id,,c638af45-d090-40f7-bf10-490cae5c386c,Liquor Cage,Casamigos Mini  5 / 0 Case,5/12 Case,5,12,1,EA,Case,0,Pack,0, Case,0,0,0,0,0,0,,,,,,,,,,,,1,,,,,,"zero, no line",zero source count; no line expected,zero_source_no_line,Retain zero source row; no July line is expected for this item/location.,ea,60,,
2026-07-31,9ca67bed-99ae-4f61-accd-55e616b19049,23615854-6e01-4e07-9fc1-22b0a9180a87,405,a332725a-a831-4621-a1bb-fddc8dea7b96,DUCKHORN MERLOT NAPA VLY 22 75,9744521,persisted resolved_inventory_item_id,026a29d2-4e56-497d-a4a0-d1e2faa1f28a,026a29d2-4e56-497d-a4a0-d1e2faa1f28a;985502b7-4fb6-4cb4-89f1-26df531c4019,Liquor Cage,DUCKHORN MERLOT NAPA VLY 22 75 Breakthru Beverage 1 / 0 Case,1/1 Case,1,1,,CASE,Case,1.25,Pack,0, Case,0,1.25,1.25,1.25,375,375,d64272ca-b078-4235-93b4-9e2cbb663000,79c5d38b-b511-4d5c-935b-52400205dacf,Liquor Cage,229577eb-ed5b-49e1-8241-5291b26f9075,ea,1.25,1.25,0,0,300,375,1,0,0,0,0,0,qty/tier/value match,source tier or physical package unit is opaque,unit_ambiguous,Ask operator what the dated Case/Pack/UOM tiers and source total meant; preserve quantities/value; do not infer units from current case size.,ea,1,,
2026-07-31,9ca67bed-99ae-4f61-accd-55e616b19049,cac2fbe8-c1a1-4459-b0fd-1cd3536f5234,422,dfecf9b8-f6f9-4008-950f-9ab35c7eb404,FAIRBANKS SHERRY - 2005687,106811,persisted resolved_inventory_item_id,e62f59a7-e501-40cf-b389-3712cf144ef3,10b9d633-1afc-429e-ae1a-e602f363da9d;e62f59a7-e501-40cf-b389-3712cf144ef3,Liquor Cage,FAIRBANKS SHERRY - 2005687 Southern Glazer's 6 / 0 Case,6/1 Case,6,1,1,EA,Case,0,Pack,0, Case,0,0,0,0,0,0,,,,,,,,,,,,1,,,,,,"zero, no line",zero source count; no line expected,zero_source_no_line,Retain zero source row; no July line is expected for this item/location.,ea,6,,
2026-07-31,9ca67bed-99ae-4f61-accd-55e616b19049,ba924283-8095-4efb-adc0-25056b47d225,624,0fa142f0-784c-4fb7-8876-2250bc12645a,JIL COLOMBO COTE RHONE ABEILL,,persisted resolved_inventory_item_id,,d8dcafec-caf3-46f7-9bf1-ef82f6bd3eb5,Liquor Cage,JIL COLOMBO COTE RHONE ABEILL,0/0 750ML,,,,,Case,0,Pack,0, 750ML,0,0,0,0,0,0,,,,,,,,,,,,1,,,,,,"zero, no line",zero source count; no line expected,zero_source_no_line,Retain zero source row; no July line is expected for this item/location.,ea,1,,
2026-07-31,9ca67bed-99ae-4f61-accd-55e616b19049,6d68a3c9-9774-412c-a3c3-d3befcb8ea78,633,b85c4d77-e7d5-4585-ad40-f9e9752a572c,Johnnie Walker Mini,,persisted resolved_inventory_item_id,,9dcc716b-e9a9-4beb-967b-d0ac395a23c3,Liquor Cage,Johnnie Walker Mini  10 / 0 Case,10/12 Case,10,12,1,EA,Case,0,Pack,0, Case,0,0,0,0,0,0,,,,,,,,,,,,1,,,,,,"zero, no line",zero source count; no line expected,zero_source_no_line,Retain zero source row; no July line is expected for this item/location.,ea,120,,
2026-07-31,9ca67bed-99ae-4f61-accd-55e616b19049,2907500d-b525-4e8f-a3e2-8512315e2c5a,665,37a8aa7c-92d1-4366-8f4a-3e6150803c3c,Ketel One Mini,,persisted resolved_inventory_item_id,,4bded394-5ec4-4568-a6aa-5b198dc966b3,Liquor Cage,Ketel One Mini  10 / 0 Case,10/12 Case,10,12,1,EA,Case,0,Pack,0, Case,0,0,0,0,0,0,,,,,,,,,,,,1,,,,,,"zero, no line",zero source count; no line expected,zero_source_no_line,Retain zero source row; no July line is expected for this item/location.,ea,120,,
2026-07-31,9ca67bed-99ae-4f61-accd-55e616b19049,1b3b84fd-bbdb-42d0-8e68-64d6ddc5afb4,702,f25a4152-1878-4339-9cb3-762ce7cc29ec,"LA MASSA IGT TUSCAN RED 2021 (94V, 94RP)",2366,persisted resolved_inventory_item_id,5a369839-91c3-49a6-afee-773d9aa5b098,5a369839-91c3-49a6-afee-773d9aa5b098;6164ea0c-174d-4741-84a6-7d12b48cf6e7,Liquor Cage,"LA MASSA IGT TUSCAN RED 2021 (94V, 94RP) Terroir Selections 1 / 0 Case",1/1 Case,1,1,,CASE,Case,0,Pack,0, Case,0,0,0,0,0,0,,,,,,,,,,,,1,,,,,,"zero, no line",zero source count; no line expected,zero_source_no_line,Retain zero source row; no July line is expected for this item/location.,ea,1,,
2026-07-31,9ca67bed-99ae-4f61-accd-55e616b19049,0af87a5a-2916-4b24-a44c-f0fb4a0ac345,747,16db1e74-95a4-4ce9-b810-273493de3a9d,Maker's Mark,,persisted resolved_inventory_item_id,,9e06985c-0ad8-480a-88d7-f962cfd45483,Liquor Cage,Maker's Mark,0/0 LT,,,,,Case,4.6,Pack,0, LT,0,4.6,4.6,4.6,170.2,170.2,d64272ca-b078-4235-93b4-9e2cbb663000,699ac6ef-c002-43ff-9108-888edff4eb77,Liquor Cage,229577eb-ed5b-49e1-8241-5291b26f9075,ea,4.6,4.6,0,0,37,170.2,1,0,0,0,0,0,qty/tier/value match,source tier or physical package unit is opaque,unit_ambiguous,Ask operator what the dated Case/Pack/UOM tiers and source total meant; preserve quantities/value; do not infer units from current case size.,ea,1,,
2026-07-31,9ca67bed-99ae-4f61-accd-55e616b19049,5af37df8-a752-4e03-82c6-f7bcc9222e3c,1028,9b43bfaa-8666-4a2e-bd6e-93bd80c2ac96,Stella Artois - Bottled,99682,persisted resolved_inventory_item_id,c604f5fa-2a19-46be-89af-2dc949b7546c,0f89e3ae-21da-4ef4-9975-656743392f12;c604f5fa-2a19-46be-89af-2dc949b7546c,Liquor Cage,Stella Artois - Bottled City Beverages 1 / 0 EA,1/24 EA,1,24,1,EA,Case,0,Pack,0, EA,4,4,4,4,5.81,5.81,d64272ca-b078-4235-93b4-9e2cbb663000,7dcb0254-acaa-47e5-821b-67d27e247a45,Liquor Cage,229577eb-ed5b-49e1-8241-5291b26f9075,ea,4,0,0,4,1.4525,5.81,1,0,0,0,0,0,qty/tier/value match,source total is in the declared saved unit on this evidence,unit_congruent,Numeric and declared-unit continuity supported; decide current physical package separately.,ea,24,,
2026-07-31,9ca67bed-99ae-4f61-accd-55e616b19049,0c6dc38a-aca6-4ec8-9de6-7725518a1b93,1073,114eec06-b2b0-4bcb-8b28-e29361d167af,Tanqueray Mini,,persisted resolved_inventory_item_id,,c9a3aad1-dfe1-41d6-bd8e-0f020cece45b,Liquor Cage,Tanqueray Mini  12 / 0 Case,12/10 Case,12,10,1,EA,Case,0,Pack,0, Case,0,0,0,0,0,0,,,,,,,,,,,,1,,,,,,"zero, no line",zero source count; no line expected,zero_source_no_line,Retain zero source row; no July line is expected for this item/location.,ea,120,,
2026-07-31,9ca67bed-99ae-4f61-accd-55e616b19049,82d6ca9d-6e05-4016-b8b1-e020f1e4b271,1115,b1bfe3e9-5ca7-42a8-84e3-3574e155359b,Titos,,persisted resolved_inventory_item_id,,39bd400d-ed5b-4f2f-bbdf-1bf1cc69499f,Liquor Cage,Titos,0/0 LT,,,,,Case,0,Pack,0, LT,0,0,0,0,0,0,,,,,,,,,,,,1,,,,,,"zero, no line",zero source count; no line expected,zero_source_no_line,Retain zero source row; no July line is expected for this item/location.,ea,1,,
2026-07-31,9ca67bed-99ae-4f61-accd-55e616b19049,6dbde42b-b2de-45f5-901b-4bf8d1cc024f,1117,c4b9b2ab-02e3-4640-8569-75e8f080101d,Titos Mini,,persisted resolved_inventory_item_id,,1d4acbe0-e1d9-4b00-bea9-ae2870e12710,Liquor Cage,Titos Mini  12 / 0 Case,12/5 Case,12,5,1,EA,Case,0,Pack,0, Case,0,0,0,0,0,0,,,,,,,,,,,,1,,,,,,"zero, no line",zero source count; no line expected,zero_source_no_line,Retain zero source row; no July line is expected for this item/location.,ea,60,,
2026-07-31,9ca67bed-99ae-4f61-accd-55e616b19049,c6662277-ef36-48f1-be37-0e49e4efc024,1214,1ae6fc37-653d-4096-af72-0379a68c58ad,BIALE ZINFANDEL BLACK CHICKEN,30336484,persisted resolved_inventory_item_id,c67efe42-0199-4779-8158-8113ed1b6736,c67efe42-0199-4779-8158-8113ed1b6736;f79deeac-3d7e-40ee-8853-29f7f470e703,Wine Cellar,BIALE ZINFANDEL BLACK CHICKEN Winebow 1 / 0 Case,1/1 Case,1,1,,CASE,Case,0,Pack,0, Case,0.25,0.25,0.25,0.25,116.76,116.76,d64272ca-b078-4235-93b4-9e2cbb663000,8d05e462-4402-4cec-87a0-072c9f5140c0,Wine Cellar,229577eb-ed5b-49e1-8241-5291b26f9075,ea,0.25,0,0,0.25,467.04,116.76,1,0,0,0,0,0,qty/tier/value match,source tier or physical package unit is opaque,unit_ambiguous,Ask operator what the dated Case/Pack/UOM tiers and source total meant; preserve quantities/value; do not infer units from current case size.,ea,1,,
2026-07-31,9ca67bed-99ae-4f61-accd-55e616b19049,d36b3221-74f8-4242-b987-71b26d813551,1234,03177798-b8f5-49ef-93d9-ee2adb89d53c,CAMILLE DE LABRIE 2020 (6PK) 91-93JS,2703,persisted resolved_inventory_item_id,,b54460d2-e82d-4f49-9465-a92381f1d200,Wine Cellar,CAMILLE DE LABRIE 2020 (6PK) 91-93JS Terroir Selections 1 / 0 Case,1/1 Case,1,1,,CASE,Case,0,Pack,0, Case,1,1,1,1,14,14,d64272ca-b078-4235-93b4-9e2cbb663000,88286f45-545a-47f8-a69b-679106d53667,Wine Cellar,a8bff8f8-9b74-41e8-aa07-d2eb029bf10a,ml,1,0,0,1,14,14,1,0,0,0,0,0,qty/tier/value match,source tier or physical package unit is opaque,unit_ambiguous,Ask operator what the dated Case/Pack/UOM tiers and source total meant; preserve quantities/value; do not infer units from current case size.,ml,4500,,
2026-07-31,9ca67bed-99ae-4f61-accd-55e616b19049,7387fa49-74ff-42e5-955e-b1636d0591e1,1312,a332725a-a831-4621-a1bb-fddc8dea7b96,DUCKHORN MERLOT NAPA VLY 22 75,9744521,persisted resolved_inventory_item_id,026a29d2-4e56-497d-a4a0-d1e2faa1f28a,026a29d2-4e56-497d-a4a0-d1e2faa1f28a;985502b7-4fb6-4cb4-89f1-26df531c4019,Wine Cellar,DUCKHORN MERLOT NAPA VLY 22 75 Breakthru Beverage 1 / 0 Case,1/1 Case,1,1,,CASE,Case,0,Pack,0, Case,0.41,0.41,0.41,0.41,123,123,d64272ca-b078-4235-93b4-9e2cbb663000,35d95d3e-b241-40f1-8784-c399f48b400c,Wine Cellar,229577eb-ed5b-49e1-8241-5291b26f9075,ea,0.41,0,0,0.41,300,123,1,0,0,0,0,0,qty/tier/value match,source tier or physical package unit is opaque,unit_ambiguous,Ask operator what the dated Case/Pack/UOM tiers and source total meant; preserve quantities/value; do not infer units from current case size.,ea,1,,
2026-07-31,9ca67bed-99ae-4f61-accd-55e616b19049,83bb5a90-8182-4fae-872c-c83f84f905e5,1410,f25a4152-1878-4339-9cb3-762ce7cc29ec,"LA MASSA IGT TUSCAN RED 2021 (94V, 94RP)",2366,persisted resolved_inventory_item_id,5a369839-91c3-49a6-afee-773d9aa5b098,5a369839-91c3-49a6-afee-773d9aa5b098;6164ea0c-174d-4741-84a6-7d12b48cf6e7,Wine Cellar,"LA MASSA IGT TUSCAN RED 2021 (94V, 94RP) Terroir Selections 1 / 0 Case",1/1 Case,1,1,,CASE,Case,0,Pack,0, Case,0.08,0.08,0.08,0.08,24,24,d64272ca-b078-4235-93b4-9e2cbb663000,9666a0f5-4fe5-4fec-89d0-870aca935d1d,Wine Cellar,229577eb-ed5b-49e1-8241-5291b26f9075,ea,0.08,0,0,0.08,300,24,1,0,0,0,0,0,qty/tier/value match,source tier or physical package unit is opaque,unit_ambiguous,Ask operator what the dated Case/Pack/UOM tiers and source total meant; preserve quantities/value; do not infer units from current case size.,ea,1,,
2026-07-31,9ca67bed-99ae-4f61-accd-55e616b19049,620a14a0-3b94-40c3-8046-77cd48b883f7,1606,03177798-b8f5-49ef-93d9-ee2adb89d53c,CAMILLE DE LABRIE 2020 (6PK) 91-93JS,2703,persisted resolved_inventory_item_id,,b54460d2-e82d-4f49-9465-a92381f1d200,Bay Window Bar,CAMILLE DE LABRIE 2020 (6PK) 91-93JS Terroir Selections 1 / 0 Case,1/1 Case,1,1,,CASE,Case,0,Pack,0, Case,3,3,3,3,42,42,d64272ca-b078-4235-93b4-9e2cbb663000,876c309d-afc1-48a9-921f-7c90596f115b,Bay Window Bar,a8bff8f8-9b74-41e8-aa07-d2eb029bf10a,ml,3,0,0,3,14,42,1,0,0,0,0,0,qty/tier/value match,source tier or physical package unit is opaque,unit_ambiguous,Ask operator what the dated Case/Pack/UOM tiers and source total meant; preserve quantities/value; do not infer units from current case size.,ml,4500,,
2026-07-31,9ca67bed-99ae-4f61-accd-55e616b19049,8c485c76-1503-4307-aa04-6db366b40303,1627,aeb4321b-58b5-4b40-ab92-3639d9f63beb,Corona - Light - Bottled,10164,persisted resolved_inventory_item_id,7f3632e9-0280-4fdb-8889-c4c7fa47d59a,7f3632e9-0280-4fdb-8889-c4c7fa47d59a;de9c988a-54b4-4eb4-9219-2e6e260945d6,Bay Window Bar,Corona - Light - Bottled Reyes Beer Division (PA) 1 / 0 EA,1/24 EA,1,24,1,EA,Case,0,Pack,0, EA,0,0,0,0,0,0,,,,,,,,,,,,1,,,,,,"zero, no line",zero source count; no line expected,zero_source_no_line,Retain zero source row; no July line is expected for this item/location.,ea,24,,
2026-07-31,9ca67bed-99ae-4f61-accd-55e616b19049,5b4463b7-fab9-4eb4-a6dd-21b02fc16e39,1656,09f21d3a-2dd9-4904-b944-6db46bf851fd,Grapefruit juice white,10137744,persisted resolved_inventory_item_id,699c26ca-340e-4ccf-9411-d0f1f38c8d9d,699c26ca-340e-4ccf-9411-d0f1f38c8d9d;a3a4bbc6-dd93-4c78-996e-aed13d2410fc,Bay Window Bar,Grapefruit juice white Cheney Brothers 1 / 0 Case,1/24 Case,1,24,1,EA,Case,0,Pack,0, Case,0,0,0,0,0,0,,,,,,,,,,,,1,,,,,,"zero, no line",zero source count; no line expected,zero_source_no_line,Retain zero source row; no July line is expected for this item/location.,ea,24,,
2026-07-31,9ca67bed-99ae-4f61-accd-55e616b19049,1f1ddf63-2712-4355-851e-d58982eb79fa,1660,4a041460-67e5-47c1-9a71-1b5fc1496331,guinness zero,,persisted resolved_inventory_item_id,,565f4e18-1086-4d22-9291-49c029f67e79,Bay Window Bar,guinness zero,0/0 EA,,,,,Case,0,Pack,0, EA,0,0,0,0,0,0,,,,,,,,,,,,1,,,,,,"zero, no line",zero source count; no line expected,zero_source_no_line,Retain zero source row; no July line is expected for this item/location.,ea,1,,
2026-07-31,9ca67bed-99ae-4f61-accd-55e616b19049,28e08f44-a29c-479c-bc27-11324a3fde25,1693,16db1e74-95a4-4ce9-b810-273493de3a9d,Maker's Mark,,persisted resolved_inventory_item_id,,9e06985c-0ad8-480a-88d7-f962cfd45483,Bay Window Bar,Maker's Mark,0/0 LT,,,,,Case,0.7,Pack,0, LT,0,0.7,0.7,0.7,25.9,25.9,d64272ca-b078-4235-93b4-9e2cbb663000,5a3ddbc6-e33f-4f28-8eba-6f16173d7810,Bay Window Bar,229577eb-ed5b-49e1-8241-5291b26f9075,ea,0.7,0.7,0,0,37,25.9,1,0,0,0,0,0,qty/tier/value match,source tier or physical package unit is opaque,unit_ambiguous,Ask operator what the dated Case/Pack/UOM tiers and source total meant; preserve quantities/value; do not infer units from current case size.,ea,1,,
2026-07-31,9ca67bed-99ae-4f61-accd-55e616b19049,6b8ec4be-96c8-4ef9-8656-8bc8a3594b22,1745,9b43bfaa-8666-4a2e-bd6e-93bd80c2ac96,Stella Artois - Bottled,99682,persisted resolved_inventory_item_id,c604f5fa-2a19-46be-89af-2dc949b7546c,0f89e3ae-21da-4ef4-9975-656743392f12;c604f5fa-2a19-46be-89af-2dc949b7546c,Bay Window Bar,Stella Artois - Bottled City Beverages 1 / 0 EA,1/24 EA,1,24,1,EA,Case,0,Pack,0, EA,11,11,11,11,15.97,15.97,d64272ca-b078-4235-93b4-9e2cbb663000,8e6ff1f3-5ef8-4fe6-ac08-863cb066b92a,Bay Window Bar,229577eb-ed5b-49e1-8241-5291b26f9075,ea,11,0,0,11,1.4518182,15.97,1,0,0,0,0,0,qty/tier/value match,source total is in the declared saved unit on this evidence,unit_congruent,Numeric and declared-unit continuity supported; decide current physical package separately.,ea,24,,
2026-07-31,9ca67bed-99ae-4f61-accd-55e616b19049,325ab897-4f05-4360-ba90-2e2c6837e37b,1764,b1bfe3e9-5ca7-42a8-84e3-3574e155359b,Titos,,persisted resolved_inventory_item_id,,39bd400d-ed5b-4f2f-bbdf-1bf1cc69499f,Bay Window Bar,Titos,0/0 LT,,,,,Case,0,Pack,0, LT,0,0,0,0,0,0,,,,,,,,,,,,1,,,,,,"zero, no line",zero source count; no line expected,zero_source_no_line,Retain zero source row; no July line is expected for this item/location.,ea,1,,
2026-07-31,9ca67bed-99ae-4f61-accd-55e616b19049,942f085a-78e5-41d2-9bf8-6063fc3895eb,1809,ebc6688b-fe9b-4f2e-b12f-7ef33b6c5a3e,CAPPUCCINO CREAMER Busy bean,30001,persisted resolved_inventory_item_id,afae66e7-bfaa-4b05-9ba3-c867dcc1ba91,287ba8ef-e5f4-4c5b-8fa7-80ea681756f3;afae66e7-bfaa-4b05-9ba3-c867dcc1ba91,Mens Locker Room,CAPPUCCINO CREAMER Busy bean Busy Bean Coffee 1 / 0 Case,1/1 Case,1,1,,CASE,Case,0,Pack,0, Case,0,0,0,0,0,0,,,,,,,,,,,,1,,,,,,"zero, no line",zero source count; no line expected,zero_source_no_line,Retain zero source row; no July line is expected for this item/location.,ea,1,,
2026-07-31,9ca67bed-99ae-4f61-accd-55e616b19049,05790c21-3dec-496a-a9be-338919e5fe84,1816,b7d1e7af-ebb1-410f-96da-f2e7e9b52d6c,Celery,cel36,persisted resolved_inventory_item_id,,e16497fc-9aa7-45f0-98b8-7fd0c6a375c9,Mens Locker Room,"Celery Harvill's Produce Co., Inc. 1 / 0 EA",1/36 EA,1,36,1,EA,Case,0.1,Pack,0, EA,0,3.6,3.6,3.6,3.2,3.2,d64272ca-b078-4235-93b4-9e2cbb663000,fc59c698-1818-492b-b801-934c598cc7ad,Mens Locker Room,229577eb-ed5b-49e1-8241-5291b26f9075,ea,3.6,0.1,0,0,0.8888889,3.2,1,0,0,0,0,0,qty/tier/value match,source total is in the declared saved unit on this evidence,unit_congruent,Numeric and declared-unit continuity supported; decide current physical package separately.,ea,36,,
2026-07-31,9ca67bed-99ae-4f61-accd-55e616b19049,0bd7e28b-fc48-4fd9-b13e-0b0dd08b090a,1834,aeb4321b-58b5-4b40-ab92-3639d9f63beb,Corona - Light - Bottled,10164,persisted resolved_inventory_item_id,7f3632e9-0280-4fdb-8889-c4c7fa47d59a,7f3632e9-0280-4fdb-8889-c4c7fa47d59a;de9c988a-54b4-4eb4-9219-2e6e260945d6,Mens Locker Room,Corona - Light - Bottled Reyes Beer Division (PA) 1 / 0 EA,1/24 EA,1,24,1,EA,Case,0,Pack,0, EA,0,0,0,0,0,0,,,,,,,,,,,,1,,,,,,"zero, no line",zero source count; no line expected,zero_source_no_line,Retain zero source row; no July line is expected for this item/location.,ea,24,,
2026-07-31,9ca67bed-99ae-4f61-accd-55e616b19049,97b8501b-117b-4b02-b4b8-14c14a4afa2a,1880,09f21d3a-2dd9-4904-b944-6db46bf851fd,Grapefruit juice white,10137744,persisted resolved_inventory_item_id,699c26ca-340e-4ccf-9411-d0f1f38c8d9d,699c26ca-340e-4ccf-9411-d0f1f38c8d9d;a3a4bbc6-dd93-4c78-996e-aed13d2410fc,Mens Locker Room,Grapefruit juice white Cheney Brothers 1 / 0 Case,1/24 Case,1,24,1,EA,Case,0.25,Pack,0, Case,0,6,6,6,7.65,7.65,d64272ca-b078-4235-93b4-9e2cbb663000,db0220d5-a18a-4540-9b2a-ae916255d35a,Mens Locker Room,229577eb-ed5b-49e1-8241-5291b26f9075,ea,6,0.25,0,0,1.275,7.65,1,0,0,0,0,0,qty/tier/value match,source tier or physical package unit is opaque,unit_ambiguous,Ask operator what the dated Case/Pack/UOM tiers and source total meant; preserve quantities/value; do not infer units from current case size.,ea,24,,
2026-07-31,9ca67bed-99ae-4f61-accd-55e616b19049,0d187a7a-d7fb-40fe-aca1-3e79a5ae8653,1991,9b43bfaa-8666-4a2e-bd6e-93bd80c2ac96,Stella Artois - Bottled,99682,persisted resolved_inventory_item_id,c604f5fa-2a19-46be-89af-2dc949b7546c,0f89e3ae-21da-4ef4-9975-656743392f12;c604f5fa-2a19-46be-89af-2dc949b7546c,Mens Locker Room,Stella Artois - Bottled City Beverages 1 / 0 EA,1/24 EA,1,24,1,EA,Case,0,Pack,0, EA,62,62,62,62,90,90,d64272ca-b078-4235-93b4-9e2cbb663000,a84970f4-3292-44c9-9e7a-5d0f0ad1b345,Mens Locker Room,229577eb-ed5b-49e1-8241-5291b26f9075,ea,62,0,0,62,1.451613,90.000006,1,0,-0.000006,0,0,0,qty/tier/value match,source total is in the declared saved unit on this evidence,unit_congruent,Numeric and declared-unit continuity supported; decide current physical package separately.,ea,24,,
2026-07-31,9ca67bed-99ae-4f61-accd-55e616b19049,d026cbe1-3708-4710-b0c2-6065a2c04cb4,2004,816f766a-c8cb-4786-8dae-f08b8223e588,TEA TWININGS ENGLISH BRKFST 6/,27032,persisted resolved_inventory_item_id,,c909dc52-230f-42da-8f45-57f7bf2b2695,Mens Locker Room,TEA TWININGS ENGLISH BRKFST 6/ Community Coffee 1 / 0 EA,1/25 EA,1,25,1,EA,Case,2,Pack,0, EA,0,50,50,50,10.28,10.28,d64272ca-b078-4235-93b4-9e2cbb663000,477dcd0f-fa10-4e74-8062-56962e14a1ff,Mens Locker Room,229577eb-ed5b-49e1-8241-5291b26f9075,ea,50,2,0,0,0.2056,10.28,1,0,0,0,0,0,qty/tier/value match,source total is in the declared saved unit on this evidence,unit_congruent,Numeric and declared-unit continuity supported; decide current physical package separately.,ea,1,,
2026-07-31,9ca67bed-99ae-4f61-accd-55e616b19049,d5779b1d-260e-4004-a46e-e21f63ac7658,2009,b1bfe3e9-5ca7-42a8-84e3-3574e155359b,Titos,,persisted resolved_inventory_item_id,,39bd400d-ed5b-4f2f-bbdf-1bf1cc69499f,Mens Locker Room,Titos,0/0 LT,,,,,Case,0,Pack,0, LT,0,0,0,0,0,0,,,,,,,,,,,,1,,,,,,"zero, no line",zero source count; no line expected,zero_source_no_line,Retain zero source row; no July line is expected for this item/location.,ea,1,,
2026-07-31,9ca67bed-99ae-4f61-accd-55e616b19049,1feb203f-c607-4284-a41c-320de1dd6cac,2066,03177798-b8f5-49ef-93d9-ee2adb89d53c,CAMILLE DE LABRIE 2020 (6PK) 91-93JS,2703,persisted resolved_inventory_item_id,,b54460d2-e82d-4f49-9465-a92381f1d200,Member Lounge,CAMILLE DE LABRIE 2020 (6PK) 91-93JS Terroir Selections 1 / 0 Case,1/1 Case,1,1,,CASE,Case,0,Pack,0, Case,0,0,0,0,0,0,,,,,,,,,,,,1,,,,,,"zero, no line",zero source count; no line expected,zero_source_no_line,Retain zero source row; no July line is expected for this item/location.,ml,4500,,
2026-07-31,9ca67bed-99ae-4f61-accd-55e616b19049,cdb1a381-489c-4d5e-8713-4102e9567192,2090,aeb4321b-58b5-4b40-ab92-3639d9f63beb,Corona - Light - Bottled,10164,persisted resolved_inventory_item_id,7f3632e9-0280-4fdb-8889-c4c7fa47d59a,7f3632e9-0280-4fdb-8889-c4c7fa47d59a;de9c988a-54b4-4eb4-9219-2e6e260945d6,Member Lounge,Corona - Light - Bottled Reyes Beer Division (PA) 1 / 0 EA,1/24 EA,1,24,1,EA,Case,0,Pack,0, EA,0,0,0,0,0,0,,,,,,,,,,,,1,,,,,,"zero, no line",zero source count; no line expected,zero_source_no_line,Retain zero source row; no July line is expected for this item/location.,ea,24,,
2026-07-31,9ca67bed-99ae-4f61-accd-55e616b19049,4952e6d7-88b9-405d-888d-d540ef97665b,2145,09f21d3a-2dd9-4904-b944-6db46bf851fd,Grapefruit juice white,10137744,persisted resolved_inventory_item_id,699c26ca-340e-4ccf-9411-d0f1f38c8d9d,699c26ca-340e-4ccf-9411-d0f1f38c8d9d;a3a4bbc6-dd93-4c78-996e-aed13d2410fc,Member Lounge,Grapefruit juice white Cheney Brothers 1 / 0 Case,1/24 Case,1,24,1,EA,Case,0,Pack,0, Case,0,0,0,0,0,0,,,,,,,,,,,,1,,,,,,"zero, no line",zero source count; no line expected,zero_source_no_line,Retain zero source row; no July line is expected for this item/location.,ea,24,,
2026-07-31,9ca67bed-99ae-4f61-accd-55e616b19049,56810ba6-a8eb-4e2f-974c-d88c5419d4ce,2201,16db1e74-95a4-4ce9-b810-273493de3a9d,Maker's Mark,,persisted resolved_inventory_item_id,,9e06985c-0ad8-480a-88d7-f962cfd45483,Member Lounge,Maker's Mark,0/0 LT,,,,,Case,0,Pack,0, LT,0,0,0,0,0,0,,,,,,,,,,,,1,,,,,,"zero, no line",zero source count; no line expected,zero_source_no_line,Retain zero source row; no July line is expected for this item/location.,ea,1,,
2026-07-31,9ca67bed-99ae-4f61-accd-55e616b19049,05a08a96-b678-44bf-a080-d3917182484b,2267,9b43bfaa-8666-4a2e-bd6e-93bd80c2ac96,Stella Artois - Bottled,99682,persisted resolved_inventory_item_id,c604f5fa-2a19-46be-89af-2dc949b7546c,0f89e3ae-21da-4ef4-9975-656743392f12;c604f5fa-2a19-46be-89af-2dc949b7546c,Member Lounge,Stella Artois - Bottled City Beverages 1 / 0 EA,1/24 EA,1,24,1,EA,Case,0,Pack,0, EA,0,0,0,0,0,0,,,,,,,,,,,,1,,,,,,"zero, no line",zero source count; no line expected,zero_source_no_line,Retain zero source row; no July line is expected for this item/location.,ea,24,,
2026-07-31,9ca67bed-99ae-4f61-accd-55e616b19049,30fb7f52-b131-4ce8-9b16-006a39ab38bf,2283,b1bfe3e9-5ca7-42a8-84e3-3574e155359b,Titos,,persisted resolved_inventory_item_id,,39bd400d-ed5b-4f2f-bbdf-1bf1cc69499f,Member Lounge,Titos,0/0 LT,,,,,Case,0,Pack,0, LT,0,0,0,0,0,0,,,,,,,,,,,,1,,,,,,"zero, no line",zero source count; no line expected,zero_source_no_line,Retain zero source row; no July line is expected for this item/location.,ea,1,,
2026-07-31,9ca67bed-99ae-4f61-accd-55e616b19049,fe99d72c-7ef8-4004-90f8-db9829366770,2304,e5e23d06-d348-43bd-af0d-1f74b255424d,Asst Lays Chips,10181414,persisted resolved_inventory_item_id,00425058-a9b7-4078-8e5d-c9fcac7119e4,00425058-a9b7-4078-8e5d-c9fcac7119e4;8144bf5f-5366-4204-b78c-20997795ffc5,Pool Cafe,Asst Lays Chips Cheney Brothers 1 / 0 EA,1/30 EA,1,30,1,EA,Case,0,Pack,0, EA,0,0,0,0,0,0,,,,,,,,,,,,1,,,,,,"zero, no line",zero source count; no line expected,zero_source_no_line,Retain zero source row; no July line is expected for this item/location.,ea,60,1,60
2026-07-31,9ca67bed-99ae-4f61-accd-55e616b19049,e7b6c08d-e242-44c9-b91b-253ef7572024,2372,09f21d3a-2dd9-4904-b944-6db46bf851fd,Grapefruit juice white,10137744,persisted resolved_inventory_item_id,699c26ca-340e-4ccf-9411-d0f1f38c8d9d,699c26ca-340e-4ccf-9411-d0f1f38c8d9d;a3a4bbc6-dd93-4c78-996e-aed13d2410fc,Pool Cafe,Grapefruit juice white Cheney Brothers 1 / 0 Case,1/24 Case,1,24,1,EA,Case,0,Pack,0, Case,0,0,0,0,0,0,,,,,,,,,,,,1,,,,,,"zero, no line",zero source count; no line expected,zero_source_no_line,Retain zero source row; no July line is expected for this item/location.,ea,24,,
2026-07-31,9ca67bed-99ae-4f61-accd-55e616b19049,21d9273e-9e31-474e-988a-e9b31dfde657,2375,4a041460-67e5-47c1-9a71-1b5fc1496331,guinness zero,,persisted resolved_inventory_item_id,,565f4e18-1086-4d22-9291-49c029f67e79,Pool Cafe,guinness zero,0/0 EA,,,,,Case,0,Pack,0, EA,0,0,0,0,0,0,,,,,,,,,,,,1,,,,,,"zero, no line",zero source count; no line expected,zero_source_no_line,Retain zero source row; no July line is expected for this item/location.,ea,1,,
2026-07-31,9ca67bed-99ae-4f61-accd-55e616b19049,1b6ec10d-61b5-4b39-b1ea-7aa1f4c8d8d5,2413,16db1e74-95a4-4ce9-b810-273493de3a9d,Maker's Mark,,persisted resolved_inventory_item_id,,9e06985c-0ad8-480a-88d7-f962cfd45483,Pool Cafe,Maker's Mark,0/0 LT,,,,,Case,0.3,Pack,0, LT,0,0.3,0.3,0.3,11.1,11.1,d64272ca-b078-4235-93b4-9e2cbb663000,cd19b108-0652-4563-90fd-f5317458de88,Pool Cafe,229577eb-ed5b-49e1-8241-5291b26f9075,ea,0.3,0.3,0,0,37,11.1,1,0,0,0,0,0,qty/tier/value match,source tier or physical package unit is opaque,unit_ambiguous,Ask operator what the dated Case/Pack/UOM tiers and source total meant; preserve quantities/value; do not infer units from current case size.,ea,1,,
2026-07-31,9ca67bed-99ae-4f61-accd-55e616b19049,85d410a4-df24-4f47-9011-cb3ef4b3dbc5,2427,407fb1d4-ba99-4657-9f30-554419d96c02,Muffin,1270008,persisted resolved_inventory_item_id,ffc92926-e49f-4158-9f13-85299b3508e2,a98c3c56-bb99-4c40-b9cc-06e6f88f1c09;ffc92926-e49f-4158-9f13-85299b3508e2,Pool Cafe,Muffin Sysco 96 / 0 OZ,96/2.25 OZ,96,2.25,1,OZ,Case,0,Pack,0, OZ,0,0,0,0,0,0,,,,,,,,,,,,1,,,,,,"zero, no line",zero source count; no line expected,zero_source_no_line,Retain zero source row; no July line is expected for this item/location.,oz,96,,
2026-07-31,9ca67bed-99ae-4f61-accd-55e616b19049,fa4adf99-4483-42f9-bf19-96475181626c,2472,9b43bfaa-8666-4a2e-bd6e-93bd80c2ac96,Stella Artois - Bottled,99682,persisted resolved_inventory_item_id,c604f5fa-2a19-46be-89af-2dc949b7546c,0f89e3ae-21da-4ef4-9975-656743392f12;c604f5fa-2a19-46be-89af-2dc949b7546c,Pool Cafe,Stella Artois - Bottled City Beverages 1 / 0 EA,1/24 EA,1,24,1,EA,Case,0,Pack,0, EA,13,13,13,13,18.87,18.87,d64272ca-b078-4235-93b4-9e2cbb663000,4178a137-09fb-430b-945e-1712b1cf5494,Pool Cafe,229577eb-ed5b-49e1-8241-5291b26f9075,ea,13,0,0,13,1.4515384,18.869999,1,0,0.000001,0,0,0,qty/tier/value match,source total is in the declared saved unit on this evidence,unit_congruent,Numeric and declared-unit continuity supported; decide current physical package separately.,ea,24,,
2026-07-31,9ca67bed-99ae-4f61-accd-55e616b19049,54c3d6d6-ab6f-4cfe-8868-6af033bb7aba,2482,b1bfe3e9-5ca7-42a8-84e3-3574e155359b,Titos,,persisted resolved_inventory_item_id,,39bd400d-ed5b-4f2f-bbdf-1bf1cc69499f,Pool Cafe,Titos,0/0 LT,,,,,Case,0,Pack,0, LT,0,0,0,0,0,0,,,,,,,,,,,,1,,,,,,"zero, no line",zero source count; no line expected,zero_source_no_line,Retain zero source row; no July line is expected for this item/location.,ea,1,,
2026-07-31,9ca67bed-99ae-4f61-accd-55e616b19049,544ac0f8-b110-40f9-a8c7-47f06387c853,2499,832f40cc-032b-44ff-a0b6-52e66eaf344c,Apples - Red Delicious,11017,persisted resolved_inventory_item_id,4096b5a5-e199-45b8-9066-65bb4a80a675,4096b5a5-e199-45b8-9066-65bb4a80a675;be008495-eaea-4ad6-9464-ae3d0e98ff88,Halfway House,Apples - Red Delicious Mr. Green's Produce 1 / 0 EA,1/72 EA,1,72,1,EA,Case,0,Pack,0, EA,6,6,6,6,3.08,3.08,d64272ca-b078-4235-93b4-9e2cbb663000,f5928410-8a48-431a-b4f1-a5bbe39d8deb,Halfway House,229577eb-ed5b-49e1-8241-5291b26f9075,ea,6,0,0,6,0.5133333,3.08,1,0,0,0,0,0,qty/tier/value match,source total is in the declared saved unit on this evidence,unit_congruent,Numeric and declared-unit continuity supported; decide current physical package separately.,ea,40,,
2026-07-31,9ca67bed-99ae-4f61-accd-55e616b19049,5f2b0d10-18c8-457e-9617-1c7b9dae629b,2501,e5e23d06-d348-43bd-af0d-1f74b255424d,Asst Lays Chips,10181414,persisted resolved_inventory_item_id,00425058-a9b7-4078-8e5d-c9fcac7119e4,00425058-a9b7-4078-8e5d-c9fcac7119e4;8144bf5f-5366-4204-b78c-20997795ffc5,Halfway House,Asst Lays Chips Cheney Brothers 1 / 0 EA,1/30 EA,1,30,1,EA,Case,1,Pack,0, EA,0,30,30,30,46.85,46.85,d64272ca-b078-4235-93b4-9e2cbb663000,e835fe4a-e54e-40fe-9096-03e4d3144a77,Halfway House,229577eb-ed5b-49e1-8241-5291b26f9075,ea,30,1,0,0,1.5616666,46.849998,1,0,0.000002,0,0,0,qty/tier/value match,source total is in the declared saved unit on this evidence,unit_congruent,Numeric and declared-unit continuity supported; decide current physical package separately.,ea,60,1,60
2026-07-31,9ca67bed-99ae-4f61-accd-55e616b19049,6b758b7e-0839-48d4-acb2-4e57b3f9b976,2502,6f29f473-0934-4677-8dd9-10a601367897,Bacardi Mini,,persisted resolved_inventory_item_id,,8513bef9-b61f-411b-8598-ce14e4dff571,Halfway House,Bacardi Mini  12 / 0 Case,12/10 Case,12,10,1,EA,Case,0,Pack,0, Case,28,28,28,28,28.56,28.56,d64272ca-b078-4235-93b4-9e2cbb663000,b81b3bfc-d229-4c80-b0fb-364dd5c24f18,Halfway House,229577eb-ed5b-49e1-8241-5291b26f9075,ea,28,0,0,28,1.02,28.56,1,0,0,0,0,0,qty/tier/value match,source tier or physical package unit is opaque,unit_ambiguous,Ask operator what the dated Case/Pack/UOM tiers and source total meant; preserve quantities/value; do not infer units from current case size.,ea,120,,
2026-07-31,9ca67bed-99ae-4f61-accd-55e616b19049,5cc19f81-856a-4efe-a889-fd67816d6d1b,2516,e7619430-991a-46b2-947e-5ce6e4721998,Captain Morgan Mini,,persisted resolved_inventory_item_id,,1236aaef-285e-4699-bb93-845253cf7677,Halfway House,Captain Morgan Mini  12 / 0 Case,12/10 Case,12,10,1,EA,Case,0,Pack,0, Case,64,64,64,64,62.72,62.72,d64272ca-b078-4235-93b4-9e2cbb663000,c2ab0660-7c30-4647-978b-36716501aa8d,Halfway House,229577eb-ed5b-49e1-8241-5291b26f9075,ea,64,0,0,64,0.98,62.72,1,0,0,0,0,0,qty/tier/value match,source tier or physical package unit is opaque,unit_ambiguous,Ask operator what the dated Case/Pack/UOM tiers and source total meant; preserve quantities/value; do not infer units from current case size.,ea,120,,
2026-07-31,9ca67bed-99ae-4f61-accd-55e616b19049,79ac0cb8-8bfe-4ae7-b63a-29750bf223c6,2518,676086e8-3368-4692-a429-a240c5284efd,Casamigos Mini,,persisted resolved_inventory_item_id,,c638af45-d090-40f7-bf10-490cae5c386c,Halfway House,Casamigos Mini  5 / 0 Case,5/12 Case,5,12,1,EA,Case,0,Pack,0, Case,75,75,75,75,313.75,313.75,d64272ca-b078-4235-93b4-9e2cbb663000,76a08f1c-2c33-4e0a-ae7b-ed0258b3ee81,Halfway House,229577eb-ed5b-49e1-8241-5291b26f9075,ea,75,0,0,75,4.1833334,313.750005,1,0,-0.000005,0,0,0,qty/tier/value match,source tier or physical package unit is opaque,unit_ambiguous,Ask operator what the dated Case/Pack/UOM tiers and source total meant; preserve quantities/value; do not infer units from current case size.,ea,60,,
2026-07-31,9ca67bed-99ae-4f61-accd-55e616b19049,d6fa8a11-9747-4f51-afa9-4eea3c5935f3,2522,1a774f54-8a64-4594-9477-45379b58a87b,Chocolate Chip Cookie Dough,6673982,persisted resolved_inventory_item_id,91f3364e-5a95-43ed-a8b0-812d938fa18e,847e3c92-6e07-431d-9e32-3b9b962f182e;91f3364e-5a95-43ed-a8b0-812d938fa18e,Halfway House,Chocolate Chip Cookie Dough Sysco 1 / 0 EA,1/80 EA,1,80,1,EA,Case,0,Pack,0, EA,0,0,0,0,0,0,,,,,,,,,,,,1,,,,,,"zero, no line",zero source count; no line expected,zero_source_no_line,Retain zero source row; no July line is expected for this item/location.,oz,360,,
2026-07-31,9ca67bed-99ae-4f61-accd-55e616b19049,6d3173cc-b59a-4e96-806a-fc7cbc2db0a2,2564,09f21d3a-2dd9-4904-b944-6db46bf851fd,Grapefruit juice white,10137744,persisted resolved_inventory_item_id,699c26ca-340e-4ccf-9411-d0f1f38c8d9d,699c26ca-340e-4ccf-9411-d0f1f38c8d9d;a3a4bbc6-dd93-4c78-996e-aed13d2410fc,Halfway House,Grapefruit juice white Cheney Brothers 1 / 0 Case,1/24 Case,1,24,1,EA,Case,0,Pack,0, Case,0,0,0,0,0,0,,,,,,,,,,,,1,,,,,,"zero, no line",zero source count; no line expected,zero_source_no_line,Retain zero source row; no July line is expected for this item/location.,ea,24,,
2026-07-31,9ca67bed-99ae-4f61-accd-55e616b19049,b4c0f085-5ff6-4926-8fe4-25d300fc23f1,2566,4a041460-67e5-47c1-9a71-1b5fc1496331,guinness zero,,persisted resolved_inventory_item_id,,565f4e18-1086-4d22-9291-49c029f67e79,Halfway House,guinness zero,0/0 EA,,,,,Case,0,Pack,0, EA,0,0,0,0,0,0,,,,,,,,,,,,1,,,,,,"zero, no line",zero source count; no line expected,zero_source_no_line,Retain zero source row; no July line is expected for this item/location.,ea,1,,
2026-07-31,9ca67bed-99ae-4f61-accd-55e616b19049,07e49850-e841-48d6-91ef-c3dfa2fb6070,2583,b85c4d77-e7d5-4585-ad40-f9e9752a572c,Johnnie Walker Mini,,persisted resolved_inventory_item_id,,9dcc716b-e9a9-4beb-967b-d0ac395a23c3,Halfway House,Johnnie Walker Mini  10 / 0 Case,10/12 Case,10,12,1,EA,Case,0,Pack,0, Case,0,0,0,0,0,0,,,,,,,,,,,,1,,,,,,"zero, no line",zero source count; no line expected,zero_source_no_line,Retain zero source row; no July line is expected for this item/location.,ea,120,,
2026-07-31,9ca67bed-99ae-4f61-accd-55e616b19049,46402f3a-c28d-49b0-9c64-52ca9cb01e73,2588,37a8aa7c-92d1-4366-8f4a-3e6150803c3c,Ketel One Mini,,persisted resolved_inventory_item_id,,4bded394-5ec4-4568-a6aa-5b198dc966b3,Halfway House,Ketel One Mini  10 / 0 Case,10/12 Case,10,12,1,EA,Case,0,Pack,0, Case,160,160,160,160,400,400,d64272ca-b078-4235-93b4-9e2cbb663000,4df6570f-7df8-4995-9fbd-a563b18a8050,Halfway House,229577eb-ed5b-49e1-8241-5291b26f9075,ea,160,0,0,160,2.5,400,1,0,0,0,0,0,qty/tier/value match,source tier or physical package unit is opaque,unit_ambiguous,Ask operator what the dated Case/Pack/UOM tiers and source total meant; preserve quantities/value; do not infer units from current case size.,ea,120,,
2026-07-31,9ca67bed-99ae-4f61-accd-55e616b19049,ae653096-ffdf-4710-aa24-a1632c154a89,2599,2082515d-2b87-4407-b413-1362165c524f,Milk - Whole,4676306,persisted resolved_inventory_item_id,3b6a77c4-f90f-4f7d-8b60-0551243d26ee,07846144-dea3-4b9c-920e-a6a0a36800de;3b6a77c4-f90f-4f7d-8b60-0551243d26ee,Halfway House,Milk - Whole Sysco 1 / 1 GAL,1/1 GAL,1,1,1,GAL,Case,0,Pack,1, GAL,0,1,1,1,7.18,7.18,d64272ca-b078-4235-93b4-9e2cbb663000,ff997670-86d6-44d8-9cf8-1545938e3cec,Halfway House,a8bff8f8-9b74-41e8-aa07-d2eb029bf10a,ml,1,0,1,0,7.18,7.18,1,0,0,0,0,0,qty/tier/value match,source GAL total saved numerically as ml without conversion,saved_unit_mismatch,Review original count unit and valuation/unit-cost identity with operator/PM; preserve approved qty/value pending separate correction authorization.,ml,15141.64,,
2026-07-31,9ca67bed-99ae-4f61-accd-55e616b19049,5f13f524-eaea-4bfa-8d1a-c5cc9e1cdba0,2602,407fb1d4-ba99-4657-9f30-554419d96c02,Muffin,1270008,persisted resolved_inventory_item_id,ffc92926-e49f-4158-9f13-85299b3508e2,a98c3c56-bb99-4c40-b9cc-06e6f88f1c09;ffc92926-e49f-4158-9f13-85299b3508e2,Halfway House,Muffin Sysco 96 / 14 OZ,96/2.25 OZ,96,2.25,1,OZ,Case,0,Pack,14, OZ,0,14,14,31.5,8.73,8.73,d64272ca-b078-4235-93b4-9e2cbb663000,90a695db-f3ac-4876-9f7d-614c9a623f69,Halfway House,85555087-8a50-4f1c-be7d-6da71cd57ff6,oz,14,0,14,0,0.62357146,8.73,1,0,0,0,0,0,qty/tier/value match,source total 14 differs from parsed pack/tier implication 31.5,unit_ambiguous,Ask operator what the dated Case/Pack/UOM tiers and source total meant; preserve quantities/value; do not infer units from current case size.,oz,96,,
2026-07-31,9ca67bed-99ae-4f61-accd-55e616b19049,a193d139-7d22-45d7-9beb-28f8e02d1768,2637,9b43bfaa-8666-4a2e-bd6e-93bd80c2ac96,Stella Artois - Bottled,99682,persisted resolved_inventory_item_id,c604f5fa-2a19-46be-89af-2dc949b7546c,0f89e3ae-21da-4ef4-9975-656743392f12;c604f5fa-2a19-46be-89af-2dc949b7546c,Halfway House,Stella Artois - Bottled City Beverages 1 / 0 EA,1/24 EA,1,24,1,EA,Case,0,Pack,0, EA,45,45,45,45,65.33,65.33,d64272ca-b078-4235-93b4-9e2cbb663000,e8459523-91c3-4696-a96e-4773902102cb,Halfway House,229577eb-ed5b-49e1-8241-5291b26f9075,ea,45,0,0,45,1.4517778,65.330001,1,0,-0.000001,0,0,0,qty/tier/value match,source total is in the declared saved unit on this evidence,unit_congruent,Numeric and declared-unit continuity supported; decide current physical package separately.,ea,24,,
2026-07-31,9ca67bed-99ae-4f61-accd-55e616b19049,8c3a1bcb-ff23-4bdb-8e82-20420b924a72,2646,114eec06-b2b0-4bcb-8b28-e29361d167af,Tanqueray Mini,,persisted resolved_inventory_item_id,,c9a3aad1-dfe1-41d6-bd8e-0f020cece45b,Halfway House,Tanqueray Mini  12 / 0 Case,12/10 Case,12,10,1,EA,Case,0,Pack,0, Case,98,98,98,98,163.66,163.66,d64272ca-b078-4235-93b4-9e2cbb663000,0f867b9e-98bc-476c-8c14-a2cddfe5a471,Halfway House,229577eb-ed5b-49e1-8241-5291b26f9075,ea,98,0,0,98,1.67,163.66,1,0,0,0,0,0,qty/tier/value match,source tier or physical package unit is opaque,unit_ambiguous,Ask operator what the dated Case/Pack/UOM tiers and source total meant; preserve quantities/value; do not infer units from current case size.,ea,120,,
2026-07-31,9ca67bed-99ae-4f61-accd-55e616b19049,a6e722a1-ffda-4f7c-aa73-1e9f2e5e5c5d,2649,c4b9b2ab-02e3-4640-8569-75e8f080101d,Titos Mini,,persisted resolved_inventory_item_id,,1d4acbe0-e1d9-4b00-bea9-ae2870e12710,Halfway House,Titos Mini  12 / 0 Case,12/5 Case,12,5,1,EA,Case,0,Pack,0, Case,103,103,103,103,202.22,202.22,d64272ca-b078-4235-93b4-9e2cbb663000,e5777aa2-8232-4b23-bfc8-37d2c02ec0bc,Halfway House,229577eb-ed5b-49e1-8241-5291b26f9075,ea,103,0,0,103,1.963301,202.220003,1,0,-0.000003,0,0,0,qty/tier/value match,source tier or physical package unit is opaque,unit_ambiguous,Ask operator what the dated Case/Pack/UOM tiers and source total meant; preserve quantities/value; do not infer units from current case size.,ea,60,,
2026-07-31,9ca67bed-99ae-4f61-accd-55e616b19049,b6b0644a-40f2-4a36-a6a6-9dd44771a3ff,2703,aeb4321b-58b5-4b40-ab92-3639d9f63beb,Corona - Light - Bottled,10164,persisted resolved_inventory_item_id,7f3632e9-0280-4fdb-8889-c4c7fa47d59a,7f3632e9-0280-4fdb-8889-c4c7fa47d59a;de9c988a-54b4-4eb4-9219-2e6e260945d6,Grill Room,Corona - Light - Bottled Reyes Beer Division (PA) 1 / 0 EA,1/24 EA,1,24,1,EA,Case,0,Pack,0, EA,0,0,0,0,0,0,,,,,,,,,,,,1,,,,,,"zero, no line",zero source count; no line expected,zero_source_no_line,Retain zero source row; no July line is expected for this item/location.,ea,24,,
2026-07-31,9ca67bed-99ae-4f61-accd-55e616b19049,696b0f55-a37e-4a16-8cd6-b9bbf37fd0d2,2728,4a041460-67e5-47c1-9a71-1b5fc1496331,guinness zero,,persisted resolved_inventory_item_id,,565f4e18-1086-4d22-9291-49c029f67e79,Grill Room,guinness zero,0/0 EA,,,,,Case,0,Pack,0, EA,0,0,0,0,0,0,,,,,,,,,,,,1,,,,,,"zero, no line",zero source count; no line expected,zero_source_no_line,Retain zero source row; no July line is expected for this item/location.,ea,1,,
2026-07-31,9ca67bed-99ae-4f61-accd-55e616b19049,2b01939d-d5e1-4390-a56a-20bf8ec76042,2786,9b43bfaa-8666-4a2e-bd6e-93bd80c2ac96,Stella Artois - Bottled,99682,persisted resolved_inventory_item_id,c604f5fa-2a19-46be-89af-2dc949b7546c,0f89e3ae-21da-4ef4-9975-656743392f12;c604f5fa-2a19-46be-89af-2dc949b7546c,Grill Room,Stella Artois - Bottled City Beverages 1 / 0 EA,1/24 EA,1,24,1,EA,Case,0,Pack,0, EA,0,0,0,0,0,0,,,,,,,,,,,,1,,,,,,"zero, no line",zero source count; no line expected,zero_source_no_line,Retain zero source row; no July line is expected for this item/location.,ea,24,,
2026-07-31,9ca67bed-99ae-4f61-accd-55e616b19049,5ddbfc93-7d98-42ab-adc6-448a10425604,2793,b1bfe3e9-5ca7-42a8-84e3-3574e155359b,Titos,,persisted resolved_inventory_item_id,,39bd400d-ed5b-4f2f-bbdf-1bf1cc69499f,Grill Room,Titos,0/0 LT,,,,,Case,0,Pack,0, LT,0,0,0,0,0,0,,,,,,,,,,,,1,,,,,,"zero, no line",zero source count; no line expected,zero_source_no_line,Retain zero source row; no July line is expected for this item/location.,ea,1,,
2026-07-31,9ca67bed-99ae-4f61-accd-55e616b19049,90bb5ea2-95c6-41a0-80d3-eff7b499b48e,2818,aeb4321b-58b5-4b40-ab92-3639d9f63beb,Corona - Light - Bottled,10164,persisted resolved_inventory_item_id,7f3632e9-0280-4fdb-8889-c4c7fa47d59a,7f3632e9-0280-4fdb-8889-c4c7fa47d59a;de9c988a-54b4-4eb4-9219-2e6e260945d6,Beer Cage,Corona - Light - Bottled Reyes Beer Division (PA) 1 / 0 EA,1/24 EA,1,24,1,EA,Case,3,Pack,0, EA,7,79,79,79,123.7,123.7,d64272ca-b078-4235-93b4-9e2cbb663000,dcbdcfb9-4e83-469e-bd80-dc9aedaf771b,Beer Cage,229577eb-ed5b-49e1-8241-5291b26f9075,ea,79,3,0,7,1.5658228,123.700001,1,0,-0.000001,0,0,0,qty/tier/value match,source total is in the declared saved unit on this evidence,unit_congruent,Numeric and declared-unit continuity supported; decide current physical package separately.,ea,24,,
2026-07-31,9ca67bed-99ae-4f61-accd-55e616b19049,67db74c8-4e4a-478f-9ef6-04dc3003ada3,2836,9b43bfaa-8666-4a2e-bd6e-93bd80c2ac96,Stella Artois - Bottled,99682,persisted resolved_inventory_item_id,c604f5fa-2a19-46be-89af-2dc949b7546c,0f89e3ae-21da-4ef4-9975-656743392f12;c604f5fa-2a19-46be-89af-2dc949b7546c,Beer Cage,Stella Artois - Bottled City Beverages 1 / 0 EA,1/24 EA,1,24,1,EA,Case,5.5,Pack,0, EA,30,162,162,162,235.17,235.17,d64272ca-b078-4235-93b4-9e2cbb663000,d0d46624-873a-446f-829e-7f8f8c66d68f,Beer Cage,229577eb-ed5b-49e1-8241-5291b26f9075,ea,162,5.5,0,30,1.4516667,235.170005,1,0,-0.000005,0,0,0,qty/tier/value match,source total is in the declared saved unit on this evidence,unit_congruent,Numeric and declared-unit continuity supported; decide current physical package separately.,ea,24,,
2026-07-31,9ca67bed-99ae-4f61-accd-55e616b19049,6c60a597-116e-44bf-9e26-54a6610db389,2848,e5e23d06-d348-43bd-af0d-1f74b255424d,Asst Lays Chips,10181414,persisted resolved_inventory_item_id,00425058-a9b7-4078-8e5d-c9fcac7119e4,00425058-a9b7-4078-8e5d-c9fcac7119e4;8144bf5f-5366-4204-b78c-20997795ffc5,Beverage Carts,Asst Lays Chips Cheney Brothers 1 / 0 EA,1/30 EA,1,30,1,EA,Case,0,Pack,0, EA,0,0,0,0,0,0,,,,,,,,,,,,1,,,,,,"zero, no line",zero source count; no line expected,zero_source_no_line,Retain zero source row; no July line is expected for this item/location.,ea,60,1,60
2026-07-31,9ca67bed-99ae-4f61-accd-55e616b19049,05f29a78-f6ce-44d3-a413-6c48ff60e679,2849,6f29f473-0934-4677-8dd9-10a601367897,Bacardi Mini,,persisted resolved_inventory_item_id,,8513bef9-b61f-411b-8598-ce14e4dff571,Beverage Carts,Bacardi Mini  12 / 0 Case,12/10 Case,12,10,1,EA,Case,0,Pack,0, Case,12,12,12,12,12.24,12.24,d64272ca-b078-4235-93b4-9e2cbb663000,a7823ad3-4ee8-4293-9889-b36ae6ec4627,Beverage Carts,229577eb-ed5b-49e1-8241-5291b26f9075,ea,12,0,0,12,1.02,12.24,1,0,0,0,0,0,qty/tier/value match,source tier or physical package unit is opaque,unit_ambiguous,Ask operator what the dated Case/Pack/UOM tiers and source total meant; preserve quantities/value; do not infer units from current case size.,ea,120,,
2026-07-31,9ca67bed-99ae-4f61-accd-55e616b19049,4af786c8-afdb-4183-8d4b-15a1ed0ced66,2860,e7619430-991a-46b2-947e-5ce6e4721998,Captain Morgan Mini,,persisted resolved_inventory_item_id,,1236aaef-285e-4699-bb93-845253cf7677,Beverage Carts,Captain Morgan Mini  12 / 0 Case,12/10 Case,12,10,1,EA,Case,0,Pack,0, Case,12,12,12,12,11.76,11.76,d64272ca-b078-4235-93b4-9e2cbb663000,5a707b51-ba4e-42c4-aa0a-fd4280c4b8dc,Beverage Carts,229577eb-ed5b-49e1-8241-5291b26f9075,ea,12,0,0,12,0.98,11.76,1,0,0,0,0,0,qty/tier/value match,source tier or physical package unit is opaque,unit_ambiguous,Ask operator what the dated Case/Pack/UOM tiers and source total meant; preserve quantities/value; do not infer units from current case size.,ea,120,,
2026-07-31,9ca67bed-99ae-4f61-accd-55e616b19049,c4fd155b-6b23-43ab-97fd-81ca5b61d45c,2862,676086e8-3368-4692-a429-a240c5284efd,Casamigos Mini,,persisted resolved_inventory_item_id,,c638af45-d090-40f7-bf10-490cae5c386c,Beverage Carts,Casamigos Mini  5 / 0 Case,5/12 Case,5,12,1,EA,Case,0,Pack,0, Case,12,12,12,12,50.2,50.2,d64272ca-b078-4235-93b4-9e2cbb663000,d6ee19a0-a162-49b0-91a2-6c35d07313a9,Beverage Carts,229577eb-ed5b-49e1-8241-5291b26f9075,ea,12,0,0,12,4.1833334,50.200001,1,0,-0.000001,0,0,0,qty/tier/value match,source tier or physical package unit is opaque,unit_ambiguous,Ask operator what the dated Case/Pack/UOM tiers and source total meant; preserve quantities/value; do not infer units from current case size.,ea,60,,
2026-07-31,9ca67bed-99ae-4f61-accd-55e616b19049,5f476d3a-0336-4c4e-add1-b3f230425f7b,2889,09f21d3a-2dd9-4904-b944-6db46bf851fd,Grapefruit juice white,10137744,persisted resolved_inventory_item_id,699c26ca-340e-4ccf-9411-d0f1f38c8d9d,699c26ca-340e-4ccf-9411-d0f1f38c8d9d;a3a4bbc6-dd93-4c78-996e-aed13d2410fc,Beverage Carts,Grapefruit juice white Cheney Brothers 1 / 0 Case,1/24 Case,1,24,1,EA,Case,0,Pack,0, Case,0,0,0,0,0,0,,,,,,,,,,,,1,,,,,,"zero, no line",zero source count; no line expected,zero_source_no_line,Retain zero source row; no July line is expected for this item/location.,ea,24,,
2026-07-31,9ca67bed-99ae-4f61-accd-55e616b19049,ab3edb46-fedb-4ce3-ae33-65457e0083c6,2903,b85c4d77-e7d5-4585-ad40-f9e9752a572c,Johnnie Walker Mini,,persisted resolved_inventory_item_id,,9dcc716b-e9a9-4beb-967b-d0ac395a23c3,Beverage Carts,Johnnie Walker Mini  10 / 0 Case,10/12 Case,10,12,1,EA,Case,0,Pack,0, Case,0,0,0,0,0,0,,,,,,,,,,,,1,,,,,,"zero, no line",zero source count; no line expected,zero_source_no_line,Retain zero source row; no July line is expected for this item/location.,ea,120,,
2026-07-31,9ca67bed-99ae-4f61-accd-55e616b19049,d82ba63d-539e-4ba6-ae7d-68005846208b,2906,37a8aa7c-92d1-4366-8f4a-3e6150803c3c,Ketel One Mini,,persisted resolved_inventory_item_id,,4bded394-5ec4-4568-a6aa-5b198dc966b3,Beverage Carts,Ketel One Mini  10 / 0 Case,10/12 Case,10,12,1,EA,Case,0,Pack,0, Case,55,55,55,55,137.5,137.5,d64272ca-b078-4235-93b4-9e2cbb663000,61b29660-7a4b-4056-8ab2-e6ede9dfb6eb,Beverage Carts,229577eb-ed5b-49e1-8241-5291b26f9075,ea,55,0,0,55,2.5,137.5,1,0,0,0,0,0,qty/tier/value match,source tier or physical package unit is opaque,unit_ambiguous,Ask operator what the dated Case/Pack/UOM tiers and source total meant; preserve quantities/value; do not infer units from current case size.,ea,120,,
2026-07-31,9ca67bed-99ae-4f61-accd-55e616b19049,93b2126d-2771-4760-9618-4179b6be9ae9,2915,407fb1d4-ba99-4657-9f30-554419d96c02,Muffin,1270008,persisted resolved_inventory_item_id,ffc92926-e49f-4158-9f13-85299b3508e2,a98c3c56-bb99-4c40-b9cc-06e6f88f1c09;ffc92926-e49f-4158-9f13-85299b3508e2,Beverage Carts,Muffin Sysco 96 / 0 OZ,96/2.25 OZ,96,2.25,1,OZ,Case,0,Pack,0, OZ,0,0,0,0,0,0,,,,,,,,,,,,1,,,,,,"zero, no line",zero source count; no line expected,zero_source_no_line,Retain zero source row; no July line is expected for this item/location.,oz,96,,
2026-07-31,9ca67bed-99ae-4f61-accd-55e616b19049,2b0669af-4a37-4700-a0c6-85a55df4c512,2934,9b43bfaa-8666-4a2e-bd6e-93bd80c2ac96,Stella Artois - Bottled,99682,persisted resolved_inventory_item_id,c604f5fa-2a19-46be-89af-2dc949b7546c,0f89e3ae-21da-4ef4-9975-656743392f12;c604f5fa-2a19-46be-89af-2dc949b7546c,Beverage Carts,Stella Artois - Bottled City Beverages 1 / 0 EA,1/24 EA,1,24,1,EA,Case,0,Pack,0, EA,10,10,10,10,14.52,14.52,d64272ca-b078-4235-93b4-9e2cbb663000,7ab61868-9d7e-4982-832c-c4c036b2c1d5,Beverage Carts,229577eb-ed5b-49e1-8241-5291b26f9075,ea,10,0,0,10,1.452,14.52,1,0,0,0,0,0,qty/tier/value match,source total is in the declared saved unit on this evidence,unit_congruent,Numeric and declared-unit continuity supported; decide current physical package separately.,ea,24,,
2026-07-31,9ca67bed-99ae-4f61-accd-55e616b19049,cc31b6be-d3fe-40cb-b9bd-a3583bbf8087,2938,114eec06-b2b0-4bcb-8b28-e29361d167af,Tanqueray Mini,,persisted resolved_inventory_item_id,,c9a3aad1-dfe1-41d6-bd8e-0f020cece45b,Beverage Carts,Tanqueray Mini  12 / 0 Case,12/10 Case,12,10,1,EA,Case,0,Pack,0, Case,12,12,12,12,20.04,20.04,d64272ca-b078-4235-93b4-9e2cbb663000,33fcfdb3-f9d0-4f69-be37-c5a5ab9a640e,Beverage Carts,229577eb-ed5b-49e1-8241-5291b26f9075,ea,12,0,0,12,1.67,20.04,1,0,0,0,0,0,qty/tier/value match,source tier or physical package unit is opaque,unit_ambiguous,Ask operator what the dated Case/Pack/UOM tiers and source total meant; preserve quantities/value; do not infer units from current case size.,ea,120,,
2026-07-31,9ca67bed-99ae-4f61-accd-55e616b19049,a5437185-48a0-4e34-8337-db7e68e467b2,2941,c4b9b2ab-02e3-4640-8569-75e8f080101d,Titos Mini,,persisted resolved_inventory_item_id,,1d4acbe0-e1d9-4b00-bea9-ae2870e12710,Beverage Carts,Titos Mini  12 / 0 Case,12/5 Case,12,5,1,EA,Case,0,Pack,0, Case,58,58,58,58,113.87,113.87,d64272ca-b078-4235-93b4-9e2cbb663000,49bea80e-aa63-4974-a3e7-a793fb0cc1d7,Beverage Carts,229577eb-ed5b-49e1-8241-5291b26f9075,ea,58,0,0,58,1.9632759,113.870002,1,0,-0.000002,0,0,0,qty/tier/value match,source tier or physical package unit is opaque,unit_ambiguous,Ask operator what the dated Case/Pack/UOM tiers and source total meant; preserve quantities/value; do not infer units from current case size.,ea,60,,
2026-07-31,9ca67bed-99ae-4f61-accd-55e616b19049,4d457fcc-4bbc-41c2-93bb-e2575e7d12a6,2955,3ca92b83-df13-4dc6-8096-9f0debbddf29,Demi-Glace,,persisted resolved_inventory_item_id,,deb59134-411e-4c44-a1b8-e0c4494055fd,Main freezer,Demi-Glace  1 / 0 QT,1/36 QT,1,36,1,QT,Case,0.5,Pack,0, QT,0,18,18,18,955.24,955.24,d64272ca-b078-4235-93b4-9e2cbb663000,a43d84c8-5c1e-49df-bbc3-66637f5b05c8,Main freezer,a8bff8f8-9b74-41e8-aa07-d2eb029bf10a,ml,18,0.5,0,0,53.06889,955.24002,1,0,-0.00002,0,0,0,qty/tier/value match,source QT total saved numerically as ml without conversion,saved_unit_mismatch,Review original count unit and valuation/unit-cost identity with operator/PM; preserve approved qty/value pending separate correction authorization.,ml,24605.178,,
2026-07-31,9ca67bed-99ae-4f61-accd-55e616b19049,95d7ad8f-4b5e-428a-bc6f-f88242238f17,2988,10e8921f-bc0c-4634-a71c-aa35f6b37e5a,Goat cheese stuff dates,,persisted resolved_inventory_item_id,,4de30793-a4f4-4a3c-88c5-3bd8b9f9d164,Main freezer,Goat cheese stuff dates  1 / 0 Case,1/100 Case,1,100,1,EA,Case,0,Pack,0, Case,0,0,0,0,0,0,,,,,,,,,,,,1,,,,,,"zero, no line",zero source count; no line expected,zero_source_no_line,Retain zero source row; no July line is expected for this item/location.,ea,100,,
2026-07-31,9ca67bed-99ae-4f61-accd-55e616b19049,55957009-9051-49b2-9609-479b0da7272d,3009,dfed466a-a1bf-48c0-8888-fbabfa696f2a,Roasted Potatoes,272095,persisted resolved_inventory_item_id,24d31d10-7958-43f0-a80e-2ab32b321e1b,04b57e9b-24c6-4da0-9002-ea6034d33c88;24d31d10-7958-43f0-a80e-2ab32b321e1b,Main freezer,Roasted Potatoes Cheney Brothers 6 / 0 LB,6/2.5 LB,6,2.5,1,LB,Case,4,Pack,0, LB,0,60,60,60,141.96,141.96,d64272ca-b078-4235-93b4-9e2cbb663000,ed035329-739c-4b6d-9197-9333d63bd4c5,Main freezer,85555087-8a50-4f1c-be7d-6da71cd57ff6,oz,60,4,0,0,2.366,141.96,1,0,0,0,0,0,qty/tier/value match,source LB total saved numerically as oz without conversion,saved_unit_mismatch,Review original count unit and valuation/unit-cost identity with operator/PM; preserve approved qty/value pending separate correction authorization.,oz,240,,
2026-07-31,9ca67bed-99ae-4f61-accd-55e616b19049,9c0280be-6148-4b39-9fef-bdc4b378e6bd,3091,1a774f54-8a64-4594-9477-45379b58a87b,Chocolate Chip Cookie Dough,6673982,persisted resolved_inventory_item_id,91f3364e-5a95-43ed-a8b0-812d938fa18e,847e3c92-6e07-431d-9e32-3b9b962f182e;91f3364e-5a95-43ed-a8b0-812d938fa18e,Main freezer,Chocolate Chip Cookie Dough Sysco 1 / 0 EA,1/80 EA,1,80,1,EA,Case,1,Pack,0, EA,0,80,80,80,75.86,75.86,d64272ca-b078-4235-93b4-9e2cbb663000,8247deaa-ca81-41d5-85e6-51003fb4378b,Main freezer,85555087-8a50-4f1c-be7d-6da71cd57ff6,oz,80,1,0,0,0.94825,75.86,1,0,0,0,0,0,qty/tier/value match,source EA total saved numerically as oz without conversion,saved_unit_mismatch,Review original count unit and valuation/unit-cost identity with operator/PM; preserve approved qty/value pending separate correction authorization.,oz,360,,
2026-07-31,9ca67bed-99ae-4f61-accd-55e616b19049,f92d9837-1489-41a5-8e80-961b309bff59,3102,a8be19c6-1d9f-43fe-a49f-570b37e903f1,Pork - Loin Chop,39-14120,persisted resolved_inventory_item_id,18be10de-f29f-4309-9892-89ede8592166,18be10de-f29f-4309-9892-89ede8592166;940c8393-d1a5-4ab0-aba3-db9a80eac512,Main freezer,Pork - Loin Chop Halperns 1 / 0 LB,1/1 LB,1,1,1,LB,Case,0,Pack,0, LB,0,0,0,0,0,0,,,,,,,,,,,,1,,,,,,"zero, no line",zero source count; no line expected,zero_source_no_line,Retain zero source row; no July line is expected for this item/location.,oz,160,,
2026-07-31,9ca67bed-99ae-4f61-accd-55e616b19049,91c92245-7b2a-44d4-b79b-e464b5afb875,3135,9c951339-7cfb-48bb-b147-38e63f856370,Beef - Ground,10031060,persisted resolved_inventory_item_id,399a93a0-eecc-41dd-af43-fa17384fc2a9,399a93a0-eecc-41dd-af43-fa17384fc2a9;710ef02c-0faa-40b3-936f-e19d366e7d12,Main freezer,Beef - Ground Cheney Brothers 2 / 0 LB,2/10 LB,2,10,1,LB,Case,2,Pack,0, LB,0,40,40,40,231.6,231.6,d64272ca-b078-4235-93b4-9e2cbb663000,6017f750-bd2e-49a0-9983-6833f41586df,Main freezer,85555087-8a50-4f1c-be7d-6da71cd57ff6,oz,40,2,0,0,5.79,231.6,1,0,0,0,0,0,qty/tier/value match,source LB total saved numerically as oz without conversion,saved_unit_mismatch,Review original count unit and valuation/unit-cost identity with operator/PM; preserve approved qty/value pending separate correction authorization.,oz,16,,
2026-07-31,9ca67bed-99ae-4f61-accd-55e616b19049,2f27a43e-0873-4fe8-a80e-5cf38aabb6f7,3146,d79188a3-8046-4c97-89c9-58c85ba256c1,Vegetable Blends/Medley's,2182665,persisted resolved_inventory_item_id,a0e39263-5648-49b0-afe8-f9bab60aecb8,6e40406d-fd3d-40ba-8ca7-101fca9fa8e2;a0e39263-5648-49b0-afe8-f9bab60aecb8,Main freezer,Vegetable Blends/Medley's Sysco 6 / 0 LB,6/4 LB,6,4,1,LB,Case,0,Pack,0, LB,0,0,0,0,0,0,,,,,,,,,,,,1,,,,,,"zero, no line",zero source count; no line expected,zero_source_no_line,Retain zero source row; no July line is expected for this item/location.,oz,384,,
2026-07-31,9ca67bed-99ae-4f61-accd-55e616b19049,5c53b146-df86-445c-8ef8-c5aae06de2f8,3147,ed26e500-dd37-40ac-b77f-8538cd12e994,Hoagie Roll,7223108,persisted resolved_inventory_item_id,b91c348a-9435-4153-88bc-adc5a133dcd9,4355879c-bf88-429b-b850-6710566b7af0;b91c348a-9435-4153-88bc-adc5a133dcd9,Main freezer,Hoagie Roll Sysco 12 / 0 EA,12/6 EA,12,6,1,EA,Case,0,Pack,0, EA,0,0,0,0,0,0,,,,,,,,,,,,1,,,,,,"zero, no line",zero source count; no line expected,zero_source_no_line,Retain zero source row; no July line is expected for this item/location.,ea,1,,
2026-07-31,9ca67bed-99ae-4f61-accd-55e616b19049,386d1a91-260c-4609-aca0-f0c0e6ab739f,3164,512f9b4b-fd6a-4a23-9dcc-481222671d9b,Tofu - Firm,7104616,persisted resolved_inventory_item_id,ac0b7a43-f089-4f3d-a6ae-da5fb5adeb7b,ac0b7a43-f089-4f3d-a6ae-da5fb5adeb7b;b0a43bcc-48dc-4f9e-a07c-12b521d01677,Main freezer,Tofu - Firm Sysco 12 / 0 OZ,12/16 OZ,12,16,1,OZ,Case,0,Pack,0, OZ,0,0,0,0,0,0,,,,,,,,,,,,1,,,,,,"zero, no line",zero source count; no line expected,zero_source_no_line,Retain zero source row; no July line is expected for this item/location.,oz,228,,
2026-07-31,9ca67bed-99ae-4f61-accd-55e616b19049,f6fe355e-cfca-4381-82e9-0a54123710af,3165,e797a4aa-ab7f-4aa2-9a00-b2ea9771224c,Tomato Fried Green,23021,persisted resolved_inventory_item_id,591ae101-a3b4-4ea3-a7ba-76576750ea0b,3d8a4f6b-7f8b-4c10-a2d1-5bdf9f3a987b;591ae101-a3b4-4ea3-a7ba-76576750ea0b,Main freezer,Tomato Fried Green Mr. Green's Produce 1 / 0 LB,1/1 LB,1,1,1,LB,Case,8,Pack,0, LB,0,8,8,8,16.72,16.72,d64272ca-b078-4235-93b4-9e2cbb663000,def3e0ae-bf83-490a-9f0f-1cd044079435,Main freezer,85555087-8a50-4f1c-be7d-6da71cd57ff6,oz,8,8,0,0,2.09,16.72,1,0,0,0,0,0,qty/tier/value match,source LB total saved numerically as oz without conversion,saved_unit_mismatch,Review original count unit and valuation/unit-cost identity with operator/PM; preserve approved qty/value pending separate correction authorization.,oz,192,,
2026-07-31,9ca67bed-99ae-4f61-accd-55e616b19049,f90e3439-b122-4209-ba6d-b96d542904f6,3195,87812bf0-6ecb-4ae6-81d8-25fb701d17d3,Shrimp - 16-20,shrimp pd 16/20 t/off,persisted resolved_inventory_item_id,,4889659f-b860-4870-b9bf-419a6632cd57,Main freezer,Shrimp - 16-20 Samuels and Son Seafood Company 1 / 0 LB,1/1 LB,1,1,1,LB,Case,1,Pack,0, LB,0,1,1,1,8.8,8.8,d64272ca-b078-4235-93b4-9e2cbb663000,d6cbb8ad-8b88-42bc-8e70-ce06cb18b9b6,Main freezer,85555087-8a50-4f1c-be7d-6da71cd57ff6,oz,1,1,0,0,8.8,8.8,1,0,0,0,0,0,qty/tier/value match,source LB total saved numerically as oz without conversion,saved_unit_mismatch,Review original count unit and valuation/unit-cost identity with operator/PM; preserve approved qty/value pending separate correction authorization.,oz,160,,
2026-07-31,9ca67bed-99ae-4f61-accd-55e616b19049,3ac72a6b-9a02-4971-91cb-60f34c03d015,3197,6ad040da-12f9-4826-9fed-a531bb9fa3dc,Shrimp - 6-8,7952559,persisted resolved_inventory_item_id,e3ff79aa-5f3f-4035-b11e-2ce5943415e7,0fbe325a-db16-4487-bfd7-3b2bca44c5a2;e3ff79aa-5f3f-4035-b11e-2ce5943415e7,Main freezer,Shrimp - 6-8 Sysco 4 / 0 LB,4/2.5 LB,4,2.5,1,LB,Case,0.5,Pack,0, LB,0,5,5,5,24.83,24.83,d64272ca-b078-4235-93b4-9e2cbb663000,a2e7f9f2-24ff-4115-a2bd-d19799a97ff0,Main freezer,85555087-8a50-4f1c-be7d-6da71cd57ff6,oz,5,0.5,0,0,4.966,24.83,1,0,0,0,0,0,qty/tier/value match,source LB total saved numerically as oz without conversion,saved_unit_mismatch,Review original count unit and valuation/unit-cost identity with operator/PM; preserve approved qty/value pending separate correction authorization.,oz,160,,
2026-07-31,9ca67bed-99ae-4f61-accd-55e616b19049,b544931a-e948-49ff-9a13-d03dcd3781f1,3198,84b198a1-8345-448f-8b26-865299153f1b,Shrimp - 70-90,7952310,persisted resolved_inventory_item_id,494f334a-bd22-4978-b986-6813268b503e,494f334a-bd22-4978-b986-6813268b503e;df3dc515-255e-40f0-abfc-592de57a408f,Main freezer,Shrimp - 70-90 Sysco 1 / 0 LB,1/10 LB,1,10,1,LB,Case,2,Pack,0, LB,0,20,20,20,99.08,99.08,d64272ca-b078-4235-93b4-9e2cbb663000,54173e73-4dc3-4214-9e37-90da41e2b414,Main freezer,85555087-8a50-4f1c-be7d-6da71cd57ff6,oz,20,2,0,0,4.954,99.08,1,0,0,0,0,0,qty/tier/value match,source LB total saved numerically as oz without conversion,saved_unit_mismatch,Review original count unit and valuation/unit-cost identity with operator/PM; preserve approved qty/value pending separate correction authorization.,oz,160,,
2026-07-31,9ca67bed-99ae-4f61-accd-55e616b19049,1a892d9b-2a7a-4822-a31a-2d6819bfabac,3210,9fd6c5d0-35f0-4496-afd7-f6fa1ccc2366,BEEF EMPANADA,10170050,persisted resolved_inventory_item_id,f400a629-340c-4e89-aaf0-72d39d865605,0cc951d2-5ca0-4793-818b-e23277c63519;f400a629-340c-4e89-aaf0-72d39d865605,Main freezer,BEEF EMPANADA Cheney Brothers 1 / 0 EA,1/30 EA,1,30,1,EA,Case,4,Pack,0, EA,0,120,120,120,144.52,144.52,d64272ca-b078-4235-93b4-9e2cbb663000,87e7b471-65a5-4a20-9baf-85e4f68d5c46,Main freezer,229577eb-ed5b-49e1-8241-5291b26f9075,ea,120,4,0,0,1.2043333,144.519996,1,0,0.000004,0,0,0,qty/tier/value match,source total is in the declared saved unit on this evidence,unit_congruent,Numeric and declared-unit continuity supported; decide current physical package separately.,ea,100,,
2026-07-31,9ca67bed-99ae-4f61-accd-55e616b19049,db4b5dab-dbf3-4d62-83d6-61dc31064b1e,3246,7ad0afd6-6502-481a-aed5-ba80877ef5d3,Garlic Bread,302001,persisted resolved_inventory_item_id,748ad72f-3dd5-4e8d-8aca-c90e02ae43cf,748ad72f-3dd5-4e8d-8aca-c90e02ae43cf;c574dfa5-4728-4024-88ec-9e9b2cdf3845,Main freezer,Garlic Bread Cheney Brothers 16 / 0 EA,16/8 EA,16,8,1,EA,Case,0,Pack,0, EA,0,0,0,0,0,0,,,,,,,,,,,,1,,,,,,"zero, no line",zero source count; no line expected,zero_source_no_line,Retain zero source row; no July line is expected for this item/location.,ea,120,,
2026-07-31,9ca67bed-99ae-4f61-accd-55e616b19049,39eeef22-1a73-4155-81fc-e4474e60cbfa,3266,3fd5dbe7-46fc-4627-9deb-7e2147960f1f,Lobster - Claw and Knuckle meat,LOBSTER MEAT BROKEN CK 6 EA CLW/KNCKLE BROKEN,persisted resolved_inventory_item_id,,ae0e4d6d-6e4f-408e-916d-f45e10598e23,Main freezer,Lobster - Claw and Knuckle meat Samuels and Son Seafood Company 3 / 0 LB,3/2 LB,3,2,1,LB,Case,2,Pack,0, LB,0,12,12,12,169.99,169.99,d64272ca-b078-4235-93b4-9e2cbb663000,5e6b5cb5-de40-4537-9a64-219d2da61e49,Main freezer,85555087-8a50-4f1c-be7d-6da71cd57ff6,oz,12,2,0,0,14.165833,169.989996,1,0,0.000004,0,0,0,qty/tier/value match,source LB total saved numerically as oz without conversion,saved_unit_mismatch,Review original count unit and valuation/unit-cost identity with operator/PM; preserve approved qty/value pending separate correction authorization.,oz,192,,
2026-07-31,9ca67bed-99ae-4f61-accd-55e616b19049,f3acf3ff-6a08-41b1-808b-305e78501769,3274,407fb1d4-ba99-4657-9f30-554419d96c02,Muffin,1270008,persisted resolved_inventory_item_id,ffc92926-e49f-4158-9f13-85299b3508e2,a98c3c56-bb99-4c40-b9cc-06e6f88f1c09;ffc92926-e49f-4158-9f13-85299b3508e2,Main freezer,Muffin Sysco 96 / 0 OZ,96/2.25 OZ,96,2.25,1,OZ,Case,0,Pack,0, OZ,0,0,0,0,0,0,,,,,,,,,,,,1,,,,,,"zero, no line",zero source count; no line expected,zero_source_no_line,Retain zero source row; no July line is expected for this item/location.,oz,96,,
2026-07-31,9ca67bed-99ae-4f61-accd-55e616b19049,44449b24-6a7d-4aa7-ab92-359d88d2801c,3316,ab085b7e-968f-489a-8441-5d5267a2378b,Tuna,4434235,persisted resolved_inventory_item_id,faa67824-170c-420d-902c-34a1d9d70a7f,c67b9d79-d184-421b-b535-6d21510a8eb6;faa67824-170c-420d-902c-34a1d9d70a7f,Main freezer,Tuna Sysco 1 / 0 LB,1/10 LB,1,10,1,LB,Case,1,Pack,0, LB,0,10,10,10,137.22,137.22,d64272ca-b078-4235-93b4-9e2cbb663000,fbd7a1d6-271a-47ce-aad6-af3a74a8fcc0,Main freezer,85555087-8a50-4f1c-be7d-6da71cd57ff6,oz,10,1,0,0,13.722,137.22,1,0,0,0,0,0,qty/tier/value match,source LB total saved numerically as oz without conversion,saved_unit_mismatch,Review original count unit and valuation/unit-cost identity with operator/PM; preserve approved qty/value pending separate correction authorization.,oz,160,,
2026-07-31,9ca67bed-99ae-4f61-accd-55e616b19049,1e9542a4-da55-4b5c-b6db-762140948d9e,3325,686b2d0b-7852-40fe-ae11-2e7c75945858,Veggie Burger,5090992,persisted resolved_inventory_item_id,e03069e7-bfce-4e07-ad0d-0416af2e6de0,5042412e-7249-42da-8246-dc565abfec67;e03069e7-bfce-4e07-ad0d-0416af2e6de0,Main freezer,Veggie Burger Sysco 32 / 0 OZ,32/6 OZ,32,6,1,OZ,Case,1,Pack,0, OZ,0,32,32,192,97.04,97.04,d64272ca-b078-4235-93b4-9e2cbb663000,bed6a1f0-da31-49e8-840b-88c465670e3d,Main freezer,85555087-8a50-4f1c-be7d-6da71cd57ff6,oz,32,1,0,0,3.0325,97.04,1,0,0,0,0,0,qty/tier/value match,source total 32 differs from parsed pack/tier implication 192,unit_ambiguous,Ask operator what the dated Case/Pack/UOM tiers and source total meant; preserve quantities/value; do not infer units from current case size.,oz,159.5,,
2026-07-31,9ca67bed-99ae-4f61-accd-55e616b19049,8aeb6311-d514-4165-bdd4-7435a77dea48,3332,832f40cc-032b-44ff-a0b6-52e66eaf344c,Apples - Red Delicious,11017,persisted resolved_inventory_item_id,4096b5a5-e199-45b8-9066-65bb4a80a675,4096b5a5-e199-45b8-9066-65bb4a80a675;be008495-eaea-4ad6-9464-ae3d0e98ff88,Produce Walk-in,Apples - Red Delicious Mr. Green's Produce 1 / 0 EA,1/72 EA,1,72,1,EA,Case,0.5,Pack,0, EA,0,36,36,36,18.48,18.48,d64272ca-b078-4235-93b4-9e2cbb663000,ac3cd471-e5eb-49e1-a07b-00ae20cd350f,Produce Walk-in,229577eb-ed5b-49e1-8241-5291b26f9075,ea,36,0.5,0,0,0.5133333,18.479999,1,0,0.000001,0,0,0,qty/tier/value match,source total is in the declared saved unit on this evidence,unit_congruent,Numeric and declared-unit continuity supported; decide current physical package separately.,ea,40,,
2026-07-31,9ca67bed-99ae-4f61-accd-55e616b19049,b7c38a4e-e2ea-4838-8839-102f5dccf324,3333,f84cd047-ef9b-4b18-80b6-8f17033f493a,Arugula,HERBARR15,persisted resolved_inventory_item_id,799ee6f5-eea2-49c3-aa74-e9a5b6142e76,53a2f1c0-5756-4e85-94ec-c0572faf55e4;799ee6f5-eea2-49c3-aa74-e9a5b6142e76,Produce Walk-in,"Arugula Harvill's Produce Co., Inc. 1 / 0 LB",1/1.5 LB,1,1.5,1,LB,Case,1.5,Pack,0, LB,0,2.25,2.25,2.25,23.33,23.33,d64272ca-b078-4235-93b4-9e2cbb663000,aea912b0-8af2-4d4a-af22-91d106523607,Produce Walk-in,85555087-8a50-4f1c-be7d-6da71cd57ff6,oz,2.25,1.5,0,0,10.368889,23.33,1,0,0,0,0,0,qty/tier/value match,source LB total saved numerically as oz without conversion,saved_unit_mismatch,Review original count unit and valuation/unit-cost identity with operator/PM; preserve approved qty/value pending separate correction authorization.,oz,48,,
2026-07-31,9ca67bed-99ae-4f61-accd-55e616b19049,faafd02d-df81-4c87-8e4c-f37501e9eeb8,3356,514726fa-1c16-4dbe-8bb8-c01fc478b739,Bunny Luv BB Carrots,CARCB30HF,persisted resolved_inventory_item_id,ee995c96-adf5-4866-942b-c31d693cf433,23d42abd-3cb7-4fc5-961b-82a80aca18ed;ee995c96-adf5-4866-942b-c31d693cf433,Produce Walk-in,"Bunny Luv BB Carrots Harvill's Produce Co., Inc. 1 / 0 LB",1/15 LB,1,15,1,LB,Case,1,Pack,0, LB,0,15,15,15,23.4,23.4,d64272ca-b078-4235-93b4-9e2cbb663000,0e160ac8-7ab2-4dcd-a640-c986ff115248,Produce Walk-in,85555087-8a50-4f1c-be7d-6da71cd57ff6,oz,15,1,0,0,1.56,23.4,1,0,0,0,0,0,qty/tier/value match,source LB total saved numerically as oz without conversion,saved_unit_mismatch,Review original count unit and valuation/unit-cost identity with operator/PM; preserve approved qty/value pending separate correction authorization.,oz,240,,
2026-07-31,9ca67bed-99ae-4f61-accd-55e616b19049,32c02b82-717d-4264-9744-f71de4916d47,3359,f16087c9-fb87-4d67-a253-621a31611824,Cabbage - Red,CABRDLB,persisted resolved_inventory_item_id,,15cc0f3e-d5f7-4bc6-9710-129b617e0813,Produce Walk-in,"Cabbage - Red Harvill's Produce Co., Inc. 1 / 0 LB",1/1 LB,1,1,1,LB,Case,5,Pack,0, LB,0,5,5,5,4.25,4.25,d64272ca-b078-4235-93b4-9e2cbb663000,1ad8a04c-fafa-49d0-a9ac-281d2a39dc42,Produce Walk-in,85555087-8a50-4f1c-be7d-6da71cd57ff6,oz,5,5,0,0,0.85,4.25,1,0,0,0,0,0,qty/tier/value match,source LB total saved numerically as oz without conversion,saved_unit_mismatch,Review original count unit and valuation/unit-cost identity with operator/PM; preserve approved qty/value pending separate correction authorization.,oz,160,,
2026-07-31,9ca67bed-99ae-4f61-accd-55e616b19049,df60fa7b-2f9d-4305-91f9-c7bf8eb657e7,3371,b7d1e7af-ebb1-410f-96da-f2e7e9b52d6c,Celery,cel36,persisted resolved_inventory_item_id,,e16497fc-9aa7-45f0-98b8-7fd0c6a375c9,Produce Walk-in,"Celery Harvill's Produce Co., Inc. 1 / 0 EA",1/36 EA,1,36,1,EA,Case,1.5,Pack,0, EA,0,54,54,54,47.93,47.93,d64272ca-b078-4235-93b4-9e2cbb663000,3c4d4915-3a20-490f-b6cd-b6f82c0e3b51,Produce Walk-in,229577eb-ed5b-49e1-8241-5291b26f9075,ea,54,1.5,0,0,0.8875926,47.93,1,0,0,0,0,0,qty/tier/value match,source total is in the declared saved unit on this evidence,unit_congruent,Numeric and declared-unit continuity supported; decide current physical package separately.,ea,36,,
2026-07-31,9ca67bed-99ae-4f61-accd-55e616b19049,f8b483ea-57a3-4a4e-bc8c-bf98b6e37095,3377,1508bbda-a482-4d7c-80b3-93572b389e2d,Cheese - American Yellow Sliced,5132234,persisted resolved_inventory_item_id,eac7ded8-33c6-4432-9552-10a82ce59b91,b9d6d2d2-b289-472f-b979-0bd44a932801;eac7ded8-33c6-4432-9552-10a82ce59b91,Produce Walk-in,Cheese - American Yellow Sliced Sysco 1 / 0 LB,1/5 LB,1,5,1,LB,Case,4.5,Pack,0, LB,0,22.5,22.5,22.5,69.35,69.35,d64272ca-b078-4235-93b4-9e2cbb663000,ce1440e3-1cc2-4f44-baea-799fb6f07bc8,Produce Walk-in,85555087-8a50-4f1c-be7d-6da71cd57ff6,oz,22.5,4.5,0,0,3.0822222,69.35,1,0,0,0,0,0,qty/tier/value match,source LB total saved numerically as oz without conversion,saved_unit_mismatch,Review original count unit and valuation/unit-cost identity with operator/PM; preserve approved qty/value pending separate correction authorization.,oz,320,,
2026-07-31,9ca67bed-99ae-4f61-accd-55e616b19049,7ea16267-d620-45ed-8272-94709e81855a,3394,530ffe84-5f03-4ebd-b7a0-41c293083fc3,Cheese - Swiss,31376,persisted resolved_inventory_item_id,ac84e0ce-282b-43f7-ba06-fd54b2afb4f5,2971e9ff-25d7-48ca-9cb8-5f271641afb2;ac84e0ce-282b-43f7-ba06-fd54b2afb4f5,Produce Walk-in,Cheese - Swiss Mr. Green's Produce 2 / 0 LB,2/5 LB,2,5,1,LB,Case,1.5,Pack,0, LB,0,15,15,15,68.03,68.03,d64272ca-b078-4235-93b4-9e2cbb663000,b988339d-73c7-4960-8d25-56b3b497b7d0,Produce Walk-in,85555087-8a50-4f1c-be7d-6da71cd57ff6,oz,15,1.5,0,0,4.535333,68.029995,1,0,0.000005,0,0,0,qty/tier/value match,source LB total saved numerically as oz without conversion,saved_unit_mismatch,Review original count unit and valuation/unit-cost identity with operator/PM; preserve approved qty/value pending separate correction authorization.,oz,16,,
2026-07-31,9ca67bed-99ae-4f61-accd-55e616b19049,4c3cab65-4548-45fc-9496-6d615dca7a6d,3432,2a4931c5-1bb1-4da3-9d0a-b7dbcf80de1a,Herbs - Oregano,5264312,persisted resolved_inventory_item_id,6b5dda92-c0c3-4d69-aaec-e0b2af0f4dde,6b5dda92-c0c3-4d69-aaec-e0b2af0f4dde;dd02996a-0de1-4a1a-8304-d6668151eafc,Produce Walk-in,Herbs - Oregano Sysco 1 / 0 LB,1/5 LB,1,5,1,LB,Case,0,Pack,0, LB,0,0,0,0,0,0,,,,,,,,,,,,1,,,,,,"zero, no line",zero source count; no line expected,zero_source_no_line,Retain zero source row; no July line is expected for this item/location.,oz,64,,
2026-07-31,9ca67bed-99ae-4f61-accd-55e616b19049,69a339cb-3478-4a2c-a543-9200f35fdb9c,3435,f2101e20-45da-4a03-a934-599158d49499,Herbs - Sage,HERBSAGEEA,persisted resolved_inventory_item_id,,5084d4de-3e1d-4e1c-816e-d1c40e507d89,Produce Walk-in,"Herbs - Sage Harvill's Produce Co., Inc. 2 / 0 LB",2/0.5 LB,2,0.5,1,LB,Case,1,Pack,0, LB,0,1,1,1,1.9,1.9,d64272ca-b078-4235-93b4-9e2cbb663000,0a6531c7-4045-4749-9dd3-219088e5383a,Produce Walk-in,85555087-8a50-4f1c-be7d-6da71cd57ff6,oz,1,1,0,0,1.9,1.9,1,0,0,0,0,0,qty/tier/value match,source LB total saved numerically as oz without conversion,saved_unit_mismatch,Review original count unit and valuation/unit-cost identity with operator/PM; preserve approved qty/value pending separate correction authorization.,oz,4,,
2026-07-31,9ca67bed-99ae-4f61-accd-55e616b19049,9433641e-a2c5-4e50-bc28-c2bded6ac8d7,3473,309f454a-e5da-429c-b9a0-7bdbe558056e,Onions - Green,ONIGRI12,persisted resolved_inventory_item_id,1539f9c7-a25b-4577-bf64-97dad142f974,1539f9c7-a25b-4577-bf64-97dad142f974;dfcb1c0c-b01f-4cfa-8a10-04f2a346e820,Produce Walk-in,"Onions - Green Harvill's Produce Co., Inc. 1 / 0 EA",1/12 EA,1,12,1,EA,Case,1,Pack,0, EA,0,12,12,12,8.25,8.25,d64272ca-b078-4235-93b4-9e2cbb663000,3b52eb08-9039-449b-a1bb-32e5de547242,Produce Walk-in,229577eb-ed5b-49e1-8241-5291b26f9075,ea,12,1,0,0,0.6875,8.25,1,0,0,0,0,0,qty/tier/value match,source total is in the declared saved unit on this evidence,unit_congruent,Numeric and declared-unit continuity supported; decide current physical package separately.,ea,24,,
2026-07-31,9ca67bed-99ae-4f61-accd-55e616b19049,cebba020-e3f8-4991-8e01-b4405432877c,3476,6dc046ec-1ebe-448b-89c2-9d8dc31644a2,Onions - Yellow,onijum,persisted resolved_inventory_item_id,,c8b16036-bfd5-449d-8f6c-2b3c6e44b83b,Produce Walk-in,"Onions - Yellow Harvill's Produce Co., Inc. 1 / 0 LB",1/50 LB,1,50,1,LB,Case,1.25,Pack,0, LB,0,62.5,62.5,62.5,38,38,d64272ca-b078-4235-93b4-9e2cbb663000,3bcb75f1-5670-4476-9a30-3167b1e79857,Produce Walk-in,85555087-8a50-4f1c-be7d-6da71cd57ff6,oz,62.5,1.25,0,0,0.608,38,1,0,0,0,0,0,qty/tier/value match,source LB total saved numerically as oz without conversion,saved_unit_mismatch,Review original count unit and valuation/unit-cost identity with operator/PM; preserve approved qty/value pending separate correction authorization.,oz,80,,
2026-07-31,9ca67bed-99ae-4f61-accd-55e616b19049,d85729f4-0d05-419b-904e-707b2c79d75b,3487,9a02c849-8ef8-4cbe-b973-88791f66f13e,Peppers - Green,20630,persisted resolved_inventory_item_id,783c38b0-0c20-4cdb-a2ae-eb585331fb82,62ec2242-a074-46e5-b133-913220c843fd;783c38b0-0c20-4cdb-a2ae-eb585331fb82,Produce Walk-in,Peppers - Green Mr. Green's Produce 1 / 0 LB,1/5 LB,1,5,1,LB,Case,15,Pack,0, LB,0,75,75,75,253.8,253.8,d64272ca-b078-4235-93b4-9e2cbb663000,063c4b71-781a-44d0-821b-1332d009e331,Produce Walk-in,85555087-8a50-4f1c-be7d-6da71cd57ff6,oz,75,15,0,0,3.384,253.8,1,0,0,0,0,0,qty/tier/value match,source LB total saved numerically as oz without conversion,saved_unit_mismatch,Review original count unit and valuation/unit-cost identity with operator/PM; preserve approved qty/value pending separate correction authorization.,oz,16,,
2026-07-31,9ca67bed-99ae-4f61-accd-55e616b19049,12c88463-0831-4a0b-b42e-589a94ee050f,3508,37b8f91a-2423-4fdd-92b3-e5126da70fc3,Queso Fresco,7623509,persisted resolved_inventory_item_id,c2003589-958f-459d-b539-3e28c110a397,656645de-09da-4ff9-874d-0fb14f9208da;c2003589-958f-459d-b539-3e28c110a397,Produce Walk-in,Queso Fresco Sysco 1 / 0 LB,1/5 LB,1,5,1,LB,Case,0.25,Pack,0, LB,0,1.25,1.25,1.25,6.44,6.44,d64272ca-b078-4235-93b4-9e2cbb663000,ce51699b-abba-47c5-97de-2585ae8d68f5,Produce Walk-in,85555087-8a50-4f1c-be7d-6da71cd57ff6,oz,1.25,0.25,0,0,5.152,6.44,1,0,0,0,0,0,qty/tier/value match,source LB total saved numerically as oz without conversion,saved_unit_mismatch,Review original count unit and valuation/unit-cost identity with operator/PM; preserve approved qty/value pending separate correction authorization.,oz,256,,
2026-07-31,9ca67bed-99ae-4f61-accd-55e616b19049,a51a3198-9fdf-45a4-b52c-cf74f09809d7,3519,3431a810-db6b-427b-a2fc-3e6520d3662b,Shallots - Peeled,SHALPLGL,persisted resolved_inventory_item_id,,6e5b96a4-2dbc-4a63-a8b8-8804a3604dba,Produce Walk-in,"Shallots - Peeled Harvill's Produce Co., Inc. 1 / 0 LB",1/5 LB,1,5,1,LB,Case,0,Pack,0, LB,0,0,0,0,0,0,,,,,,,,,,,,1,,,,,,"zero, no line",zero source count; no line expected,zero_source_no_line,Retain zero source row; no July line is expected for this item/location.,oz,80,,
2026-07-31,9ca67bed-99ae-4f61-accd-55e616b19049,9da8f997-c3cc-4ed0-ad8d-032deb9dcd85,3525,bc3ba8e7-2614-4e23-97c2-0830b8c46895,Squash - Zucchini,SQUZ,persisted resolved_inventory_item_id,,00b61953-3af3-4879-b562-15e815fdc38f,Produce Walk-in,"Squash - Zucchini Harvill's Produce Co., Inc. 10 / 0 LB",10/1 LB,10,1,1,LB,Case,1,Pack,0, LB,0,10,10,10,17.5,17.5,d64272ca-b078-4235-93b4-9e2cbb663000,7f264f74-3b19-4c98-873c-d0f699f8fc0d,Produce Walk-in,85555087-8a50-4f1c-be7d-6da71cd57ff6,oz,10,1,0,0,1.75,17.5,1,0,0,0,0,0,qty/tier/value match,source LB total saved numerically as oz without conversion,saved_unit_mismatch,Review original count unit and valuation/unit-cost identity with operator/PM; preserve approved qty/value pending separate correction authorization.,oz,80,,
2026-07-31,9ca67bed-99ae-4f61-accd-55e616b19049,b3241c7c-9acd-4ea4-bd56-58075b9b183a,3560,10583111-5a8e-4e29-a610-70b417cb023d,Banana Peppers,122028,persisted resolved_inventory_item_id,61068fc0-80bd-4760-86b2-c62971e63e9e,61068fc0-80bd-4760-86b2-c62971e63e9e;bd1cdd5f-3239-4b9b-8ea7-aaa7d14219ef,Main Walk-in,Banana Peppers Cheney Brothers 4 / 0 GAL,4/1 GAL,4,1,1,GAL,Case,0.25,Pack,0, GAL,0,1,1,1,12.13,12.13,d64272ca-b078-4235-93b4-9e2cbb663000,0366499d-c1dd-49ce-bbd5-fd791eb7284e,Main Walk-in,a8bff8f8-9b74-41e8-aa07-d2eb029bf10a,ml,1,0.25,0,0,12.13,12.13,1,0,0,0,0,0,qty/tier/value match,source GAL total saved numerically as ml without conversion,saved_unit_mismatch,Review original count unit and valuation/unit-cost identity with operator/PM; preserve approved qty/value pending separate correction authorization.,ml,3785.41,,
2026-07-31,9ca67bed-99ae-4f61-accd-55e616b19049,efb49273-d6d2-4f28-959c-f156ce0ed788,3563,22fa2ae0-8e78-481b-9ac8-e31c6fe00795,BBQ KC Masterpeice,5663695,persisted resolved_inventory_item_id,801a0430-4190-4ef9-b70c-6284fe37bb66,801a0430-4190-4ef9-b70c-6284fe37bb66;811ecc99-2c32-4d5f-abe0-11669dc6ec3f,Main Walk-in,BBQ KC Masterpeice Sysco 1 / 0 GAL,1/4 GAL,1,4,1,GAL,Case,0.3,Pack,0, GAL,0,1.2,1.2,1.2,14.66,14.66,d64272ca-b078-4235-93b4-9e2cbb663000,258a19ae-6438-405b-ae45-03afea037581,Main Walk-in,a8bff8f8-9b74-41e8-aa07-d2eb029bf10a,ml,1.2,0.3,0,0,12.216666,14.659999,1,0,0.000001,0,0,0,qty/tier/value match,source GAL total saved numerically as ml without conversion,saved_unit_mismatch,Review original count unit and valuation/unit-cost identity with operator/PM; preserve approved qty/value pending separate correction authorization.,ml,15141.64,,
2026-07-31,9ca67bed-99ae-4f61-accd-55e616b19049,ede991d1-42e2-4366-abad-b2574cfdd6d3,3566,d03320f3-b085-4fe7-b958-02d0171b9936,Beef - Bratwurst,8745838,persisted resolved_inventory_item_id,549aaf35-6940-4859-b2ae-7d15da8b904d,549aaf35-6940-4859-b2ae-7d15da8b904d;9fc55c1f-8ffa-4c59-8a92-9bd3236b87b3,Main Walk-in,Beef - Bratwurst Sysco 1 / 0 LB,1/10 LB,1,10,1,LB,Case,0,Pack,0, LB,0,0,0,0,0,0,,,,,,,,,,,,1,,,,,,"zero, no line",zero source count; no line expected,zero_source_no_line,Retain zero source row; no July line is expected for this item/location.,oz,160,,
2026-07-31,9ca67bed-99ae-4f61-accd-55e616b19049,d89472be-27a8-4a65-8c42-10fb9d46568d,3577,9c951339-7cfb-48bb-b147-38e63f856370,Beef - Ground,10031060,persisted resolved_inventory_item_id,399a93a0-eecc-41dd-af43-fa17384fc2a9,399a93a0-eecc-41dd-af43-fa17384fc2a9;710ef02c-0faa-40b3-936f-e19d366e7d12,Main Walk-in,Beef - Ground Cheney Brothers 2 / 0 LB,2/10 LB,2,10,1,LB,Case,0,Pack,0, LB,120,120,120,120,694.81,694.81,d64272ca-b078-4235-93b4-9e2cbb663000,0ed28222-ac39-475d-bbdd-7df37a5ce43d,Main Walk-in,85555087-8a50-4f1c-be7d-6da71cd57ff6,oz,120,0,0,120,5.7900834,694.810008,1,0,-0.000008,0,0,0,qty/tier/value match,source LB total saved numerically as oz without conversion,saved_unit_mismatch,Review original count unit and valuation/unit-cost identity with operator/PM; preserve approved qty/value pending separate correction authorization.,oz,16,,
2026-07-31,9ca67bed-99ae-4f61-accd-55e616b19049,80b662c7-b9fa-4270-aa60-6f4ecf50c29e,3588,813b8141-3b23-4656-93d1-ab2d46eb4e0e,Beef - Skirt Steak,1802505,persisted resolved_inventory_item_id,fc7c7763-2162-4c9e-99fd-f0feaf6971e9,b82e84d2-14bb-4d0d-88f5-004c24a7883a;fc7c7763-2162-4c9e-99fd-f0feaf6971e9,Main Walk-in,Beef - Skirt Steak Sysco 24 / 0 OZ,24/8 OZ,24,8,1,OZ,Case,0,Pack,0, OZ,0,0,0,0,0,0,,,,,,,,,,,,1,,,,,,"zero, no line",zero source count; no line expected,zero_source_no_line,Retain zero source row; no July line is expected for this item/location.,oz,16,,
2026-07-31,9ca67bed-99ae-4f61-accd-55e616b19049,186d0b5f-6d72-4859-8af8-f2351e341af5,3621,5413aa19-e7a0-4681-9552-88b9386ee1e8,Cabbage - Slaw Mix,4966146,persisted resolved_inventory_item_id,0f3bb576-74fd-4c2e-96ee-38c43da53051,0f3bb576-74fd-4c2e-96ee-38c43da53051;ec5e3b24-af91-4771-a8eb-b64130cef07b,Main Walk-in,Cabbage - Slaw Mix Sysco 4 / 0 LB,4/2 LB,4,2,1,LB,Case,0.5,Pack,0, LB,0,4,4,4,10.94,10.94,d64272ca-b078-4235-93b4-9e2cbb663000,1de7c793-ff16-47ac-834a-4315bf16acb3,Main Walk-in,85555087-8a50-4f1c-be7d-6da71cd57ff6,oz,4,0.5,0,0,2.735,10.94,1,0,0,0,0,0,qty/tier/value match,source LB total saved numerically as oz without conversion,saved_unit_mismatch,Review original count unit and valuation/unit-cost identity with operator/PM; preserve approved qty/value pending separate correction authorization.,oz,128,,
2026-07-31,9ca67bed-99ae-4f61-accd-55e616b19049,be82f6f0-c16b-4671-9928-a84fa6924600,3635,fb0c07ba-0e79-4abd-b204-8b4114f8cb5f,Cheese - Cheddar Mild Shredded,2406163,persisted resolved_inventory_item_id,0521d49a-8f62-4553-9980-14737b3352b0,0521d49a-8f62-4553-9980-14737b3352b0;3774ed7a-7ad6-4a34-a30f-9db7618f1e35,Main Walk-in,Cheese - Cheddar Mild Shredded Sysco 1 / 0 LB,1/5 LB,1,5,1,LB,Case,0,Pack,0, LB,0,0,0,0,0,0,,,,,,,,,,,,1,,,,,,"zero, no line",zero source count; no line expected,zero_source_no_line,Retain zero source row; no July line is expected for this item/location.,oz,320,,
2026-07-31,9ca67bed-99ae-4f61-accd-55e616b19049,62aa9bf7-002a-45d9-8d53-1043c5aea514,3639,2299aba4-a13d-48a7-93a7-d4f6c4883433,Cheese - Cream Cheese,3716750,persisted resolved_inventory_item_id,4e227686-982e-464a-8496-227888d7ccc1,4e227686-982e-464a-8496-227888d7ccc1;576a29db-b132-4701-9793-fb8e475e27bd,Main Walk-in,Cheese - Cream Cheese Sysco 6 / 0 LB,6/3 LB,6,3,1,LB,Case,1,Pack,0, LB,0,18,18,18,66.56,66.56,d64272ca-b078-4235-93b4-9e2cbb663000,d15c1c65-4c4e-4ed0-9fa9-25a7a4040422,Main Walk-in,85555087-8a50-4f1c-be7d-6da71cd57ff6,oz,18,1,0,0,3.6977777,66.559999,1,0,0.000001,0,0,0,qty/tier/value match,source LB total saved numerically as oz without conversion,saved_unit_mismatch,Review original count unit and valuation/unit-cost identity with operator/PM; preserve approved qty/value pending separate correction authorization.,oz,100,,
2026-07-31,9ca67bed-99ae-4f61-accd-55e616b19049,22d46dac-3ffb-4f9b-aa28-f7b62dc7d567,3668,7f4629fb-68f5-4f7a-8f8b-fe4b0b34068d,Chicken - Drumsticks,7297842,persisted resolved_inventory_item_id,6748550c-bf38-4a5d-9dfc-fd741272f2de,6748550c-bf38-4a5d-9dfc-fd741272f2de;6c8cc8a9-5e73-451a-9fd2-61f1e28c9493,Main Walk-in,Chicken - Drumsticks Sysco 1 / 0 LB,1/40 LB,1,40,1,LB,Case,0,Pack,0, LB,0,0,0,0,0,0,,,,,,,,,,,,1,,,,,,"zero, no line",zero source count; no line expected,zero_source_no_line,Retain zero source row; no July line is expected for this item/location.,oz,640,,
2026-07-31,9ca67bed-99ae-4f61-accd-55e616b19049,d8836c76-7a7b-48a4-8f31-3d6fa9933cd7,3695,eb396168-a806-4260-ab7f-6aa6d03d7809,Cod - Fillet,NORDIC COD LOINS SKINLESS 14OZ.+,persisted resolved_inventory_item_id,,25ee1c63-f8ae-47af-b536-eb2bcbb078b4,Main Walk-in,Cod - Fillet Samuels and Son Seafood Company 1 / 0 LB,1/1 LB,1,1,1,LB,Case,30,Pack,0, LB,0,30,30,30,617.85,617.85,d64272ca-b078-4235-93b4-9e2cbb663000,8e298ef0-fc70-4266-a951-69fe15a9cca1,Main Walk-in,85555087-8a50-4f1c-be7d-6da71cd57ff6,oz,30,30,0,0,20.595,617.85,1,0,0,0,0,0,qty/tier/value match,source LB total saved numerically as oz without conversion,saved_unit_mismatch,Review original count unit and valuation/unit-cost identity with operator/PM; preserve approved qty/value pending separate correction authorization.,oz,160,,
2026-07-31,9ca67bed-99ae-4f61-accd-55e616b19049,34b41b44-7871-467c-beed-d4fbca34121a,3752,227e66c3-1250-4754-9f48-d44abbb6934a,Juice - Lemon,096255,persisted resolved_inventory_item_id,dba45920-9d40-4912-82ab-3d97a3ce29a1,165c5b28-96a8-4a29-bb52-1d1c08d15a8d;dba45920-9d40-4912-82ab-3d97a3ce29a1,Main Walk-in,Juice - Lemon Cheney Brothers 12 / 0 QT,12/1 QT,12,1,1,QT,Case,0,Pack,0, QT,0,0,0,0,0,0,,,,,,,,,,,,1,,,,,,"zero, no line",zero source count; no line expected,zero_source_no_line,Retain zero source row; no July line is expected for this item/location.,ml,15141.64,,
2026-07-31,9ca67bed-99ae-4f61-accd-55e616b19049,1b9a716b-7ab7-4d98-bde6-aec2fdf90dd0,3780,2082515d-2b87-4407-b413-1362165c524f,Milk - Whole,4676306,persisted resolved_inventory_item_id,3b6a77c4-f90f-4f7d-8b60-0551243d26ee,07846144-dea3-4b9c-920e-a6a0a36800de;3b6a77c4-f90f-4f7d-8b60-0551243d26ee,Main Walk-in,Milk - Whole Sysco 1 / 0 GAL,1/1 GAL,1,1,1,GAL,Case,0,Pack,0, GAL,0,0,0,0,0,0,,,,,,,,,,,,1,,,,,,"zero, no line",zero source count; no line expected,zero_source_no_line,Retain zero source row; no July line is expected for this item/location.,ml,15141.64,,
2026-07-31,9ca67bed-99ae-4f61-accd-55e616b19049,19f70a11-0f37-4ac9-8d98-0c1eb5fc5bbf,3802,e7b411b3-a4fd-4a7b-b23c-603ee64bbcb9,Pepperoni,3541394,persisted resolved_inventory_item_id,4139588d-387f-4d36-8577-bfed7a410328,354c9297-9c72-475c-a0a2-4cf3180480f1;4139588d-387f-4d36-8577-bfed7a410328;8c97bd3c-756f-4112-ac97-400aebc76cc4;9ffa64e4-74e8-4b22-b294-b9ddfd2a8a2c,Main Walk-in,Pepperoni Sysco 2 / 0 LB,2/5 LB,2,5,1,LB,Case,0,Pack,0, LB,17,17,17,17,83.93,83.93,d64272ca-b078-4235-93b4-9e2cbb663000,fbea93b0-5b3b-468c-9cda-8c0957b69419,Main Walk-in,85555087-8a50-4f1c-be7d-6da71cd57ff6,oz,17,0,0,17,4.937059,83.930003,1,0,-0.000003,0,0,0,qty/tier/value match,source LB total saved numerically as oz without conversion,saved_unit_mismatch,Review original count unit and valuation/unit-cost identity with operator/PM; preserve approved qty/value pending separate correction authorization.,lb,10,,
2026-07-31,9ca67bed-99ae-4f61-accd-55e616b19049,a625b36b-4015-49de-a786-9e124ad9fc5f,3818,a8be19c6-1d9f-43fe-a49f-570b37e903f1,Pork - Loin Chop,39-14120,persisted resolved_inventory_item_id,18be10de-f29f-4309-9892-89ede8592166,18be10de-f29f-4309-9892-89ede8592166;940c8393-d1a5-4ab0-aba3-db9a80eac512,Main Walk-in,Pork - Loin Chop Halperns 1 / 0 LB,1/1 LB,1,1,1,LB,Case,20,Pack,0, LB,0,20,20,20,77.8,77.8,d64272ca-b078-4235-93b4-9e2cbb663000,d5f64485-c2a5-4fdf-a7a9-2c87628e722c,Main Walk-in,85555087-8a50-4f1c-be7d-6da71cd57ff6,oz,20,20,0,0,3.89,77.8,1,0,0,0,0,0,qty/tier/value match,source LB total saved numerically as oz without conversion,saved_unit_mismatch,Review original count unit and valuation/unit-cost identity with operator/PM; preserve approved qty/value pending separate correction authorization.,oz,160,,
2026-07-31,9ca67bed-99ae-4f61-accd-55e616b19049,82612bb3-4c21-4eee-bb09-9a6cb2d8ed40,3831,5dbebef5-c668-47e9-8e07-13ca19024e32,raw clams,256022,persisted resolved_inventory_item_id,6053da75-f2b7-4165-8424-bd85aaa2a4d3,6053da75-f2b7-4165-8424-bd85aaa2a4d3;8002348c-3bf7-4fae-adb4-8b76da8ac646,Main Walk-in,raw clams Cheney Brothers 10 / 0 LB,10/1 LB,10,1,1,LB,Case,0,Pack,0, LB,0,0,0,0,0,0,,,,,,,,,,,,1,,,,,,"zero, no line",zero source count; no line expected,zero_source_no_line,Retain zero source row; no July line is expected for this item/location.,oz,16,,
2026-07-31,9ca67bed-99ae-4f61-accd-55e616b19049,b034c580-f7e7-463f-959e-9862fea58ff5,3849,915adcc5-d198-488b-8e9c-fbe4660e0211,SAUCE CHEESE CHDR SHARP,186025,persisted resolved_inventory_item_id,cb435ac7-ec76-48c5-9897-e6ec791d2701,cb435ac7-ec76-48c5-9897-e6ec791d2701;f9e13c91-ebbe-4c6b-9933-5dd76ae36ccd,Main Walk-in,SAUCE CHEESE CHDR SHARP Cheney Brothers 6 / 0 OZ,6/111 OZ,6,111,1,OZ,Case,0,Pack,0, OZ,0,0,0,0,0,0,,,,,,,,,,,,1,,,,,,"zero, no line",zero source count; no line expected,zero_source_no_line,Retain zero source row; no July line is expected for this item/location.,oz,560,,
2026-07-31,9ca67bed-99ae-4f61-accd-55e616b19049,b32f4ad9-97a0-40a9-91df-93b9535811f0,3895,512f9b4b-fd6a-4a23-9dcc-481222671d9b,Tofu - Firm,7104616,persisted resolved_inventory_item_id,ac0b7a43-f089-4f3d-a6ae-da5fb5adeb7b,ac0b7a43-f089-4f3d-a6ae-da5fb5adeb7b;b0a43bcc-48dc-4f9e-a07c-12b521d01677,Main Walk-in,Tofu - Firm Sysco 12 / 0 OZ,12/16 OZ,12,16,1,OZ,Case,1.5,Pack,0, OZ,0,18,18,288,28.02,28.02,d64272ca-b078-4235-93b4-9e2cbb663000,164322cd-a4ca-4e6e-80c4-7f396c5e3bb8,Main Walk-in,85555087-8a50-4f1c-be7d-6da71cd57ff6,oz,18,1.5,0,0,1.5566666,28.019999,1,0,0.000001,0,0,0,qty/tier/value match,source total 18 differs from parsed pack/tier implication 288,unit_ambiguous,Ask operator what the dated Case/Pack/UOM tiers and source total meant; preserve quantities/value; do not infer units from current case size.,oz,228,,
2026-07-31,9ca67bed-99ae-4f61-accd-55e616b19049,9c8ee480-13d6-4462-8bae-10704bb9df5a,3896,2c9f7a4d-3d23-4b74-b9e0-a9b75bea9c2b,Tomato - Canned - Diced,156034,persisted resolved_inventory_item_id,0027a46d-289c-4e8b-8323-950d78255b19,0027a46d-289c-4e8b-8323-950d78255b19;8e939da1-7370-456a-b54f-3b737bfcfae8,Main Walk-in,Tomato - Canned - Diced Cheney Brothers 6 / 0 OZ,6/111 OZ,6,111,1,OZ,Case,0,Pack,0, OZ,0,0,0,0,0,0,,,,,,,,,,,,1,,,,,,"zero, no line",zero source count; no line expected,zero_source_no_line,Retain zero source row; no July line is expected for this item/location.,oz,613.76697,,
2026-07-31,9ca67bed-99ae-4f61-accd-55e616b19049,cb89fe1a-d2e5-48e1-aad5-2dc8c90a120b,3945,10583111-5a8e-4e29-a610-70b417cb023d,Banana Peppers,122028,persisted resolved_inventory_item_id,61068fc0-80bd-4760-86b2-c62971e63e9e,61068fc0-80bd-4760-86b2-c62971e63e9e;bd1cdd5f-3239-4b9b-8ea7-aaa7d14219ef,Bay Window,Banana Peppers Cheney Brothers 4 / 0 GAL,4/1 GAL,4,1,1,GAL,Case,0,Pack,0, GAL,1,1,1,1,12.13,12.13,d64272ca-b078-4235-93b4-9e2cbb663000,4deffa38-12da-4136-8d9c-831ebf8a49f0,Bay Window,a8bff8f8-9b74-41e8-aa07-d2eb029bf10a,ml,1,0,0,1,12.13,12.13,1,0,0,0,0,0,qty/tier/value match,source GAL total saved numerically as ml without conversion,saved_unit_mismatch,Review original count unit and valuation/unit-cost identity with operator/PM; preserve approved qty/value pending separate correction authorization.,ml,3785.41,,
2026-07-31,9ca67bed-99ae-4f61-accd-55e616b19049,daba11f6-95a8-4d79-814d-902f77b23e37,3949,22fa2ae0-8e78-481b-9ac8-e31c6fe00795,BBQ KC Masterpeice,5663695,persisted resolved_inventory_item_id,801a0430-4190-4ef9-b70c-6284fe37bb66,801a0430-4190-4ef9-b70c-6284fe37bb66;811ecc99-2c32-4d5f-abe0-11669dc6ec3f,Bay Window,BBQ KC Masterpeice Sysco 1 / 0 GAL,1/4 GAL,1,4,1,GAL,Case,0,Pack,0, GAL,1,1,1,1,12.22,12.22,d64272ca-b078-4235-93b4-9e2cbb663000,7d23b58b-e6c7-49d0-9647-1df02a7dd734,Bay Window,a8bff8f8-9b74-41e8-aa07-d2eb029bf10a,ml,1,0,0,1,12.22,12.22,1,0,0,0,0,0,qty/tier/value match,source GAL total saved numerically as ml without conversion,saved_unit_mismatch,Review original count unit and valuation/unit-cost identity with operator/PM; preserve approved qty/value pending separate correction authorization.,ml,15141.64,,
2026-07-31,9ca67bed-99ae-4f61-accd-55e616b19049,442d1236-3b08-4043-ae6d-5db736182ab1,3968,ebc6688b-fe9b-4f2e-b12f-7ef33b6c5a3e,CAPPUCCINO CREAMER Busy bean,30001,persisted resolved_inventory_item_id,afae66e7-bfaa-4b05-9ba3-c867dcc1ba91,287ba8ef-e5f4-4c5b-8fa7-80ea681756f3;afae66e7-bfaa-4b05-9ba3-c867dcc1ba91,Bay Window,CAPPUCCINO CREAMER Busy bean Busy Bean Coffee 1 / 1 Case,1/1 Case,1,1,,CASE,Case,0,Pack,1, Case,0,1,1,1,103.55,103.55,d64272ca-b078-4235-93b4-9e2cbb663000,d667291a-dc8b-4517-81a8-53663641ae38,Bay Window,229577eb-ed5b-49e1-8241-5291b26f9075,ea,1,0,1,0,103.55,103.55,1,0,0,0,0,0,qty/tier/value match,source tier or physical package unit is opaque,unit_ambiguous,Ask operator what the dated Case/Pack/UOM tiers and source total meant; preserve quantities/value; do not infer units from current case size.,ea,1,,
2026-07-31,9ca67bed-99ae-4f61-accd-55e616b19049,709dc393-f05e-467e-be54-b8ff1d774acc,3971,b7d1e7af-ebb1-410f-96da-f2e7e9b52d6c,Celery,cel36,persisted resolved_inventory_item_id,,e16497fc-9aa7-45f0-98b8-7fd0c6a375c9,Bay Window,"Celery Harvill's Produce Co., Inc. 1 / 0 EA",1/36 EA,1,36,1,EA,Case,0,Pack,0, EA,2,2,2,2,1.78,1.78,d64272ca-b078-4235-93b4-9e2cbb663000,61765ce8-6afe-444b-a513-77ae06ff6eca,Bay Window,229577eb-ed5b-49e1-8241-5291b26f9075,ea,2,0,0,2,0.89,1.78,1,0,0,0,0,0,qty/tier/value match,source total is in the declared saved unit on this evidence,unit_congruent,Numeric and declared-unit continuity supported; decide current physical package separately.,ea,36,,
2026-07-31,9ca67bed-99ae-4f61-accd-55e616b19049,4cbd64b6-a9fe-47ac-8e73-f4c81ac5e077,3972,1508bbda-a482-4d7c-80b3-93572b389e2d,Cheese - American Yellow Sliced,5132234,persisted resolved_inventory_item_id,eac7ded8-33c6-4432-9552-10a82ce59b91,b9d6d2d2-b289-472f-b979-0bd44a932801;eac7ded8-33c6-4432-9552-10a82ce59b91,Bay Window,Cheese - American Yellow Sliced Sysco 1 / 0 LB,1/5 LB,1,5,1,LB,Case,0,Pack,0, LB,3,3,3,3,9.25,9.25,d64272ca-b078-4235-93b4-9e2cbb663000,5a996f60-fde8-4531-9d8f-2b8ebf0604a6,Bay Window,85555087-8a50-4f1c-be7d-6da71cd57ff6,oz,3,0,0,3,3.0833333,9.25,1,0,0,0,0,0,qty/tier/value match,source LB total saved numerically as oz without conversion,saved_unit_mismatch,Review original count unit and valuation/unit-cost identity with operator/PM; preserve approved qty/value pending separate correction authorization.,oz,320,,
2026-07-31,9ca67bed-99ae-4f61-accd-55e616b19049,f1bdcbed-79ec-4372-8375-dc7507aec8b0,3981,530ffe84-5f03-4ebd-b7a0-41c293083fc3,Cheese - Swiss,31376,persisted resolved_inventory_item_id,ac84e0ce-282b-43f7-ba06-fd54b2afb4f5,2971e9ff-25d7-48ca-9cb8-5f271641afb2;ac84e0ce-282b-43f7-ba06-fd54b2afb4f5,Bay Window,Cheese - Swiss Mr. Green's Produce 2 / 0 LB,2/5 LB,2,5,1,LB,Case,0,Pack,0, LB,3,3,3,3,13.61,13.61,d64272ca-b078-4235-93b4-9e2cbb663000,375dabbd-4182-46ec-bd84-0d811a0c5254,Bay Window,85555087-8a50-4f1c-be7d-6da71cd57ff6,oz,3,0,0,3,4.536667,13.610001,1,0,-0.000001,0,0,0,qty/tier/value match,source LB total saved numerically as oz without conversion,saved_unit_mismatch,Review original count unit and valuation/unit-cost identity with operator/PM; preserve approved qty/value pending separate correction authorization.,oz,16,,
2026-07-31,9ca67bed-99ae-4f61-accd-55e616b19049,a4830ca9-d4b5-48d5-8f56-5e9d31363b41,4008,3ca92b83-df13-4dc6-8096-9f0debbddf29,Demi-Glace,,persisted resolved_inventory_item_id,,deb59134-411e-4c44-a1b8-e0c4494055fd,Bay Window,Demi-Glace  1 / 0 QT,1/36 QT,1,36,1,QT,Case,0,Pack,0, QT,2,2,2,2,106.14,106.14,d64272ca-b078-4235-93b4-9e2cbb663000,afd2bdf4-f955-4f71-a69d-951fed6aece0,Bay Window,a8bff8f8-9b74-41e8-aa07-d2eb029bf10a,ml,2,0,0,2,53.07,106.14,1,0,0,0,0,0,qty/tier/value match,source QT total saved numerically as ml without conversion,saved_unit_mismatch,Review original count unit and valuation/unit-cost identity with operator/PM; preserve approved qty/value pending separate correction authorization.,ml,24605.178,,
2026-07-31,9ca67bed-99ae-4f61-accd-55e616b19049,90add9d6-4c89-48e5-a264-b8fd37558e52,4030,09f21d3a-2dd9-4904-b944-6db46bf851fd,Grapefruit juice white,10137744,persisted resolved_inventory_item_id,699c26ca-340e-4ccf-9411-d0f1f38c8d9d,699c26ca-340e-4ccf-9411-d0f1f38c8d9d;a3a4bbc6-dd93-4c78-996e-aed13d2410fc,Bay Window,Grapefruit juice white Cheney Brothers 1 / 0 Case,1/24 Case,1,24,1,EA,Case,0,Pack,0, Case,0,0,0,0,0,0,,,,,,,,,,,,1,,,,,,"zero, no line",zero source count; no line expected,zero_source_no_line,Retain zero source row; no July line is expected for this item/location.,ea,24,,
2026-07-31,9ca67bed-99ae-4f61-accd-55e616b19049,085b68df-ea6b-4165-a748-569179275ece,4042,227e66c3-1250-4754-9f48-d44abbb6934a,Juice - Lemon,096255,persisted resolved_inventory_item_id,dba45920-9d40-4912-82ab-3d97a3ce29a1,165c5b28-96a8-4a29-bb52-1d1c08d15a8d;dba45920-9d40-4912-82ab-3d97a3ce29a1,Bay Window,Juice - Lemon Cheney Brothers 12 / 3 QT,12/1 QT,12,1,1,QT,Case,0,Pack,3, QT,0,3,3,3,10.1,10.1,d64272ca-b078-4235-93b4-9e2cbb663000,779f508f-0d83-4817-8edf-04c67c32dd09,Bay Window,a8bff8f8-9b74-41e8-aa07-d2eb029bf10a,ml,3,0,3,0,3.3666666,10.1,1,0,0,0,0,0,qty/tier/value match,source QT total saved numerically as ml without conversion,saved_unit_mismatch,Review original count unit and valuation/unit-cost identity with operator/PM; preserve approved qty/value pending separate correction authorization.,ml,15141.64,,
2026-07-31,9ca67bed-99ae-4f61-accd-55e616b19049,0978a718-5e66-479a-ba77-121204284e8c,4050,3fd5dbe7-46fc-4627-9deb-7e2147960f1f,Lobster - Claw and Knuckle meat,LOBSTER MEAT BROKEN CK 6 EA CLW/KNCKLE BROKEN,persisted resolved_inventory_item_id,,ae0e4d6d-6e4f-408e-916d-f45e10598e23,Bay Window,Lobster - Claw and Knuckle meat Samuels and Son Seafood Company 3 / 0 LB,3/2 LB,3,2,1,LB,Case,0,Pack,0, LB,6,6,6,6,84.99,84.99,d64272ca-b078-4235-93b4-9e2cbb663000,26ddf9c4-b43e-453f-b5d7-9cf03808ed57,Bay Window,85555087-8a50-4f1c-be7d-6da71cd57ff6,oz,6,0,0,6,14.165,84.99,1,0,0,0,0,0,qty/tier/value match,source LB total saved numerically as oz without conversion,saved_unit_mismatch,Review original count unit and valuation/unit-cost identity with operator/PM; preserve approved qty/value pending separate correction authorization.,oz,192,,
2026-07-31,9ca67bed-99ae-4f61-accd-55e616b19049,fc96487a-68d2-4dd0-ba75-aa1d14fafeed,4057,2082515d-2b87-4407-b413-1362165c524f,Milk - Whole,4676306,persisted resolved_inventory_item_id,3b6a77c4-f90f-4f7d-8b60-0551243d26ee,07846144-dea3-4b9c-920e-a6a0a36800de;3b6a77c4-f90f-4f7d-8b60-0551243d26ee,Bay Window,Milk - Whole Sysco 1 / 0 GAL,1/1 GAL,1,1,1,GAL,Case,0.33,Pack,0, GAL,0,0.33,0.33,0.33,2.37,2.37,d64272ca-b078-4235-93b4-9e2cbb663000,dcc04eb9-b0cf-44ae-b047-cc4f1484fbe6,Bay Window,a8bff8f8-9b74-41e8-aa07-d2eb029bf10a,ml,0.33,0.33,0,0,7.181818,2.37,1,0,0,0,0,0,qty/tier/value match,source GAL total saved numerically as ml without conversion,saved_unit_mismatch,Review original count unit and valuation/unit-cost identity with operator/PM; preserve approved qty/value pending separate correction authorization.,ml,15141.64,,
2026-07-31,9ca67bed-99ae-4f61-accd-55e616b19049,eba594ec-b7a6-4818-b551-d2f4c7fc2cb5,4083,e7b411b3-a4fd-4a7b-b23c-603ee64bbcb9,Pepperoni,3541394,persisted resolved_inventory_item_id,4139588d-387f-4d36-8577-bfed7a410328,354c9297-9c72-475c-a0a2-4cf3180480f1;4139588d-387f-4d36-8577-bfed7a410328;8c97bd3c-756f-4112-ac97-400aebc76cc4;9ffa64e4-74e8-4b22-b294-b9ddfd2a8a2c,Bay Window,Pepperoni Sysco 2 / 0.5 LB,2/5 LB,2,5,1,LB,Case,0,Pack,0.5, LB,0,2.5,2.5,2.5,12.34,12.34,d64272ca-b078-4235-93b4-9e2cbb663000,ef9f1b17-1b21-4542-b1fa-4082f61afd17,Bay Window,85555087-8a50-4f1c-be7d-6da71cd57ff6,oz,2.5,0,0.5,0,4.936,12.34,1,0,0,0,0,0,qty/tier/value match,source LB total saved numerically as oz without conversion,saved_unit_mismatch,Review original count unit and valuation/unit-cost identity with operator/PM; preserve approved qty/value pending separate correction authorization.,lb,10,,
2026-07-31,9ca67bed-99ae-4f61-accd-55e616b19049,4a422f10-7678-4d65-b996-7fc06c7ce024,4084,9a02c849-8ef8-4cbe-b973-88791f66f13e,Peppers - Green,20630,persisted resolved_inventory_item_id,783c38b0-0c20-4cdb-a2ae-eb585331fb82,62ec2242-a074-46e5-b133-913220c843fd;783c38b0-0c20-4cdb-a2ae-eb585331fb82,Bay Window,Peppers - Green Mr. Green's Produce 1 / 0 LB,1/5 LB,1,5,1,LB,Case,0,Pack,0, LB,3,3,3,3,10.15,10.15,d64272ca-b078-4235-93b4-9e2cbb663000,fae3cb3a-6723-4efd-8c23-27d21ba3ba2e,Bay Window,85555087-8a50-4f1c-be7d-6da71cd57ff6,oz,3,0,0,3,3.3833334,10.15,1,0,0,0,0,0,qty/tier/value match,source LB total saved numerically as oz without conversion,saved_unit_mismatch,Review original count unit and valuation/unit-cost identity with operator/PM; preserve approved qty/value pending separate correction authorization.,oz,16,,
2026-07-31,9ca67bed-99ae-4f61-accd-55e616b19049,767365a7-dd53-4dc8-af7e-cae0eaab9b5a,4090,a8be19c6-1d9f-43fe-a49f-570b37e903f1,Pork - Loin Chop,39-14120,persisted resolved_inventory_item_id,18be10de-f29f-4309-9892-89ede8592166,18be10de-f29f-4309-9892-89ede8592166;940c8393-d1a5-4ab0-aba3-db9a80eac512,Bay Window,Pork - Loin Chop Halperns 1 / 0 LB,1/1 LB,1,1,1,LB,Case,0,Pack,0, LB,0,0,0,0,0,0,,,,,,,,,,,,1,,,,,,"zero, no line",zero source count; no line expected,zero_source_no_line,Retain zero source row; no July line is expected for this item/location.,oz,160,,
2026-07-31,9ca67bed-99ae-4f61-accd-55e616b19049,60029c3d-e0de-4f4e-b128-01328fbcc19e,4102,052d6fd9-4248-46a8-9fe7-c288e6fdbd92,San Pellegrino,,persisted resolved_inventory_item_id,,3fba41a5-d6b7-4db8-b57c-3460ee92cefa,Bay Window,San Pellegrino  1 / 0 EA,1/12 EA,1,12,1,EA,Case,0.5,Pack,0, EA,0,6,6,6,12.47,12.47,d64272ca-b078-4235-93b4-9e2cbb663000,88b17e51-78c1-434b-9864-bc6695a86e44,Bay Window,a8bff8f8-9b74-41e8-aa07-d2eb029bf10a,ml,6,0.5,0,0,2.0783334,12.47,1,0,0,0,0,0,qty/tier/value match,source EA total saved numerically as ml without conversion,saved_unit_mismatch,Review original count unit and valuation/unit-cost identity with operator/PM; preserve approved qty/value pending separate correction authorization.,ml,11250,,
2026-07-31,9ca67bed-99ae-4f61-accd-55e616b19049,695fd3fa-31aa-4c81-9c82-036cae8710d4,4109,87812bf0-6ecb-4ae6-81d8-25fb701d17d3,Shrimp - 16-20,shrimp pd 16/20 t/off,persisted resolved_inventory_item_id,,4889659f-b860-4870-b9bf-419a6632cd57,Bay Window,Shrimp - 16-20 Samuels and Son Seafood Company 1 / 0 LB,1/1 LB,1,1,1,LB,Case,4,Pack,0, LB,0,4,4,4,35.18,35.18,d64272ca-b078-4235-93b4-9e2cbb663000,dfb4c03b-cfe1-4d17-aee5-d0032b1d29ea,Bay Window,85555087-8a50-4f1c-be7d-6da71cd57ff6,oz,4,4,0,0,8.795,35.18,1,0,0,0,0,0,qty/tier/value match,source LB total saved numerically as oz without conversion,saved_unit_mismatch,Review original count unit and valuation/unit-cost identity with operator/PM; preserve approved qty/value pending separate correction authorization.,oz,160,,
2026-07-31,9ca67bed-99ae-4f61-accd-55e616b19049,1301fccc-c32b-46ba-9166-e9c3eed71f4a,4143,832f40cc-032b-44ff-a0b6-52e66eaf344c,Apples - Red Delicious,11017,persisted resolved_inventory_item_id,4096b5a5-e199-45b8-9066-65bb4a80a675,4096b5a5-e199-45b8-9066-65bb4a80a675;be008495-eaea-4ad6-9464-ae3d0e98ff88,Cafe,Apples - Red Delicious Mr. Green's Produce 1 / 0 EA,1/72 EA,1,72,1,EA,Case,0,Pack,0, EA,4,4,4,4,2.05,2.05,d64272ca-b078-4235-93b4-9e2cbb663000,9c9c8b88-c1a0-41ed-aee6-aa54d1a5e846,Cafe,229577eb-ed5b-49e1-8241-5291b26f9075,ea,4,0,0,4,0.5125,2.05,1,0,0,0,0,0,qty/tier/value match,source total is in the declared saved unit on this evidence,unit_congruent,Numeric and declared-unit continuity supported; decide current physical package separately.,ea,40,,
2026-07-31,9ca67bed-99ae-4f61-accd-55e616b19049,d279c60b-ab72-40c2-a139-436c66c97d6b,4144,f84cd047-ef9b-4b18-80b6-8f17033f493a,Arugula,HERBARR15,persisted resolved_inventory_item_id,799ee6f5-eea2-49c3-aa74-e9a5b6142e76,53a2f1c0-5756-4e85-94ec-c0572faf55e4;799ee6f5-eea2-49c3-aa74-e9a5b6142e76,Cafe,"Arugula Harvill's Produce Co., Inc. 1 / 0 LB",1/1.5 LB,1,1.5,1,LB,Case,0,Pack,0, LB,0,0,0,0,0,0,,,,,,,,,,,,1,,,,,,"zero, no line",zero source count; no line expected,zero_source_no_line,Retain zero source row; no July line is expected for this item/location.,oz,48,,
2026-07-31,9ca67bed-99ae-4f61-accd-55e616b19049,ce8d3e1c-eac3-4344-870e-6148c8d49a4e,4145,e5e23d06-d348-43bd-af0d-1f74b255424d,Asst Lays Chips,10181414,persisted resolved_inventory_item_id,00425058-a9b7-4078-8e5d-c9fcac7119e4,00425058-a9b7-4078-8e5d-c9fcac7119e4;8144bf5f-5366-4204-b78c-20997795ffc5,Cafe,Asst Lays Chips Cheney Brothers 1 / 0 EA,1/30 EA,1,30,1,EA,Case,1,Pack,0, EA,0,30,30,30,46.85,46.85,d64272ca-b078-4235-93b4-9e2cbb663000,6de4cfeb-6779-4f7f-bbb4-e086e346c21a,Cafe,229577eb-ed5b-49e1-8241-5291b26f9075,ea,30,1,0,0,1.5616666,46.849998,1,0,0.000002,0,0,0,qty/tier/value match,source total is in the declared saved unit on this evidence,unit_congruent,Numeric and declared-unit continuity supported; decide current physical package separately.,ea,60,1,60
2026-07-31,9ca67bed-99ae-4f61-accd-55e616b19049,ba187a1e-bea5-4ed6-9be4-2019c0baeb78,4154,22fa2ae0-8e78-481b-9ac8-e31c6fe00795,BBQ KC Masterpeice,5663695,persisted resolved_inventory_item_id,801a0430-4190-4ef9-b70c-6284fe37bb66,801a0430-4190-4ef9-b70c-6284fe37bb66;811ecc99-2c32-4d5f-abe0-11669dc6ec3f,Cafe,BBQ KC Masterpeice Sysco 1 / 0 GAL,1/4 GAL,1,4,1,GAL,Case,0.25,Pack,0, GAL,0,1,1,1,12.22,12.22,d64272ca-b078-4235-93b4-9e2cbb663000,a5832c1e-31c8-4672-b228-fc89f00efd20,Cafe,a8bff8f8-9b74-41e8-aa07-d2eb029bf10a,ml,1,0.25,0,0,12.22,12.22,1,0,0,0,0,0,qty/tier/value match,source GAL total saved numerically as ml without conversion,saved_unit_mismatch,Review original count unit and valuation/unit-cost identity with operator/PM; preserve approved qty/value pending separate correction authorization.,ml,15141.64,,
2026-07-31,9ca67bed-99ae-4f61-accd-55e616b19049,47c2eca0-f25a-4f4e-8a44-7dc06e610e3b,4169,f16087c9-fb87-4d67-a253-621a31611824,Cabbage - Red,CABRDLB,persisted resolved_inventory_item_id,,15cc0f3e-d5f7-4bc6-9710-129b617e0813,Cafe,"Cabbage - Red Harvill's Produce Co., Inc. 1 / 2 LB",1/1 LB,1,1,1,LB,Case,0,Pack,2, LB,0,2,2,2,1.7,1.7,d64272ca-b078-4235-93b4-9e2cbb663000,38f81425-cff0-45d8-b5e2-e3b643fe8d1c,Cafe,85555087-8a50-4f1c-be7d-6da71cd57ff6,oz,2,0,2,0,0.85,1.7,1,0,0,0,0,0,qty/tier/value match,source LB total saved numerically as oz without conversion,saved_unit_mismatch,Review original count unit and valuation/unit-cost identity with operator/PM; preserve approved qty/value pending separate correction authorization.,oz,160,,
2026-07-31,9ca67bed-99ae-4f61-accd-55e616b19049,b3c2f733-d0f1-477f-b0f3-af0746535cb1,4170,5413aa19-e7a0-4681-9552-88b9386ee1e8,Cabbage - Slaw Mix,4966146,persisted resolved_inventory_item_id,0f3bb576-74fd-4c2e-96ee-38c43da53051,0f3bb576-74fd-4c2e-96ee-38c43da53051;ec5e3b24-af91-4771-a8eb-b64130cef07b,Cafe,Cabbage - Slaw Mix Sysco 4 / 0 LB,4/2 LB,4,2,1,LB,Case,0,Pack,0, LB,0,0,0,0,0,0,,,,,,,,,,,,1,,,,,,"zero, no line",zero source count; no line expected,zero_source_no_line,Retain zero source row; no July line is expected for this item/location.,oz,128,,
2026-07-31,9ca67bed-99ae-4f61-accd-55e616b19049,51bdc637-977e-4312-af07-ee78979b8c8a,4179,1508bbda-a482-4d7c-80b3-93572b389e2d,Cheese - American Yellow Sliced,5132234,persisted resolved_inventory_item_id,eac7ded8-33c6-4432-9552-10a82ce59b91,b9d6d2d2-b289-472f-b979-0bd44a932801;eac7ded8-33c6-4432-9552-10a82ce59b91,Cafe,Cheese - American Yellow Sliced Sysco 1 / 0 LB,1/5 LB,1,5,1,LB,Case,1,Pack,0, LB,0,5,5,5,15.41,15.41,d64272ca-b078-4235-93b4-9e2cbb663000,420d6ebb-d8b2-4ffc-b4f8-039493dc4bd7,Cafe,85555087-8a50-4f1c-be7d-6da71cd57ff6,oz,5,1,0,0,3.082,15.41,1,0,0,0,0,0,qty/tier/value match,source LB total saved numerically as oz without conversion,saved_unit_mismatch,Review original count unit and valuation/unit-cost identity with operator/PM; preserve approved qty/value pending separate correction authorization.,oz,320,,
2026-07-31,9ca67bed-99ae-4f61-accd-55e616b19049,f543ab99-026d-46f7-ac93-27b537412c90,4183,530ffe84-5f03-4ebd-b7a0-41c293083fc3,Cheese - Swiss,31376,persisted resolved_inventory_item_id,ac84e0ce-282b-43f7-ba06-fd54b2afb4f5,2971e9ff-25d7-48ca-9cb8-5f271641afb2;ac84e0ce-282b-43f7-ba06-fd54b2afb4f5,Cafe,Cheese - Swiss Mr. Green's Produce 2 / 0 LB,2/5 LB,2,5,1,LB,Case,0,Pack,0, LB,1,1,1,1,4.54,4.54,d64272ca-b078-4235-93b4-9e2cbb663000,01d889df-ed30-41f5-be38-de39c6bb8346,Cafe,85555087-8a50-4f1c-be7d-6da71cd57ff6,oz,1,0,0,1,4.54,4.54,1,0,0,0,0,0,qty/tier/value match,source LB total saved numerically as oz without conversion,saved_unit_mismatch,Review original count unit and valuation/unit-cost identity with operator/PM; preserve approved qty/value pending separate correction authorization.,oz,16,,
2026-07-31,9ca67bed-99ae-4f61-accd-55e616b19049,df03d35d-5f4f-4c25-8686-52e7452c7ba9,4202,bf7d61ea-6303-4949-9b35-cd37f8ab8521,Dijon PC,,persisted resolved_inventory_item_id,,0c33ee56-17f5-4ce5-aa5a-5540a824954f,Cafe,Dijon PC  1 / 0.25 Case,1/200 Case,1,200,1,EA,Case,0,Pack,0.25, Case,0,50,50,50,6.01,6.01,d64272ca-b078-4235-93b4-9e2cbb663000,3b1d0362-db62-468e-ad84-22cce81be96b,Cafe,229577eb-ed5b-49e1-8241-5291b26f9075,ea,50,0,0.25,0,0.1202,6.01,1,0,0,0,0,0,qty/tier/value match,source tier or physical package unit is opaque,unit_ambiguous,Ask operator what the dated Case/Pack/UOM tiers and source total meant; preserve quantities/value; do not infer units from current case size.,ea,200,,
2026-07-31,9ca67bed-99ae-4f61-accd-55e616b19049,09d040df-b769-45e7-b3a4-bbc76c4c1b83,4224,09f21d3a-2dd9-4904-b944-6db46bf851fd,Grapefruit juice white,10137744,persisted resolved_inventory_item_id,699c26ca-340e-4ccf-9411-d0f1f38c8d9d,699c26ca-340e-4ccf-9411-d0f1f38c8d9d;a3a4bbc6-dd93-4c78-996e-aed13d2410fc,Cafe,Grapefruit juice white Cheney Brothers 1 / 0 Case,1/24 Case,1,24,1,EA,Case,0,Pack,0, Case,0,0,0,0,0,0,,,,,,,,,,,,1,,,,,,"zero, no line",zero source count; no line expected,zero_source_no_line,Retain zero source row; no July line is expected for this item/location.,ea,24,,
2026-07-31,9ca67bed-99ae-4f61-accd-55e616b19049,a3d954da-8dd3-44fe-a79f-c26677a2854a,4229,ed26e500-dd37-40ac-b77f-8538cd12e994,Hoagie Roll,7223108,persisted resolved_inventory_item_id,b91c348a-9435-4153-88bc-adc5a133dcd9,4355879c-bf88-429b-b850-6710566b7af0;b91c348a-9435-4153-88bc-adc5a133dcd9,Cafe,Hoagie Roll Sysco 12 / 0 EA,12/6 EA,12,6,1,EA,Case,0,Pack,0, EA,0,0,0,0,0,0,,,,,,,,,,,,1,,,,,,"zero, no line",zero source count; no line expected,zero_source_no_line,Retain zero source row; no July line is expected for this item/location.,ea,1,,
2026-07-31,9ca67bed-99ae-4f61-accd-55e616b19049,46c79a1c-bae0-4a69-b124-e06e6bb462e3,4243,227e66c3-1250-4754-9f48-d44abbb6934a,Juice - Lemon,096255,persisted resolved_inventory_item_id,dba45920-9d40-4912-82ab-3d97a3ce29a1,165c5b28-96a8-4a29-bb52-1d1c08d15a8d;dba45920-9d40-4912-82ab-3d97a3ce29a1,Cafe,Juice - Lemon Cheney Brothers 12 / 4 QT,12/1 QT,12,1,1,QT,Case,0,Pack,4, QT,0,4,4,4,13.47,13.47,d64272ca-b078-4235-93b4-9e2cbb663000,0a3e7c5b-8f0f-4324-a87a-00df04fa9c99,Cafe,a8bff8f8-9b74-41e8-aa07-d2eb029bf10a,ml,4,0,4,0,3.3675,13.47,1,0,0,0,0,0,qty/tier/value match,source QT total saved numerically as ml without conversion,saved_unit_mismatch,Review original count unit and valuation/unit-cost identity with operator/PM; preserve approved qty/value pending separate correction authorization.,ml,15141.64,,
2026-07-31,9ca67bed-99ae-4f61-accd-55e616b19049,e41e00a7-ce9d-458b-9830-b535759f4d65,4249,50e5d27d-e7bb-420a-85e2-780e2ea9e134,Lemonade,098155,persisted resolved_inventory_item_id,2b4642d7-bfcd-4056-be29-6046b7b30997,2b4642d7-bfcd-4056-be29-6046b7b30997;63c937ed-ecbe-4d94-97d0-a1bdc5005e2d,Cafe,Lemonade Cheney Brothers 15 / 0 GAL,15/2 GAL,15,2,1,GAL,Case,0,Pack,0, GAL,0,0,0,0,0,0,,,,,,,,,,,,1,,,,,,"zero, no line",zero source count; no line expected,zero_source_no_line,Retain zero source row; no July line is expected for this item/location.,oz,210,,
2026-07-31,9ca67bed-99ae-4f61-accd-55e616b19049,6d8e62a9-9b4a-43f8-94ce-8dc9bef8c3d4,4263,2082515d-2b87-4407-b413-1362165c524f,Milk - Whole,4676306,persisted resolved_inventory_item_id,3b6a77c4-f90f-4f7d-8b60-0551243d26ee,07846144-dea3-4b9c-920e-a6a0a36800de;3b6a77c4-f90f-4f7d-8b60-0551243d26ee,Cafe,Milk - Whole Sysco 1 / 0 GAL,1/1 GAL,1,1,1,GAL,Case,1,Pack,0, GAL,0,1,1,1,7.18,7.18,d64272ca-b078-4235-93b4-9e2cbb663000,d0590fe3-ed6c-441e-8e07-a8c83cf18c92,Cafe,a8bff8f8-9b74-41e8-aa07-d2eb029bf10a,ml,1,1,0,0,7.18,7.18,1,0,0,0,0,0,qty/tier/value match,source GAL total saved numerically as ml without conversion,saved_unit_mismatch,Review original count unit and valuation/unit-cost identity with operator/PM; preserve approved qty/value pending separate correction authorization.,ml,15141.64,,
2026-07-31,9ca67bed-99ae-4f61-accd-55e616b19049,2fb15b5e-8909-4037-a103-2d00ed56b758,4289,6dc046ec-1ebe-448b-89c2-9d8dc31644a2,Onions - Yellow,onijum,persisted resolved_inventory_item_id,,c8b16036-bfd5-449d-8f6c-2b3c6e44b83b,Cafe,"Onions - Yellow Harvill's Produce Co., Inc. 1 / 0 LB",1/50 LB,1,50,1,LB,Case,0,Pack,0, LB,5,5,5,5,3.04,3.04,d64272ca-b078-4235-93b4-9e2cbb663000,4982594d-3fe8-4e1f-9a3a-fbb8dda9a311,Cafe,85555087-8a50-4f1c-be7d-6da71cd57ff6,oz,5,0,0,5,0.608,3.04,1,0,0,0,0,0,qty/tier/value match,source LB total saved numerically as oz without conversion,saved_unit_mismatch,Review original count unit and valuation/unit-cost identity with operator/PM; preserve approved qty/value pending separate correction authorization.,oz,80,,
2026-07-31,9ca67bed-99ae-4f61-accd-55e616b19049,7ba367a2-b772-4849-a01b-8c71e49918b3,4303,e7b411b3-a4fd-4a7b-b23c-603ee64bbcb9,Pepperoni,3541394,persisted resolved_inventory_item_id,4139588d-387f-4d36-8577-bfed7a410328,354c9297-9c72-475c-a0a2-4cf3180480f1;4139588d-387f-4d36-8577-bfed7a410328;8c97bd3c-756f-4112-ac97-400aebc76cc4;9ffa64e4-74e8-4b22-b294-b9ddfd2a8a2c,Cafe,Pepperoni Sysco 2 / 0 LB,2/5 LB,2,5,1,LB,Case,0,Pack,0, LB,0,0,0,0,0,0,,,,,,,,,,,,1,,,,,,"zero, no line",zero source count; no line expected,zero_source_no_line,Retain zero source row; no July line is expected for this item/location.,lb,10,,
2026-07-31,9ca67bed-99ae-4f61-accd-55e616b19049,5961e256-429d-4a81-b0d2-87ddbabc66f5,4304,9a02c849-8ef8-4cbe-b973-88791f66f13e,Peppers - Green,20630,persisted resolved_inventory_item_id,783c38b0-0c20-4cdb-a2ae-eb585331fb82,62ec2242-a074-46e5-b133-913220c843fd;783c38b0-0c20-4cdb-a2ae-eb585331fb82,Cafe,Peppers - Green Mr. Green's Produce 1 / 0 LB,1/5 LB,1,5,1,LB,Case,0,Pack,0, LB,2,2,2,2,6.77,6.77,d64272ca-b078-4235-93b4-9e2cbb663000,10e5542b-0d62-4acc-bdee-177eee2eb11a,Cafe,85555087-8a50-4f1c-be7d-6da71cd57ff6,oz,2,0,0,2,3.385,6.77,1,0,0,0,0,0,qty/tier/value match,source LB total saved numerically as oz without conversion,saved_unit_mismatch,Review original count unit and valuation/unit-cost identity with operator/PM; preserve approved qty/value pending separate correction authorization.,oz,16,,
2026-07-31,9ca67bed-99ae-4f61-accd-55e616b19049,0a91dcb0-c560-45eb-958f-5ece8b74e4da,4333,87812bf0-6ecb-4ae6-81d8-25fb701d17d3,Shrimp - 16-20,shrimp pd 16/20 t/off,persisted resolved_inventory_item_id,,4889659f-b860-4870-b9bf-419a6632cd57,Cafe,Shrimp - 16-20 Samuels and Son Seafood Company 1 / 0 LB,1/1 LB,1,1,1,LB,Case,4,Pack,0, LB,0,4,4,4,35.18,35.18,d64272ca-b078-4235-93b4-9e2cbb663000,a748b3f6-dd7e-448d-9bcd-faa0baba0acd,Cafe,85555087-8a50-4f1c-be7d-6da71cd57ff6,oz,4,4,0,0,8.795,35.18,1,0,0,0,0,0,qty/tier/value match,source LB total saved numerically as oz without conversion,saved_unit_mismatch,Review original count unit and valuation/unit-cost identity with operator/PM; preserve approved qty/value pending separate correction authorization.,oz,160,,
2026-07-31,9ca67bed-99ae-4f61-accd-55e616b19049,daae4539-62f8-4b38-8b3f-f957fb104904,4334,84b198a1-8345-448f-8b26-865299153f1b,Shrimp - 70-90,7952310,persisted resolved_inventory_item_id,494f334a-bd22-4978-b986-6813268b503e,494f334a-bd22-4978-b986-6813268b503e;df3dc515-255e-40f0-abfc-592de57a408f,Cafe,Shrimp - 70-90 Sysco 1 / 0 LB,1/10 LB,1,10,1,LB,Case,1,Pack,0, LB,0,10,10,10,49.54,49.54,d64272ca-b078-4235-93b4-9e2cbb663000,9e5ebf95-3ddc-4e22-9461-0057f763c16d,Cafe,85555087-8a50-4f1c-be7d-6da71cd57ff6,oz,10,1,0,0,4.954,49.54,1,0,0,0,0,0,qty/tier/value match,source LB total saved numerically as oz without conversion,saved_unit_mismatch,Review original count unit and valuation/unit-cost identity with operator/PM; preserve approved qty/value pending separate correction authorization.,oz,160,,
2026-07-31,9ca67bed-99ae-4f61-accd-55e616b19049,93689315-099b-41e7-b251-a79c5cbb5aae,4358,ab085b7e-968f-489a-8441-5d5267a2378b,Tuna,4434235,persisted resolved_inventory_item_id,faa67824-170c-420d-902c-34a1d9d70a7f,c67b9d79-d184-421b-b535-6d21510a8eb6;faa67824-170c-420d-902c-34a1d9d70a7f,Cafe,Tuna Sysco 1 / 0 LB,1/10 LB,1,10,1,LB,Case,0,Pack,0, LB,0,0,0,0,0,0,,,,,,,,,,,,1,,,,,,"zero, no line",zero source count; no line expected,zero_source_no_line,Retain zero source row; no July line is expected for this item/location.,oz,160,,
2026-07-31,9ca67bed-99ae-4f61-accd-55e616b19049,d7a92be7-6664-44fe-97f0-f7fa8e38c9c0,4365,686b2d0b-7852-40fe-ae11-2e7c75945858,Veggie Burger,5090992,persisted resolved_inventory_item_id,e03069e7-bfce-4e07-ad0d-0416af2e6de0,5042412e-7249-42da-8246-dc565abfec67;e03069e7-bfce-4e07-ad0d-0416af2e6de0,Cafe,Veggie Burger Sysco 32 / 0 OZ,32/6 OZ,32,6,1,OZ,Case,0,Pack,0, OZ,0,0,0,0,0,0,,,,,,,,,,,,1,,,,,,"zero, no line",zero source count; no line expected,zero_source_no_line,Retain zero source row; no July line is expected for this item/location.,oz,159.5,,
2026-07-31,9ca67bed-99ae-4f61-accd-55e616b19049,5b79d75d-6955-4f8d-8a3d-044c514964fc,4381,3ca92b83-df13-4dc6-8096-9f0debbddf29,Demi-Glace,,persisted resolved_inventory_item_id,,deb59134-411e-4c44-a1b8-e0c4494055fd,Quart freezer,Demi-Glace  1 / 0 QT,1/36 QT,1,36,1,QT,Case,0.5,Pack,0, QT,1.5,19.5,19.5,19.5,1034.84,1034.84,d64272ca-b078-4235-93b4-9e2cbb663000,702df5c4-3343-4775-b8d6-2fa919478414,Quart freezer,a8bff8f8-9b74-41e8-aa07-d2eb029bf10a,ml,19.5,0.5,0,1.5,53.068718,1034.840001,1,0,-0.000001,0,0,0,qty/tier/value match,source QT total saved numerically as ml without conversion,saved_unit_mismatch,Review original count unit and valuation/unit-cost identity with operator/PM; preserve approved qty/value pending separate correction authorization.,ml,24605.178,,
2026-07-31,9ca67bed-99ae-4f61-accd-55e616b19049,d458c527-0e9d-4d59-ab2a-01ded90475a4,4424,ed26e500-dd37-40ac-b77f-8538cd12e994,Hoagie Roll,7223108,persisted resolved_inventory_item_id,b91c348a-9435-4153-88bc-adc5a133dcd9,4355879c-bf88-429b-b850-6710566b7af0;b91c348a-9435-4153-88bc-adc5a133dcd9,Bread Reach-in,Hoagie Roll Sysco 12 / 0 EA,12/6 EA,12,6,1,EA,Case,0,Pack,0, EA,0,0,0,0,0,0,,,,,,,,,,,,1,,,,,,"zero, no line",zero source count; no line expected,zero_source_no_line,Retain zero source row; no July line is expected for this item/location.,ea,1,,
2026-07-31,9ca67bed-99ae-4f61-accd-55e616b19049,ec6df6e7-94ad-4b2f-a442-697d63d58ae9,4489,09f21d3a-2dd9-4904-b944-6db46bf851fd,Grapefruit juice white,10137744,persisted resolved_inventory_item_id,699c26ca-340e-4ccf-9411-d0f1f38c8d9d,699c26ca-340e-4ccf-9411-d0f1f38c8d9d;a3a4bbc6-dd93-4c78-996e-aed13d2410fc,Dry Storeroom,Grapefruit juice white Cheney Brothers 1 / 0 Case,1/24 Case,1,24,1,EA,Case,0.25,Pack,0, Case,0,6,6,6,7.65,7.65,d64272ca-b078-4235-93b4-9e2cbb663000,de590136-b0b6-4989-b9a7-f843ee4b0f74,Dry Storeroom,229577eb-ed5b-49e1-8241-5291b26f9075,ea,6,0.25,0,0,1.275,7.65,1,0,0,0,0,0,qty/tier/value match,source tier or physical package unit is opaque,unit_ambiguous,Ask operator what the dated Case/Pack/UOM tiers and source total meant; preserve quantities/value; do not infer units from current case size.,ea,24,,
2026-07-31,9ca67bed-99ae-4f61-accd-55e616b19049,edcad053-0d89-45a8-91ac-6e4faaa0ab51,4492,cc340f68-814a-4bce-bb72-1c68330d3e7a,DRINK GATORADE G2 FRUIT PUNCH,098019,persisted resolved_inventory_item_id,,e8a71125-6b1a-49f0-94c3-e0b0915df9e4,Dry Storeroom,DRINK GATORADE G2 FRUIT PUNCH Cheney Brothers 1 / 0 EA,1/24 EA,1,24,1,EA,Case,0,Pack,0, EA,0,0,0,0,0,0,,,,,,,,,,,,1,,,,,,"zero, no line",zero source count; no line expected,zero_source_no_line,Retain zero source row; no July line is expected for this item/location.,ea,1,,
2026-07-31,9ca67bed-99ae-4f61-accd-55e616b19049,6d06f443-2045-447b-9256-751696fc6177,4544,2f1081be-3de4-46f0-9af8-8ea1a20145ce,Olive Oil - Extra Virgin,LEMON OLIVE OIL - 500ML (16.5 Oz),persisted resolved_inventory_item_id,,95141bb5-4689-4e37-a117-e0fa94b978b3,Dry Storeroom,"Olive Oil - Extra Virgin Pensato USA, LLC 1 / 0 ML",1/500 ML,1,500,1,ML,Case,0,Pack,0, ML,0,0,0,0,0,0,,,,,,,,,,,,1,,,,,,"zero, no line",zero source count; no line expected,zero_source_no_line,Retain zero source row; no July line is expected for this item/location.,ml,250,,
2026-07-31,9ca67bed-99ae-4f61-accd-55e616b19049,74c004f0-2196-46b1-9d72-b105b365d548,4547,ebc6688b-fe9b-4f2e-b12f-7ef33b6c5a3e,CAPPUCCINO CREAMER Busy bean,30001,persisted resolved_inventory_item_id,afae66e7-bfaa-4b05-9ba3-c867dcc1ba91,287ba8ef-e5f4-4c5b-8fa7-80ea681756f3;afae66e7-bfaa-4b05-9ba3-c867dcc1ba91,Dry Storeroom,CAPPUCCINO CREAMER Busy bean Busy Bean Coffee 1 / 0 Case,1/1 Case,1,1,,CASE,Case,4,Pack,0, Case,0,4,4,4,414.2,414.2,d64272ca-b078-4235-93b4-9e2cbb663000,4e8ab6c4-a708-4f79-b933-1cbdf1049e6f,Dry Storeroom,229577eb-ed5b-49e1-8241-5291b26f9075,ea,4,4,0,0,103.55,414.2,1,0,0,0,0,0,qty/tier/value match,source tier or physical package unit is opaque,unit_ambiguous,Ask operator what the dated Case/Pack/UOM tiers and source total meant; preserve quantities/value; do not infer units from current case size.,ea,1,,
2026-07-31,9ca67bed-99ae-4f61-accd-55e616b19049,fe0fbb1c-eabe-4634-afca-2129c13f2458,4565,50e5d27d-e7bb-420a-85e2-780e2ea9e134,Lemonade,098155,persisted resolved_inventory_item_id,2b4642d7-bfcd-4056-be29-6046b7b30997,2b4642d7-bfcd-4056-be29-6046b7b30997;63c937ed-ecbe-4d94-97d0-a1bdc5005e2d,Dry Storeroom,Lemonade Cheney Brothers 15 / 0 GAL,15/2 GAL,15,2,1,GAL,Case,1,Pack,0, GAL,0,30,30,30,87.09,87.09,d64272ca-b078-4235-93b4-9e2cbb663000,ad9d9881-f7c0-42ab-a370-3a12c2231f34,Dry Storeroom,85555087-8a50-4f1c-be7d-6da71cd57ff6,oz,30,1,0,0,2.903,87.09,1,0,0,0,0,0,qty/tier/value match,source GAL total saved numerically as oz without conversion,saved_unit_mismatch,Review original count unit and valuation/unit-cost identity with operator/PM; preserve approved qty/value pending separate correction authorization.,oz,210,,
2026-07-31,9ca67bed-99ae-4f61-accd-55e616b19049,f0cf0a42-0ef8-4e06-8f3f-b2d0b195db2d,4632,f65ce3b2-2d2b-4135-9e8f-762daacc3973,Vinegar - Sherry,88-00295,persisted resolved_inventory_item_id,adb82a10-b1fa-45fb-baed-1b9322162f74,14702664-cb91-4e25-803e-26105c41bde6;adb82a10-b1fa-45fb-baed-1b9322162f74,Dry Storeroom,Vinegar - Sherry Halperns 1 / 0 750ML,1/1 750ML,1,1,750,ML,Case,4,Pack,0, 750ML,0,4,4,3000,37.6,37.6,d64272ca-b078-4235-93b4-9e2cbb663000,223fa1f7-3c44-4bf1-bc41-9f24ced98b25,Dry Storeroom,85555087-8a50-4f1c-be7d-6da71cd57ff6,oz,4,4,0,0,9.4,37.6,1,0,0,0,0,0,qty/tier/value match,source total 4 differs from parsed pack/tier implication 3000,unit_ambiguous,Ask operator what the dated Case/Pack/UOM tiers and source total meant; preserve quantities/value; do not infer units from current case size.,oz,25.4,,
2026-07-31,9ca67bed-99ae-4f61-accd-55e616b19049,c4e89bca-2221-4d5d-818d-43ac1e0469be,4641,052d6fd9-4248-46a8-9fe7-c288e6fdbd92,San Pellegrino,,persisted resolved_inventory_item_id,,3fba41a5-d6b7-4db8-b57c-3460ee92cefa,Dry Storeroom,San Pellegrino  1 / 0 EA,1/12 EA,1,12,1,EA,Case,1.5,Pack,0, EA,0,18,18,18,37.41,37.41,d64272ca-b078-4235-93b4-9e2cbb663000,9aaf102b-76ac-423f-b346-0901671e72f2,Dry Storeroom,a8bff8f8-9b74-41e8-aa07-d2eb029bf10a,ml,18,1.5,0,0,2.0783334,37.410001,1,0,-0.000001,0,0,0,qty/tier/value match,source EA total saved numerically as ml without conversion,saved_unit_mismatch,Review original count unit and valuation/unit-cost identity with operator/PM; preserve approved qty/value pending separate correction authorization.,ml,11250,,
2026-07-31,9ca67bed-99ae-4f61-accd-55e616b19049,557f9b58-a5a7-4eb7-8100-2978aca77cfa,4645,bf7d61ea-6303-4949-9b35-cd37f8ab8521,Dijon PC,,persisted resolved_inventory_item_id,,0c33ee56-17f5-4ce5-aa5a-5540a824954f,Dry Storeroom,Dijon PC  1 / 0 Case,1/200 Case,1,200,1,EA,Case,0.5,Pack,0, Case,0,100,100,100,12.02,12.02,d64272ca-b078-4235-93b4-9e2cbb663000,ca0dca7c-29c9-46a3-8b83-8356e20552d1,Dry Storeroom,229577eb-ed5b-49e1-8241-5291b26f9075,ea,100,0.5,0,0,0.1202,12.02,1,0,0,0,0,0,qty/tier/value match,source tier or physical package unit is opaque,unit_ambiguous,Ask operator what the dated Case/Pack/UOM tiers and source total meant; preserve quantities/value; do not infer units from current case size.,ea,200,,
2026-07-31,9ca67bed-99ae-4f61-accd-55e616b19049,6713b43d-ba94-476f-94dd-5fed5a3b1526,4652,7734d316-0947-4b52-bd05-aab427c2b26a,shortening cube,,persisted resolved_inventory_item_id,,30bdeb22-5ef1-480b-aa4e-d27627ac6fee,Dry Storeroom,shortening cube  1 / 0 Case,1/50 Case,1,50,1,EA,Case,0,Pack,0, Case,0,0,0,0,0,0,,,,,,,,,,,,1,,,,,,"zero, no line",zero source count; no line expected,zero_source_no_line,Retain zero source row; no July line is expected for this item/location.,ea,50,,
2026-07-31,9ca67bed-99ae-4f61-accd-55e616b19049,eeb719bc-1bf7-44c4-b0cd-13beedb726ed,4659,d701a245-7b2c-436c-a548-41a92ce85b67,Dill - Dried,5228770,persisted resolved_inventory_item_id,6effa554-51ca-4b3b-bff3-75431fd4784f,3daff8fa-492a-49c2-bea8-c74eecca4bdd;6effa554-51ca-4b3b-bff3-75431fd4784f,Dry Storeroom,Dill - Dried Sysco 1 / 0 OZ,1/5 OZ,1,5,1,OZ,Case,1,Pack,0, OZ,0,1,1,5,16.58,16.58,d64272ca-b078-4235-93b4-9e2cbb663000,d975b17a-7d62-45d4-b0b9-4ecf4a13dba7,Dry Storeroom,85555087-8a50-4f1c-be7d-6da71cd57ff6,oz,1,1,0,0,16.58,16.58,1,0,0,0,0,0,qty/tier/value match,source total 1 differs from parsed pack/tier implication 5,unit_ambiguous,Ask operator what the dated Case/Pack/UOM tiers and source total meant; preserve quantities/value; do not infer units from current case size.,oz,1,,
2026-07-31,9ca67bed-99ae-4f61-accd-55e616b19049,6abbb24c-3527-41ee-a7a5-72ca5ef530a6,4674,714b4fec-6ac8-4163-89e4-e92e67eee6c3,Marjoram - Dried,140146,persisted resolved_inventory_item_id,b2c3bc56-2ba3-4391-b5a6-a9d7827b9c87,95724653-21b5-4fdd-ac34-249eff72bf0c;b2c3bc56-2ba3-4391-b5a6-a9d7827b9c87,Dry Storeroom,Marjoram - Dried Cheney Brothers 6 / 0 OZ,6/4 OZ,6,4,1,OZ,Case,2,Pack,0, OZ,0,12,12,48,10.2,10.2,d64272ca-b078-4235-93b4-9e2cbb663000,e96fb57c-9275-4dc8-b87f-c6a56e5c7e8d,Dry Storeroom,85555087-8a50-4f1c-be7d-6da71cd57ff6,oz,12,2,0,0,0.85,10.2,1,0,0,0,0,0,qty/tier/value match,source total 12 differs from parsed pack/tier implication 48,unit_ambiguous,Ask operator what the dated Case/Pack/UOM tiers and source total meant; preserve quantities/value; do not infer units from current case size.,oz,3,,
2026-07-31,9ca67bed-99ae-4f61-accd-55e616b19049,4bf8d510-3cdd-4a5c-ba0b-22933d2a5718,4742,22fa2ae0-8e78-481b-9ac8-e31c6fe00795,BBQ KC Masterpeice,5663695,persisted resolved_inventory_item_id,801a0430-4190-4ef9-b70c-6284fe37bb66,801a0430-4190-4ef9-b70c-6284fe37bb66;811ecc99-2c32-4d5f-abe0-11669dc6ec3f,Dry Storeroom,BBQ KC Masterpeice Sysco 1 / 0 GAL,1/4 GAL,1,4,1,GAL,Case,0.5,Pack,0, GAL,0,2,2,2,24.43,24.43,d64272ca-b078-4235-93b4-9e2cbb663000,fb5d190f-1ded-48b4-ba25-9bda12b3d669,Dry Storeroom,a8bff8f8-9b74-41e8-aa07-d2eb029bf10a,ml,2,0.5,0,0,12.215,24.43,1,0,0,0,0,0,qty/tier/value match,source GAL total saved numerically as ml without conversion,saved_unit_mismatch,Review original count unit and valuation/unit-cost identity with operator/PM; preserve approved qty/value pending separate correction authorization.,ml,15141.64,,
2026-07-31,9ca67bed-99ae-4f61-accd-55e616b19049,cf311294-e7f0-4a97-86ab-b3edcc327190,4771,f3b9bcc7-b4b9-42c3-9429-c9c156cd7169,Apricot - Dried,APRDRY,persisted resolved_inventory_item_id,,0650aa9e-8ec1-4208-ba25-68537aba9149,Dry Storeroom,"Apricot - Dried Harvill's Produce Co., Inc. 1 / 0 LB",1/5 LB,1,5,1,LB,Case,1.5,Pack,0, LB,0,7.5,7.5,7.5,77.48,77.48,d64272ca-b078-4235-93b4-9e2cbb663000,04ceb680-8665-4809-881b-40caf1b1ce3d,Dry Storeroom,85555087-8a50-4f1c-be7d-6da71cd57ff6,oz,7.5,1.5,0,0,10.330667,77.480003,1,0,-0.000002,0,0,0,qty/tier/value match,source LB total saved numerically as oz without conversion,saved_unit_mismatch,Review original count unit and valuation/unit-cost identity with operator/PM; preserve approved qty/value pending separate correction authorization.,oz,160,,
2026-07-31,9ca67bed-99ae-4f61-accd-55e616b19049,f1ab8b1e-4743-4291-a960-65b133dfe0eb,4773,69163edf-e544-4903-aa69-70df7476bcd6,Artichoke - Hearts,4093373,persisted resolved_inventory_item_id,64fd25eb-609b-403b-950c-8300b979d9d5,64fd25eb-609b-403b-950c-8300b979d9d5;673b495d-0998-446b-8d6b-d7b7d5ce0ec6,Dry Storeroom,Artichoke - Hearts Sysco 1 / 0 KG,1/3 KG,1,3,1,KG,Case,0.5,Pack,0, KG,0,1.5,1.5,1.5,7.76,7.76,d64272ca-b078-4235-93b4-9e2cbb663000,f1994298-129d-4a09-aa0d-0d3eb708f714,Dry Storeroom,85555087-8a50-4f1c-be7d-6da71cd57ff6,oz,1.5,0.5,0,0,5.173333,7.76,1,0,0,0,0,0,qty/tier/value match,source KG total saved numerically as oz without conversion,saved_unit_mismatch,Review original count unit and valuation/unit-cost identity with operator/PM; preserve approved qty/value pending separate correction authorization.,oz,634.93134,,
2026-07-31,9ca67bed-99ae-4f61-accd-55e616b19049,5dffb9fa-0a73-4d7a-ae5c-b2f18da10c49,4774,e5e23d06-d348-43bd-af0d-1f74b255424d,Asst Lays Chips,10181414,persisted resolved_inventory_item_id,00425058-a9b7-4078-8e5d-c9fcac7119e4,00425058-a9b7-4078-8e5d-c9fcac7119e4;8144bf5f-5366-4204-b78c-20997795ffc5,Dry Storeroom,Asst Lays Chips Cheney Brothers 1 / 0 EA,1/30 EA,1,30,1,EA,Case,1,Pack,0, EA,0,30,30,30,46.85,46.85,d64272ca-b078-4235-93b4-9e2cbb663000,4290e1b6-b101-4aeb-8ef0-20d6f470e32b,Dry Storeroom,229577eb-ed5b-49e1-8241-5291b26f9075,ea,30,1,0,0,1.5616666,46.849998,1,0,0.000002,0,0,0,qty/tier/value match,source total is in the declared saved unit on this evidence,unit_congruent,Numeric and declared-unit continuity supported; decide current physical package separately.,ea,60,1,60
2026-07-31,9ca67bed-99ae-4f61-accd-55e616b19049,ced164d0-35eb-4bdd-9d80-b48cfa243595,4780,10583111-5a8e-4e29-a610-70b417cb023d,Banana Peppers,122028,persisted resolved_inventory_item_id,61068fc0-80bd-4760-86b2-c62971e63e9e,61068fc0-80bd-4760-86b2-c62971e63e9e;bd1cdd5f-3239-4b9b-8ea7-aaa7d14219ef,Dry Storeroom,Banana Peppers Cheney Brothers 4 / 0 GAL,4/1 GAL,4,1,1,GAL,Case,0.75,Pack,0, GAL,0,3,3,3,36.38,36.38,d64272ca-b078-4235-93b4-9e2cbb663000,8dc2149d-2c80-439d-97aa-d5a262c36b8c,Dry Storeroom,a8bff8f8-9b74-41e8-aa07-d2eb029bf10a,ml,3,0.75,0,0,12.126667,36.380001,1,0,-0.000001,0,0,0,qty/tier/value match,source GAL total saved numerically as ml without conversion,saved_unit_mismatch,Review original count unit and valuation/unit-cost identity with operator/PM; preserve approved qty/value pending separate correction authorization.,ml,3785.41,,
2026-07-31,9ca67bed-99ae-4f61-accd-55e616b19049,67946cf5-92e2-41a4-814c-919f8b0ef8bc,4858,2430d0c3-9041-4987-a9d6-6d6c0d88424c,BONNE-MAMAN HONEY MINI,104060,persisted resolved_inventory_item_id,1c5f9001-f955-4eab-a3aa-976e4ce672d1,1c5f9001-f955-4eab-a3aa-976e4ce672d1;7e6d6a4f-22ed-4658-bc16-f48adceace33,Dry Storeroom,BONNE-MAMAN HONEY MINI Cheney Brothers 60 / 0 EA,60/1 EA,60,1,1,EA,Case,2,Pack,0, EA,0,120,120,120,143.74,143.74,d64272ca-b078-4235-93b4-9e2cbb663000,cc47b7ea-f666-4fd9-880c-7b626a025aba,Dry Storeroom,229577eb-ed5b-49e1-8241-5291b26f9075,ea,120,2,0,0,1.1978333,143.739996,1,0,0.000004,0,0,0,qty/tier/value match,source total is in the declared saved unit on this evidence,unit_congruent,Numeric and declared-unit continuity supported; decide current physical package separately.,ea,60,,
2026-07-31,9ca67bed-99ae-4f61-accd-55e616b19049,400dcdc0-e8fb-400f-8738-73145c4e5330,4863,227e66c3-1250-4754-9f48-d44abbb6934a,Juice - Lemon,096255,persisted resolved_inventory_item_id,dba45920-9d40-4912-82ab-3d97a3ce29a1,165c5b28-96a8-4a29-bb52-1d1c08d15a8d;dba45920-9d40-4912-82ab-3d97a3ce29a1,Dry Storeroom,Juice - Lemon Cheney Brothers 12 / 0 QT,12/1 QT,12,1,1,QT,Case,1,Pack,0, QT,0,12,12,12,40.42,40.42,d64272ca-b078-4235-93b4-9e2cbb663000,2bca15a6-70be-43af-8d77-0d3c1302456c,Dry Storeroom,a8bff8f8-9b74-41e8-aa07-d2eb029bf10a,ml,12,1,0,0,3.3683333,40.42,1,0,0,0,0,0,qty/tier/value match,source QT total saved numerically as ml without conversion,saved_unit_mismatch,Review original count unit and valuation/unit-cost identity with operator/PM; preserve approved qty/value pending separate correction authorization.,ml,15141.64,,
2026-07-31,9ca67bed-99ae-4f61-accd-55e616b19049,a2f2d060-9c43-474a-926f-93fe27654c6e,4992,816f766a-c8cb-4786-8dae-f08b8223e588,TEA TWININGS ENGLISH BRKFST 6/,27032,persisted resolved_inventory_item_id,,c909dc52-230f-42da-8f45-57f7bf2b2695,Dry Storeroom,TEA TWININGS ENGLISH BRKFST 6/ Community Coffee 1 / 0 EA,1/25 EA,1,25,1,EA,Case,0,Pack,0, EA,0,0,0,0,0,0,,,,,,,,,,,,1,,,,,,"zero, no line",zero source count; no line expected,zero_source_no_line,Retain zero source row; no July line is expected for this item/location.,ea,1,,
2026-07-31,9ca67bed-99ae-4f61-accd-55e616b19049,b96fafa1-a690-4bac-8e80-7222b0941a38,4997,2c9f7a4d-3d23-4b74-b9e0-a9b75bea9c2b,Tomato - Canned - Diced,156034,persisted resolved_inventory_item_id,0027a46d-289c-4e8b-8323-950d78255b19,0027a46d-289c-4e8b-8323-950d78255b19;8e939da1-7370-456a-b54f-3b737bfcfae8,Dry Storeroom,Tomato - Canned - Diced Cheney Brothers 6 / 0 OZ,6/111 OZ,6,111,1,OZ,Case,0,Pack,0, OZ,0,0,0,0,0,0,,,,,,,,,,,,1,,,,,,"zero, no line",zero source count; no line expected,zero_source_no_line,Retain zero source row; no July line is expected for this item/location.,oz,613.76697,,
2026-07-31,9ca67bed-99ae-4f61-accd-55e616b19049,f125db14-ebd0-4ac2-9ffa-8f99efdcdcbd,5078,512f9b4b-fd6a-4a23-9dcc-481222671d9b,Tofu - Firm,7104616,persisted resolved_inventory_item_id,ac0b7a43-f089-4f3d-a6ae-da5fb5adeb7b,ac0b7a43-f089-4f3d-a6ae-da5fb5adeb7b;b0a43bcc-48dc-4f9e-a07c-12b521d01677,Front Reach-in Freezer,Tofu - Firm Sysco 12 / 0 OZ,12/16 OZ,12,16,1,OZ,Case,2,Pack,0, OZ,0,24,24,384,37.36,37.36,d64272ca-b078-4235-93b4-9e2cbb663000,9a095b5d-4fb8-4559-bd57-c9082a621b3e,Front Reach-in Freezer,85555087-8a50-4f1c-be7d-6da71cd57ff6,oz,24,2,0,0,1.5566666,37.359998,1,0,0.000002,0,0,0,qty/tier/value match,source total 24 differs from parsed pack/tier implication 384,unit_ambiguous,Ask operator what the dated Case/Pack/UOM tiers and source total meant; preserve quantities/value; do not infer units from current case size.,oz,228,,
2026-07-31,9ca67bed-99ae-4f61-accd-55e616b19049,e1d16f2d-8bfe-463d-8eb1-ef1e72e5e4f3,5084,6d75b0d6-e90f-44c8-9bd5-de9457e6c378,Anniversary Chocolate,,persisted resolved_inventory_item_id,,1f2cc1e0-1f54-40c5-9884-f75e90bdd6b6,Pastry Shop,Anniversary Chocolate  1 / 0.75 Case,1/1 Case,1,1,,CASE,Case,0,Pack,0.75, Case,0,0.75,0.75,0.75,38.49,38.49,d64272ca-b078-4235-93b4-9e2cbb663000,b073891e-e811-4e7c-95e7-3a5a80cc4d9c,Pastry Shop,229577eb-ed5b-49e1-8241-5291b26f9075,ea,0.75,0,0.75,0,51.32,38.49,1,0,0,0,0,0,qty/tier/value match,source tier or physical package unit is opaque,unit_ambiguous,Ask operator what the dated Case/Pack/UOM tiers and source total meant; preserve quantities/value; do not infer units from current case size.,ea,1,,
2026-07-31,9ca67bed-99ae-4f61-accd-55e616b19049,e7c3a18c-70c6-4c36-bc35-c65286923c70,5148,bd2ab004-71f3-4933-8a79-984ca010bf1f,"CURVED GREEN PETALS DUO, WHITE CHOCOLATE, 160 PCS",6261660000,persisted resolved_inventory_item_id,ef42ba67-5da1-42a2-be08-712eb186e947,ee2bb7bc-a612-4c53-b334-367816c4579e;ef42ba67-5da1-42a2-be08-712eb186e947,Pastry Shop,"CURVED GREEN PETALS DUO, WHITE CHOCOLATE, 160 PCS AUI Fine Foods 1 / 0.5 Case",1/1 Case,1,1,,CASE,Case,0,Pack,0.5, Case,0,0.5,0.5,0.5,55.62,55.62,d64272ca-b078-4235-93b4-9e2cbb663000,1a96d040-881b-4941-a6a7-97cc6bb15c41,Pastry Shop,229577eb-ed5b-49e1-8241-5291b26f9075,ea,0.5,0,0.5,0,111.24,55.62,1,0,0,0,0,0,qty/tier/value match,source tier or physical package unit is opaque,unit_ambiguous,Ask operator what the dated Case/Pack/UOM tiers and source total meant; preserve quantities/value; do not infer units from current case size.,ea,1,,
2026-07-31,9ca67bed-99ae-4f61-accd-55e616b19049,06fa5736-69c3-4689-b555-7fdd4922528c,5149,272d3b97-e75c-4ce0-be69-bf1dc15f6cba,Deco Blooming heart,,persisted resolved_inventory_item_id,,8a97ae65-0c3e-4c41-b316-1565b0454242,Pastry Shop,Deco Blooming heart  1 / 0.5 Case,1/1 Case,1,1,,CASE,Case,0,Pack,0.5, Case,0,0.5,0.5,0.5,29.03,29.03,d64272ca-b078-4235-93b4-9e2cbb663000,2dc4bd65-604e-4162-b5fa-89ff9d423889,Pastry Shop,229577eb-ed5b-49e1-8241-5291b26f9075,ea,0.5,0,0.5,0,58.06,29.03,1,0,0,0,0,0,qty/tier/value match,source tier or physical package unit is opaque,unit_ambiguous,Ask operator what the dated Case/Pack/UOM tiers and source total meant; preserve quantities/value; do not infer units from current case size.,ea,1,,
2026-07-31,9ca67bed-99ae-4f61-accd-55e616b19049,42e30ae6-19b8-4519-9fa3-f808cc27314d,5222,3c42efb3-2124-48dc-8d4a-b27cba98aeeb,Praline Croquatine,,persisted resolved_inventory_item_id,,308dfc87-42cd-4e42-8165-6c6c87ab820a,Pastry Shop,Praline Croquatine  1 / 1 Case,1/1 Case,1,1,,CASE,Case,0,Pack,1, Case,0,1,1,1,143.19,143.19,d64272ca-b078-4235-93b4-9e2cbb663000,00e74457-af86-4b8f-9c6c-8c3a3facfbbf,Pastry Shop,229577eb-ed5b-49e1-8241-5291b26f9075,ea,1,0,1,0,143.19,143.19,1,0,0,0,0,0,qty/tier/value match,source tier or physical package unit is opaque,unit_ambiguous,Ask operator what the dated Case/Pack/UOM tiers and source total meant; preserve quantities/value; do not infer units from current case size.,ea,1,,
2026-07-31,9ca67bed-99ae-4f61-accd-55e616b19049,588cdc69-0d43-4e10-b0c6-b4e78d94b2ad,5285,ebc6688b-fe9b-4f2e-b12f-7ef33b6c5a3e,CAPPUCCINO CREAMER Busy bean,30001,persisted resolved_inventory_item_id,afae66e7-bfaa-4b05-9ba3-c867dcc1ba91,287ba8ef-e5f4-4c5b-8fa7-80ea681756f3;afae66e7-bfaa-4b05-9ba3-c867dcc1ba91,Main Kitchen,CAPPUCCINO CREAMER Busy bean Busy Bean Coffee 1 / 0 Case,1/1 Case,1,1,,CASE,Case,0,Pack,0, Case,0,0,0,0,0,0,,,,,,,,,,,,1,,,,,,"zero, no line",zero source count; no line expected,zero_source_no_line,Retain zero source row; no July line is expected for this item/location.,ea,1,,
2026-07-31,9ca67bed-99ae-4f61-accd-55e616b19049,ca8cbc93-5508-415f-aa16-33e156e71777,5323,dfecf9b8-f6f9-4008-950f-9ab35c7eb404,FAIRBANKS SHERRY - 2005687,106811,persisted resolved_inventory_item_id,e62f59a7-e501-40cf-b389-3712cf144ef3,10b9d633-1afc-429e-ae1a-e602f363da9d;e62f59a7-e501-40cf-b389-3712cf144ef3,Main Kitchen,FAIRBANKS SHERRY - 2005687 Southern Glazer's 6 / 0 Case,6/1 Case,6,1,1,EA,Case,0,Pack,0, Case,0,0,0,0,0,0,,,,,,,,,,,,1,,,,,,"zero, no line",zero source count; no line expected,zero_source_no_line,Retain zero source row; no July line is expected for this item/location.,ea,6,,
2026-07-31,9ca67bed-99ae-4f61-accd-55e616b19049,4276b9e3-c757-4af4-8253-6f6ac1d25ab5,5355,2082515d-2b87-4407-b413-1362165c524f,Milk - Whole,4676306,persisted resolved_inventory_item_id,3b6a77c4-f90f-4f7d-8b60-0551243d26ee,07846144-dea3-4b9c-920e-a6a0a36800de;3b6a77c4-f90f-4f7d-8b60-0551243d26ee,Main Kitchen,Milk - Whole Sysco 1 / 0 GAL,1/1 GAL,1,1,1,GAL,Case,0,Pack,0, GAL,0,0,0,0,0,0,,,,,,,,,,,,1,,,,,,"zero, no line",zero source count; no line expected,zero_source_no_line,Retain zero source row; no July line is expected for this item/location.,ml,15141.64,,
2026-07-31,9ca67bed-99ae-4f61-accd-55e616b19049,208d0e3e-a100-4911-ac3e-87121e74410f,5367,2f1081be-3de4-46f0-9af8-8ea1a20145ce,Olive Oil - Extra Virgin,LEMON OLIVE OIL - 500ML (16.5 Oz),persisted resolved_inventory_item_id,,95141bb5-4689-4e37-a117-e0fa94b978b3,Main Kitchen,"Olive Oil - Extra Virgin Pensato USA, LLC 1 / 0 ML",1/500 ML,1,500,1,ML,Case,0,Pack,0, ML,0,0,0,0,0,0,,,,,,,,,,,,1,,,,,,"zero, no line",zero source count; no line expected,zero_source_no_line,Retain zero source row; no July line is expected for this item/location.,ml,250,,
2026-07-31,9ca67bed-99ae-4f61-accd-55e616b19049,2ddee1a4-89ad-4d9e-91fd-f8b5555e2b87,5393,660ff66a-2cb8-4410-85bc-c292572122c8,Potatoes - Red,potblcr,persisted resolved_inventory_item_id,,a3ceceea-688f-4383-a741-528ccb753241;b5c1820f-4145-4733-ad0b-4f1307763709;f38669d3-d556-4e4b-8924-0aff615aeee2,Main Kitchen,"Potatoes - Red Harvill's Produce Co., Inc. 1 / 0 LB",1/50 LB,1,50,1,LB,Case,0,Pack,0, LB,0,0,0,0,0,0,,,,,,,,,,,,1,,,,,,"zero, no line",zero source count; no line expected,zero_source_no_line,Retain zero source row; no July line is expected for this item/location.,oz,800,,
2026-07-31,9ca67bed-99ae-4f61-accd-55e616b19049,28009b65-815a-437a-a998-99667a66de78,5402,052d6fd9-4248-46a8-9fe7-c288e6fdbd92,San Pellegrino,,persisted resolved_inventory_item_id,,3fba41a5-d6b7-4db8-b57c-3460ee92cefa,Main Kitchen,San Pellegrino  1 / 0 EA,1/12 EA,1,12,1,EA,Case,0,Pack,0, EA,0,0,0,0,0,0,,,,,,,,,,,,1,,,,,,"zero, no line",zero source count; no line expected,zero_source_no_line,Retain zero source row; no July line is expected for this item/location.,ml,11250,,
2026-07-31,9ca67bed-99ae-4f61-accd-55e616b19049,09c9c292-ff8d-47e6-bcb9-5a6abcd7968d,5423,e797a4aa-ab7f-4aa2-9a00-b2ea9771224c,Tomato Fried Green,23021,persisted resolved_inventory_item_id,591ae101-a3b4-4ea3-a7ba-76576750ea0b,3d8a4f6b-7f8b-4c10-a2d1-5bdf9f3a987b;591ae101-a3b4-4ea3-a7ba-76576750ea0b,Main Kitchen,Tomato Fried Green Mr. Green's Produce 1 / 0 LB,1/1 LB,1,1,1,LB,Case,0,Pack,0, LB,0,0,0,0,0,0,,,,,,,,,,,,1,,,,,,"zero, no line",zero source count; no line expected,zero_source_no_line,Retain zero source row; no July line is expected for this item/location.,oz,192,,
2026-07-31,9ca67bed-99ae-4f61-accd-55e616b19049,a527fa1a-ff19-4d1f-b2fd-25862f606506,5425,ab085b7e-968f-489a-8441-5d5267a2378b,Tuna,4434235,persisted resolved_inventory_item_id,faa67824-170c-420d-902c-34a1d9d70a7f,c67b9d79-d184-421b-b535-6d21510a8eb6;faa67824-170c-420d-902c-34a1d9d70a7f,Main Kitchen,Tuna Sysco 1 / 0 LB,1/10 LB,1,10,1,LB,Case,0,Pack,0, LB,0,0,0,0,0,0,,,,,,,,,,,,1,,,,,,"zero, no line",zero source count; no line expected,zero_source_no_line,Retain zero source row; no July line is expected for this item/location.,oz,160,,
2026-07-31,9ca67bed-99ae-4f61-accd-55e616b19049,8a704563-b405-431e-bcb3-50ecd3d5062e,5431,686b2d0b-7852-40fe-ae11-2e7c75945858,Veggie Burger,5090992,persisted resolved_inventory_item_id,e03069e7-bfce-4e07-ad0d-0416af2e6de0,5042412e-7249-42da-8246-dc565abfec67;e03069e7-bfce-4e07-ad0d-0416af2e6de0,Main Kitchen,Veggie Burger Sysco 32 / 0 OZ,32/6 OZ,32,6,1,OZ,Case,0,Pack,0, OZ,0,0,0,0,0,0,,,,,,,,,,,,1,,,,,,"zero, no line",zero source count; no line expected,zero_source_no_line,Retain zero source row; no July line is expected for this item/location.,oz,159.5,,
2026-07-31,9ca67bed-99ae-4f61-accd-55e616b19049,38a3f025-4dee-4138-9535-9ad1b66e648f,5475,87812bf0-6ecb-4ae6-81d8-25fb701d17d3,Shrimp - 16-20,shrimp pd 16/20 t/off,persisted resolved_inventory_item_id,,4889659f-b860-4870-b9bf-419a6632cd57,Fish File,Shrimp - 16-20 Samuels and Son Seafood Company 1 / 0 LB,1/1 LB,1,1,1,LB,Case,5,Pack,0, LB,0,5,5,5,43.98,43.98,d64272ca-b078-4235-93b4-9e2cbb663000,0f7f6c2f-abbd-44bf-b21f-0f377edc886d,Fish File,85555087-8a50-4f1c-be7d-6da71cd57ff6,oz,5,5,0,0,8.796,43.98,1,0,0,0,0,0,qty/tier/value match,source LB total saved numerically as oz without conversion,saved_unit_mismatch,Review original count unit and valuation/unit-cost identity with operator/PM; preserve approved qty/value pending separate correction authorization.,oz,160,,
2026-07-31,9ca67bed-99ae-4f61-accd-55e616b19049,b9ceb9d7-3b62-4d15-b230-6d1fb19c38c9,5483,2430d0c3-9041-4987-a9d6-6d6c0d88424c,BONNE-MAMAN HONEY MINI,104060,persisted resolved_inventory_item_id,1c5f9001-f955-4eab-a3aa-976e4ce672d1,1c5f9001-f955-4eab-a3aa-976e4ce672d1;7e6d6a4f-22ed-4658-bc16-f48adceace33,Meeting rooms,BONNE-MAMAN HONEY MINI Cheney Brothers 60 / 0 EA,60/1 EA,60,1,1,EA,Case,3,Pack,0, EA,0,180,180,180,215.61,215.61,d64272ca-b078-4235-93b4-9e2cbb663000,c9106ba6-9a4e-4df0-bbac-2ea19e23b6ed,Meeting rooms,229577eb-ed5b-49e1-8241-5291b26f9075,ea,180,3,0,0,1.1978333,215.609994,1,0,0.000006,0,0,0,qty/tier/value match,source total is in the declared saved unit on this evidence,unit_congruent,Numeric and declared-unit continuity supported; decide current physical package separately.,ea,60,,
2026-07-31,9ca67bed-99ae-4f61-accd-55e616b19049,20f63115-d371-490a-9e98-f3f51b81989c,5513,50e5d27d-e7bb-420a-85e2-780e2ea9e134,Lemonade,098155,persisted resolved_inventory_item_id,2b4642d7-bfcd-4056-be29-6046b7b30997,2b4642d7-bfcd-4056-be29-6046b7b30997;63c937ed-ecbe-4d94-97d0-a1bdc5005e2d,Breakroom,Lemonade Cheney Brothers 15 / 0 GAL,15/2 GAL,15,2,1,GAL,Case,3,Pack,0, GAL,0,90,90,90,261.27,261.27,d64272ca-b078-4235-93b4-9e2cbb663000,e5402e92-f7e7-4f6f-aa17-fbfba57d3e08,Breakroom,85555087-8a50-4f1c-be7d-6da71cd57ff6,oz,90,3,0,0,2.903,261.27,1,0,0,0,0,0,qty/tier/value match,source GAL total saved numerically as oz without conversion,saved_unit_mismatch,Review original count unit and valuation/unit-cost identity with operator/PM; preserve approved qty/value pending separate correction authorization.,oz,210,,
